source_requirement_id,relation_type,target_requirement_id,reason,primary_source_file,primary_source_line,primary_source_format,all_source_files,source_occurrence_count
REQ-ACCESS-001,CONCEPT,REQ-NFR-001,子ども用の主要操作をスマートフォン縦向きで利用可能にするには、スマートフォンを主要利用端末とする非機能要求を前提とする。,requirements_screen_interaction_progress_d1_dependency_integrated_v0_1.md,67,ARROW,requirements_screen_interaction_progress_d1_dependency_integrated_v0_1.md,1
REQ-ACCESS-001,FUNCTION,REQ-PLAYER-001,縦向き画面で利用可能にすべき主要学習操作を定めるには、問題表示、回答表示、判定、次問題への移動という基本的な学習操作が定義されている必要がある。,requirements_screen_interaction_progress_d1_dependency_integrated_v0_1.md,69,ARROW,requirements_screen_interaction_progress_d1_dependency_integrated_v0_1.md,1
REQ-ACCESS-002,PRESENTATION,REQ-ACCESS-001,画面要素を表示領域内へ収める要求は、スマートフォン縦向きを主要な表示条件として扱う要求を前提とする。,requirements_screen_interaction_progress_d1_dependency_integrated_v0_1.md,71,ARROW,requirements_screen_interaction_progress_d1_dependency_integrated_v0_1.md,1
REQ-ACCESS-002,PRESENTATION,REQ-MEDIA-008,画面内に収める対象のうち画像については、スマートフォン画面からはみ出さない表示要求を前提とする。,requirements_screen_interaction_progress_d1_dependency_integrated_v0_1.md,75,ARROW,requirements_screen_interaction_progress_d1_dependency_integrated_v0_1.md,1
REQ-ACCESS-002,PRESENTATION,REQ-PLAYER-004,問題文、画像、表、グラフを画面サイズへ合わせるには、各種問題内容を画面幅に合わせて表示する機能が定義されている必要がある。,requirements_screen_interaction_progress_d1_dependency_integrated_v0_1.md,73,ARROW,requirements_screen_interaction_progress_d1_dependency_integrated_v0_1.md,1
REQ-ACCESS-003,PRESENTATION,REQ-ACCESS-002,文字、ボタン、入力欄を適切な大きさで表示するには、それらが表示領域内に収まるレスポンシブ配置が成立している必要がある。,requirements_screen_interaction_progress_d1_dependency_integrated_v0_1.md,77,ARROW,requirements_screen_interaction_progress_d1_dependency_integrated_v0_1.md,1
REQ-ACCESS-003,PRESENTATION,REQ-PLAYER-002,学習画面の主要判定ボタンについて、スマートフォンで押しやすい大きさと配置が定義されている必要がある。,requirements_screen_interaction_progress_d1_dependency_integrated_v0_1.md,79,ARROW,requirements_screen_interaction_progress_d1_dependency_integrated_v0_1.md,1
REQ-ACCESS-004,PRESENTATION,REQ-MOTIVATION-006,内部状態や判定結果を文字・記号で示すには、内部名称と子ども向け表示名を分離できる必要がある。,requirements_screen_interaction_progress_d1_dependency_integrated_v0_1.md,83,ARROW,requirements_screen_interaction_progress_d1_dependency_integrated_v0_1.md,1
REQ-ACCESS-004,PRESENTATION,REQ-STATUS-001,重要な状態を色以外でも識別可能にするには、問題や教材などの状態を明示的に管理できる必要がある。,requirements_screen_interaction_progress_d1_dependency_integrated_v0_1.md,81,ARROW,requirements_screen_interaction_progress_d1_dependency_integrated_v0_1.md,1
REQ-ACCESS-005,DATA,REQ-MEDIA-006,画像に代替テキストを持たせるには、画像へ代替テキストを設定できる必要がある。,requirements_screen_interaction_progress_d1_dependency_integrated_v0_1.md,85,ARROW,requirements_screen_interaction_progress_d1_dependency_integrated_v0_1.md,1
REQ-ACCESS-005,FUNCTION,REQ-ASSET-004,画像を取得または表示できない場合にも状況を伝えるには、アセット表示失敗時に欠落と代替テキストを表示できる必要がある。,requirements_screen_interaction_progress_d1_dependency_integrated_v0_1.md,87,ARROW,requirements_screen_interaction_progress_d1_dependency_integrated_v0_1.md,1
REQ-ACCESS-006,FUNCTION,REQ-ADMIN-007,主要な管理操作をキーボードでも実行可能にするには、管理画面で実行する保守操作が定義されている必要がある。,requirements_screen_interaction_progress_d1_dependency_integrated_v0_1.md,93,ARROW,requirements_screen_interaction_progress_d1_dependency_integrated_v0_1.md,1
REQ-ACCESS-006,FUNCTION,REQ-PLAYER-001,主要な学習操作をキーボードでも実行可能にするには、基本的な学習操作の流れが定義されている必要がある。,requirements_screen_interaction_progress_d1_dependency_integrated_v0_1.md,91,ARROW,requirements_screen_interaction_progress_d1_dependency_integrated_v0_1.md,1
REQ-ACCESS-006,STRUCTURE,REQ-UI-001,キーボード対応すべき学習操作と管理操作を特定するには、主要機能が学習・印刷・進捗・管理の領域へ整理されている必要がある。,requirements_screen_interaction_progress_d1_dependency_integrated_v0_1.md,89,ARROW,requirements_screen_interaction_progress_d1_dependency_integrated_v0_1.md,1
REQ-ACCESS-007,DATA,REQ-AUDIO-002,音声問題へ文字起こしまたは代替情報を提示するには、音声へ文字起こしを関連付けられる必要がある。,requirements_screen_interaction_progress_d1_dependency_integrated_v0_1.md,95,ARROW,requirements_screen_interaction_progress_d1_dependency_integrated_v0_1.md,1
REQ-ACCESS-007,STRUCTURE,REQ-CATALOG-DIMENSION-002,問題形式上、文字起こしを提示できるかを判断するには、学習内容や技能と問題形式を分離して管理できる必要がある。,requirements_screen_interaction_progress_d1_dependency_integrated_v0_1.md,99,ARROW,requirements_screen_interaction_progress_d1_dependency_integrated_v0_1.md,1
REQ-ACCESS-007,VALIDATION,REQ-COPYRIGHT-003,文字起こしや代替情報を提供できる範囲を判断するには、資料ごとの公開可能・非公開・家庭内限定などの利用範囲が管理されている必要がある。,requirements_screen_interaction_progress_d1_dependency_integrated_v0_1.md,97,ARROW,requirements_screen_interaction_progress_d1_dependency_integrated_v0_1.md,1
REQ-ACCESS-008,FUNCTION,REQ-ACCESS-003,利用者ごとの文字サイズ調整を提供するには、基準となる読み取り・操作しやすい表示サイズが定義されている必要がある。,requirements_screen_interaction_progress_d1_dependency_integrated_v0_1.md,101,ARROW,requirements_screen_interaction_progress_d1_dependency_integrated_v0_1.md,1
REQ-ACCESS-008,PRESENTATION,REQ-ACCESS-002,文字サイズや表示密度を変更しても表示を破綻させないため、画面サイズに応じて要素を表示領域内へ収める仕組みを前提とする。,requirements_screen_interaction_progress_d1_dependency_integrated_v0_1.md,103,ARROW,requirements_screen_interaction_progress_d1_dependency_integrated_v0_1.md,1
REQ-ADMIN-001,DATA,REQ-CONTENT-003,教材、問題、問題集、分類を確認するには、それぞれが分離された管理対象として定義されている必要がある。,requirements_screen_interaction_progress_d3_dependency_integrated_v0_1.md,80,ARROW,requirements_screen_interaction_progress_d3_dependency_integrated_v0_1.md,1
REQ-ADMIN-001,FUNCTION,REQ-CATALOG-005,学校教科と検定の学習分類を共通の参照方式で確認できる必要がある。,requirements_screen_interaction_progress_d3_dependency_integrated_v0_1.md,82,ARROW,requirements_screen_interaction_progress_d3_dependency_integrated_v0_1.md,1
REQ-ADMIN-001,STRUCTURE,REQ-UI-001,管理用画面を提供するには、主要機能領域として管理機能が整理されている必要がある。,requirements_screen_interaction_progress_d3_dependency_integrated_v0_1.md,78,ARROW,requirements_screen_interaction_progress_d3_dependency_integrated_v0_1.md,1
REQ-ADMIN-002,DATA,REQ-PURPOSE-009,編集・公開管理には、表示名、対象問題、出題順、公開状態などを管理できる必要がある。,requirements_screen_interaction_progress_d3_dependency_integrated_v0_1.md,88,ARROW,requirements_screen_interaction_progress_d3_dependency_integrated_v0_1.md,1
REQ-ADMIN-002,FUNCTION,REQ-PURPOSE-005,目的別問題集を作成するには、管理者が問題を明示選択して集合を構成できる必要がある。,requirements_screen_interaction_progress_d3_dependency_integrated_v0_1.md,86,ARROW,requirements_screen_interaction_progress_d3_dependency_integrated_v0_1.md,1
REQ-ADMIN-002,STRUCTURE,REQ-ADMIN-001,目的別問題集を管理するには、管理用画面で教材や問題集を確認できる基礎画面が必要である。,requirements_screen_interaction_progress_d3_dependency_integrated_v0_1.md,84,ARROW,requirements_screen_interaction_progress_d3_dependency_integrated_v0_1.md,1
REQ-ADMIN-002,VALIDATION,REQ-REGISTRATION-COMPLETE-005,公開前に参照先問題の存在、利用可能状態、重複を検証できる必要がある。,requirements_screen_interaction_progress_d3_dependency_integrated_v0_1.md,90,ARROW,requirements_screen_interaction_progress_d3_dependency_integrated_v0_1.md,1
REQ-ADMIN-003,DATA,REQ-QUESTION-001,問題文や解答と分類・出典などのメタデータが分離管理されている必要がある。,requirements_screen_interaction_progress_d3_dependency_integrated_v0_1.md,94,ARROW,requirements_screen_interaction_progress_d3_dependency_integrated_v0_1.md,1
REQ-ADMIN-003,DATA,REQ-TAG-002,問題形式を確認するには、問題形式分類が設定されている必要がある。,requirements_screen_interaction_progress_d3_dependency_integrated_v0_1.md,96,ARROW,requirements_screen_interaction_progress_d3_dependency_integrated_v0_1.md,1
REQ-ADMIN-003,DATA,REQ-VISUAL-004,表示資料と印刷属性を確認するには、資料ごとの表示・印刷・出典情報が管理されている必要がある。,requirements_screen_interaction_progress_d3_dependency_integrated_v0_1.md,98,ARROW,requirements_screen_interaction_progress_d3_dependency_integrated_v0_1.md,1
REQ-ADMIN-003,STRUCTURE,REQ-ADMIN-001,問題の詳細属性を確認するには、管理用画面の基本的な教材・問題参照機能を前提とする。,requirements_screen_interaction_progress_d3_dependency_integrated_v0_1.md,92,ARROW,requirements_screen_interaction_progress_d3_dependency_integrated_v0_1.md,1
REQ-ADMIN-004,DATA,REQ-DASHBOARD-003,問題、教材、目的別問題集、周回、弱点・定着状態の単位で進捗を確認できる必要がある。,requirements_screen_interaction_progress_d3_dependency_integrated_v0_1.md,102,ARROW,requirements_screen_interaction_progress_d3_dependency_integrated_v0_1.md,1
REQ-ADMIN-004,DATA,REQ-MASTERY-001,弱点・定着管理が周回管理と分離された長期学習機能として定義されている必要がある。,requirements_screen_interaction_progress_d3_dependency_integrated_v0_1.md,106,ARROW,requirements_screen_interaction_progress_d3_dependency_integrated_v0_1.md,1
REQ-ADMIN-004,DATA,REQ-PROGRESS-006,目的別問題集固有の実行履歴、達成状況、周回状態を管理できる必要がある。,requirements_screen_interaction_progress_d3_dependency_integrated_v0_1.md,104,ARROW,requirements_screen_interaction_progress_d3_dependency_integrated_v0_1.md,1
REQ-ADMIN-004,STRUCTURE,REQ-ADMIN-001,進捗や履歴を管理画面で確認するには、管理画面の基本構造を前提とする。,requirements_screen_interaction_progress_d3_dependency_integrated_v0_1.md,100,ARROW,requirements_screen_interaction_progress_d3_dependency_integrated_v0_1.md,1
REQ-ADMIN-005,STRUCTURE,REQ-ADMIN-001,教材や問題の検証結果を表示するには、対象データを管理画面から参照できる必要がある。,requirements_screen_interaction_progress_d3_dependency_integrated_v0_1.md,108,ARROW,requirements_screen_interaction_progress_d3_dependency_integrated_v0_1.md,1
REQ-ADMIN-005,VALIDATION,REQ-INTEGRITY-005,検証結果について対象、原因、重大度、推奨対応を表示できる必要がある。,requirements_screen_interaction_progress_d3_dependency_integrated_v0_1.md,112,ARROW,requirements_screen_interaction_progress_d3_dependency_integrated_v0_1.md,1
REQ-ADMIN-005,VALIDATION,REQ-VALIDATION-001,必須項目、ID重複、参照先、集計値、状態を機械検証できる必要がある。,requirements_screen_interaction_progress_d3_dependency_integrated_v0_1.md,110,ARROW,requirements_screen_interaction_progress_d3_dependency_integrated_v0_1.md,1
REQ-ADMIN-006,FUNCTION,REQ-PRINT-NAV-002,教材、目的別問題集、弱点問題、本番形式問題集を印刷対象として選択できる必要がある。,requirements_screen_interaction_progress_d3_dependency_integrated_v0_1.md,116,ARROW,requirements_screen_interaction_progress_d3_dependency_integrated_v0_1.md,1
REQ-ADMIN-006,FUNCTION,REQ-PRINT-NAV-003,問題用紙、解答用紙、解答一覧、解答・解説などの出力物を選択できる必要がある。,requirements_screen_interaction_progress_d3_dependency_integrated_v0_1.md,118,ARROW,requirements_screen_interaction_progress_d3_dependency_integrated_v0_1.md,1
REQ-ADMIN-006,STRUCTURE,REQ-ADMIN-001,印刷対象を管理画面から選択するには、管理画面の基本構造を前提とする。,requirements_screen_interaction_progress_d3_dependency_integrated_v0_1.md,114,ARROW,requirements_screen_interaction_progress_d3_dependency_integrated_v0_1.md,1
REQ-ADMIN-007,FUNCTION,REQ-BACKUP-001,バックアップ操作には、復元可能なバックアップを出力できる必要がある。,requirements_screen_interaction_progress_d3_dependency_integrated_v0_1.md,122,ARROW,requirements_screen_interaction_progress_d3_dependency_integrated_v0_1.md,1
REQ-ADMIN-007,FUNCTION,REQ-RESET-002,リセット操作には、実行履歴、達成状況、周回状態、学習事実全体を分離できる必要がある。,requirements_screen_interaction_progress_d3_dependency_integrated_v0_1.md,126,ARROW,requirements_screen_interaction_progress_d3_dependency_integrated_v0_1.md,1
REQ-ADMIN-007,FUNCTION,REQ-RESTORE-001,復元操作には、対応するバックアップから管理対象データを復元できる必要がある。,requirements_screen_interaction_progress_d3_dependency_integrated_v0_1.md,124,ARROW,requirements_screen_interaction_progress_d3_dependency_integrated_v0_1.md,1
REQ-ADMIN-007,STRUCTURE,REQ-ADMIN-001,保守操作を提供するには、管理用画面の基本構造を前提とする。,requirements_screen_interaction_progress_d3_dependency_integrated_v0_1.md,120,ARROW,requirements_screen_interaction_progress_d3_dependency_integrated_v0_1.md,1
REQ-ADMIN-008,FUNCTION,REQ-ADMIN-007,影響の大きい確認操作を適用する対象として、バックアップ、復元、リセットなどの保守操作が定義されている必要がある。,requirements_screen_interaction_progress_d3_dependency_integrated_v0_1.md,128,ARROW,requirements_screen_interaction_progress_d3_dependency_integrated_v0_1.md,1
REQ-ADMIN-008,PRESENTATION,REQ-RESET-005,学習事実削除時には、削除対象と影響範囲を事前表示し強い確認を要求する必要がある。,requirements_screen_interaction_progress_d3_dependency_integrated_v0_1.md,130,ARROW,requirements_screen_interaction_progress_d3_dependency_integrated_v0_1.md,1
REQ-ADMIN-009,CONCEPT,REQ-SCOPE-003,管理用機能を保護するには、家庭内の管理者による教材作成・管理利用を対象とする前提が必要である。,requirements_screen_interaction_progress_d3_dependency_integrated_v0_1.md,132,ARROW,requirements_screen_interaction_progress_d3_dependency_integrated_v0_1.md,1
REQ-ANSWER-001,STRUCTURE,REQ-QUESTION-001,問題形式に応じた解答方式を定義するため,requirements_answer_scoring_dependency_integrated_v0_1.md,63,ARROW,requirements_answer_scoring_dependency_integrated_v0_1.md,1
REQ-ANSWER-002,DATA,REQ-QUESTION-001,許容解答を問題ごとに保持するため,requirements_answer_scoring_dependency_integrated_v0_1.md,65,ARROW,requirements_answer_scoring_dependency_integrated_v0_1.md,1
REQ-ANSWER-002,FUNCTION,REQ-ANSWER-001,正確一致以外に複数の許容解答を扱うため,requirements_answer_scoring_dependency_integrated_v0_1.md,48,ARROW,requirements_answer_scoring_dependency_integrated_v0_1.md,1
REQ-ANSWER-003,DATA,REQ-QUESTION-001,採点条件を問題ごとに設定するため,requirements_answer_scoring_dependency_integrated_v0_1.md,67,ARROW,requirements_answer_scoring_dependency_integrated_v0_1.md,1
REQ-ANSWER-003,FUNCTION,REQ-ANSWER-001,解答方式ごとの採点条件を追加するため,requirements_answer_scoring_dependency_integrated_v0_1.md,50,ARROW,requirements_answer_scoring_dependency_integrated_v0_1.md,1
REQ-ANSWER-004,FUNCTION,REQ-ANSWER-001,自動判定が適さない解答方式を扱うため,requirements_answer_scoring_dependency_integrated_v0_1.md,52,ARROW,requirements_answer_scoring_dependency_integrated_v0_1.md,1
REQ-ANSWER-004,FUNCTION,REQ-ANSWER-003,手動採点の要否設定に基づいて判定方法を切り替えるため,requirements_answer_scoring_dependency_integrated_v0_1.md,54,ARROW,requirements_answer_scoring_dependency_integrated_v0_1.md,1
REQ-ANSWER-004,REFERENCE,REQ-QUESTION-001,手動判定対象となる問題を識別するため,requirements_answer_scoring_dependency_integrated_v0_1.md,69,ARROW,requirements_answer_scoring_dependency_integrated_v0_1.md,1
REQ-ANSWER-005,DATA,REQ-QUESTION-001,評価基準を問題ごとに関連付けるため,requirements_answer_scoring_dependency_integrated_v0_1.md,71,ARROW,requirements_answer_scoring_dependency_integrated_v0_1.md,1
REQ-ANSWER-005,FUNCTION,REQ-ANSWER-001,評価基準に基づく採点方式を具体化するため,requirements_answer_scoring_dependency_integrated_v0_1.md,56,ARROW,requirements_answer_scoring_dependency_integrated_v0_1.md,1
REQ-ANSWER-005,FUNCTION,REQ-ANSWER-004,手動判定時に複数観点の評価を行うため,requirements_answer_scoring_dependency_integrated_v0_1.md,58,ARROW,requirements_answer_scoring_dependency_integrated_v0_1.md,1
REQ-ASSET-001,STRUCTURE,REQ-VISUAL-001,表示資料の実体を独立したアセットとして識別するには、表示資料を問題本文とは分離したデータとして管理する基本構造が必要である。,requirements_visual_print_file_output_e1_dependency_integrated_v0_1.md,64,TABLE,requirements_visual_print_file_output_e1_dependency_integrated_v0_1.md,1
REQ-ASSET-002,STRUCTURE,REQ-VISUAL-001,,requirements_foundation_dependency_integrated_v0_1.md,38,TABLE,requirements_foundation_dependency_integrated_v0_1.md;requirements_foundation_dependency_integrated_v0_2.md;requirements_foundation_dependency_integrated_v0_3.md,3
REQ-ASSET-003,REFERENCE,REQ-SOURCE-002,アセットの元資料を記録するには、教科書範囲と問題作成・確認に使用した資料を分離して管理できる必要がある。,requirements_visual_print_file_output_e1_dependency_integrated_v0_1.md,66,TABLE,requirements_visual_print_file_output_e1_dependency_integrated_v0_1.md,1
REQ-ASSET-003,STRUCTURE,REQ-ASSET-001,元資料や生成方法を記録するには、記録対象のアセットが一意に識別されている必要がある。,requirements_visual_print_file_output_e1_dependency_integrated_v0_1.md,65,TABLE,requirements_visual_print_file_output_e1_dependency_integrated_v0_1.md,1
REQ-ASSET-004,PRESENTATION,REQ-MEDIA-006,画像欠落時に代替テキストを表示するには、画像へ代替テキストが設定されている必要がある。,requirements_visual_print_file_output_e1_dependency_integrated_v0_1.md,68,TABLE,requirements_visual_print_file_output_e1_dependency_integrated_v0_1.md,1
REQ-ASSET-004,STRUCTURE,REQ-ASSET-001,取得・表示に失敗したアセットを特定するには、アセットが一意に識別されている必要がある。,requirements_visual_print_file_output_e1_dependency_integrated_v0_1.md,67,TABLE,requirements_visual_print_file_output_e1_dependency_integrated_v0_1.md,1
REQ-ASSET-005,STRUCTURE,REQ-STATUS-001,,requirements_foundation_dependency_integrated_v0_1.md,40,TABLE,requirements_foundation_dependency_integrated_v0_1.md;requirements_foundation_dependency_integrated_v0_2.md;requirements_foundation_dependency_integrated_v0_3.md,3
REQ-ASSET-005,STRUCTURE,REQ-VISUAL-001,,requirements_foundation_dependency_integrated_v0_1.md,39,TABLE,requirements_foundation_dependency_integrated_v0_1.md;requirements_foundation_dependency_integrated_v0_2.md;requirements_foundation_dependency_integrated_v0_3.md,3
REQ-ASSET-006,PRESENTATION,REQ-VISUAL-006,画面用・印刷用・縮小表示用の派生を区別するには、画面表示設定と印刷設定を別々に管理できる必要がある。,requirements_visual_print_file_output_e1_dependency_integrated_v0_1.md,70,TABLE,requirements_visual_print_file_output_e1_dependency_integrated_v0_1.md,1
REQ-ASSET-006,STRUCTURE,REQ-ASSET-001,同一アセットの複数派生ファイルを管理するには、派生元となるアセットを一意に識別できる必要がある。,requirements_visual_print_file_output_e1_dependency_integrated_v0_1.md,69,TABLE,requirements_visual_print_file_output_e1_dependency_integrated_v0_1.md,1
REQ-AUDIO-001,REFERENCE,REQ-QUESTION-001,単語・文・会話・長文・指示音声を問題形式と関連付けるため,requirements_mobile_audio_speaking_dependency_integrated_v0_1.md,91,ARROW,requirements_mobile_audio_speaking_dependency_integrated_v0_1.md,1
REQ-AUDIO-001,STRUCTURE,REQ-ASSET-001,音声を問題や教材から参照可能なアセットとして扱うため,requirements_mobile_audio_speaking_dependency_integrated_v0_1.md,89,ARROW,requirements_mobile_audio_speaking_dependency_integrated_v0_1.md,1
REQ-AUDIO-002,DATA,REQ-AUDIO-001,文字起こしを対象音声へ関連付けるため,requirements_mobile_audio_speaking_dependency_integrated_v0_1.md,64,ARROW,requirements_mobile_audio_speaking_dependency_integrated_v0_1.md,1
REQ-AUDIO-002,STRUCTURE,REQ-ASSET-001,音声アセットの付随情報として文字起こしを保持するため,requirements_mobile_audio_speaking_dependency_integrated_v0_1.md,93,ARROW,requirements_mobile_audio_speaking_dependency_integrated_v0_1.md,1
REQ-AUDIO-003,FUNCTION,REQ-AUDIO-001,登録された音声を通常再生または繰り返し再生するため,requirements_mobile_audio_speaking_dependency_integrated_v0_1.md,66,ARROW,requirements_mobile_audio_speaking_dependency_integrated_v0_1.md,1
REQ-AUDIO-003,REFERENCE,REQ-PLAYER-001,学習実行中の音声再生操作として提供するため,requirements_mobile_audio_speaking_dependency_integrated_v0_1.md,95,ARROW,requirements_mobile_audio_speaking_dependency_integrated_v0_1.md,1
REQ-AUDIO-004,FUNCTION,REQ-AUDIO-003,基本再生方式を拡張してシャドーイング等を提供するため,requirements_mobile_audio_speaking_dependency_integrated_v0_1.md,68,ARROW,requirements_mobile_audio_speaking_dependency_integrated_v0_1.md,1
REQ-AUDIO-004,REFERENCE,REQ-PURPOSE-003,学習目的に応じて音声再生方式を選択するため,requirements_mobile_audio_speaking_dependency_integrated_v0_1.md,97,ARROW,requirements_mobile_audio_speaking_dependency_integrated_v0_1.md,1
REQ-AUTHORING-001,FUNCTION,REQ-CONTENT-001,教科書の基本事項から作成した内容を学習に利用するには、問題を採点と進捗記録が可能な再利用単位として管理できる必要がある。,requirements_authoring_registration_tracking_dependency_integrated_v0_1.md,59,TABLE,requirements_authoring_registration_tracking_dependency_integrated_v0_1.md;requirements_authoring_registration_tracking_dependency_integrated_v0_2.md,2
REQ-AUTHORING-001,REFERENCE,REQ-SOURCE-001,教科書の基本事項から問題を作成するには、学校教科の問題へ対応する教科書ページまたは教科書範囲を設定できる必要がある。,requirements_authoring_registration_tracking_dependency_integrated_v0_1.md,60,TABLE,requirements_authoring_registration_tracking_dependency_integrated_v0_1.md;requirements_authoring_registration_tracking_dependency_integrated_v0_2.md,2
REQ-AUTHORING-002,STRUCTURE,REQ-SOURCE-002,ワークやプリントの内容を対応する教科書範囲へ関連付けるには、教科書範囲情報と問題作成・内容確認に使用した資料を別の情報として管理できる必要がある。,requirements_authoring_registration_tracking_dependency_integrated_v0_1.md,61,TABLE,requirements_authoring_registration_tracking_dependency_integrated_v0_1.md;requirements_authoring_registration_tracking_dependency_integrated_v0_2.md,2
REQ-AUTHORING-003,FUNCTION,REQ-SOURCE-007,既存問題と新規資料を照合して不足観点を確認するには、複数教材を照合し、不足している知識・技能・問題形式を確認できる必要がある。,requirements_authoring_registration_tracking_dependency_integrated_v0_1.md,67,TABLE,requirements_authoring_registration_tracking_dependency_integrated_v0_1.md;requirements_authoring_registration_tracking_dependency_integrated_v0_2.md,2
REQ-AUTHORING-003,REFERENCE,REQ-CATALOG-REF-001,既存問題と新規資料を同じ学習内容の単位で照合するには、各問題を1つ以上のカタログ項目へ関連付けられる必要がある。,requirements_authoring_registration_tracking_dependency_integrated_v0_1.md,68,TABLE,requirements_authoring_registration_tracking_dependency_integrated_v0_1.md;requirements_authoring_registration_tracking_dependency_integrated_v0_2.md,2
REQ-AUTHORING-004,REFERENCE,REQ-TAG-001,問題の分類を検証するには、問題へ内容領域を示す分類を設定できる必要がある。,requirements_authoring_registration_tracking_dependency_integrated_v0_1.md,73,TABLE,requirements_authoring_registration_tracking_dependency_integrated_v0_1.md;requirements_authoring_registration_tracking_dependency_integrated_v0_2.md,2
REQ-AUTHORING-004,STRUCTURE,REQ-QUESTION-001,問題作成後に内容、正解、解説、分類、出典を検証するには、問題文、解答、解説、分類・出典などのメタデータを分離して管理できる必要がある。,requirements_authoring_registration_tracking_dependency_integrated_v0_1.md,74,TABLE,requirements_authoring_registration_tracking_dependency_integrated_v0_1.md;requirements_authoring_registration_tracking_dependency_integrated_v0_2.md,2
REQ-AUTHORING-004,VALIDATION,REQ-ANSWER-001,問題の正解を検証するには、問題形式に応じた解答方式および採点方式を定義できる必要がある。,requirements_authoring_registration_tracking_dependency_integrated_v0_1.md,75,TABLE,requirements_authoring_registration_tracking_dependency_integrated_v0_1.md;requirements_authoring_registration_tracking_dependency_integrated_v0_2.md,2
REQ-AUTHORING-004,VALIDATION,REQ-COPYRIGHT-001,問題の出典を検証するには、問題、本文、画像、図表、音声などについて出典と権利状態を管理できる必要がある。,requirements_authoring_registration_tracking_dependency_integrated_v0_1.md,76,TABLE,requirements_authoring_registration_tracking_dependency_integrated_v0_1.md;requirements_authoring_registration_tracking_dependency_integrated_v0_2.md,2
REQ-AUTHORING-005,VALIDATION,REQ-VALIDATION-001,教材登録前に必須項目、参照先、識別子の重複などを機械的に検証するには、それらを対象とする共通の教材登録時検証が必要である。,requirements_authoring_registration_tracking_dependency_integrated_v0_1.md,77,TABLE,requirements_authoring_registration_tracking_dependency_integrated_v0_1.md;requirements_authoring_registration_tracking_dependency_integrated_v0_2.md,2
REQ-AUTHORING-TRACE-001,REFERENCE,REQ-SOURCE-003,教材または問題集の作成に使用した複数の原本や資料を記録するには、1つの問題へ複数の出典資料を関連付けられる必要がある。,requirements_authoring_registration_tracking_dependency_integrated_v0_1.md,69,TABLE,requirements_authoring_registration_tracking_dependency_integrated_v0_1.md;requirements_authoring_registration_tracking_dependency_integrated_v0_2.md,2
REQ-AUTHORING-TRACE-001,STRUCTURE,REQ-SOURCE-002,教材または問題集の作成に使用した原本・資料と対象範囲を記録するには、教科書範囲などの範囲情報と、問題作成・内容確認に使用した資料を分離して管理できる必要がある。,requirements_authoring_registration_tracking_dependency_integrated_v0_1.md,70,TABLE,requirements_authoring_registration_tracking_dependency_integrated_v0_1.md;requirements_authoring_registration_tracking_dependency_integrated_v0_2.md,2
REQ-AUTHORING-TRACE-003,REFERENCE,REQ-QUESTION-004,学校教科教材の対象範囲を作成結果として記録するには、教科、学年、単元、教科書範囲、定期テスト範囲との関係を管理できる必要がある。,requirements_authoring_registration_tracking_dependency_integrated_v0_1.md,78,TABLE,requirements_authoring_registration_tracking_dependency_integrated_v0_1.md;requirements_authoring_registration_tracking_dependency_integrated_v0_2.md,2
REQ-AUTHORING-TRACE-003,REFERENCE,REQ-QUESTION-005,検定教材の対象範囲を作成結果として記録するには、検定種別、級、試験区分、公式出題範囲、出題形式を管理できる必要がある。,requirements_authoring_registration_tracking_dependency_integrated_v0_1.md,79,TABLE,requirements_authoring_registration_tracking_dependency_integrated_v0_1.md;requirements_authoring_registration_tracking_dependency_integrated_v0_2.md,2
REQ-AUTHORING-TRACE-003,REFERENCE,REQ-TAG-002,教材または問題集の問題形式を作成結果として記録するには、各問題へ問題形式を示す分類を設定できる必要がある。,requirements_authoring_registration_tracking_dependency_integrated_v0_1.md,80,TABLE,requirements_authoring_registration_tracking_dependency_integrated_v0_1.md;requirements_authoring_registration_tracking_dependency_integrated_v0_2.md,2
REQ-AUTHORING-TRACE-003,STRUCTURE,REQ-COLLECTION-001,教材または問題集の作成問題数を記録するには、問題集を既存問題を参照する集合として管理できる必要がある。,requirements_authoring_registration_tracking_dependency_integrated_v0_1.md,81,TABLE,requirements_authoring_registration_tracking_dependency_integrated_v0_1.md;requirements_authoring_registration_tracking_dependency_integrated_v0_2.md,2
REQ-AUTHORING-TRACE-004,DATA,REQ-QUALITY-REVIEW-004,人によるレビューの実施結果を記録するには、問題または教材について採用、要修正、保留、不採用などのレビュー状態を管理できる必要がある。,requirements_authoring_registration_tracking_dependency_integrated_v0_1.md,89,TABLE,requirements_authoring_registration_tracking_dependency_integrated_v0_1.md;requirements_authoring_registration_tracking_dependency_integrated_v0_2.md,2
REQ-AUTHORING-TRACE-004,VALIDATION,REQ-AUTHORING-005,教材または問題集について機械検証の実施結果を記録するには、教材登録前に必須項目、参照先、識別子の重複などを機械的に検証できる必要がある。,requirements_authoring_registration_tracking_dependency_integrated_v0_1.md,90,TABLE,requirements_authoring_registration_tracking_dependency_integrated_v0_1.md;requirements_authoring_registration_tracking_dependency_integrated_v0_2.md,2
REQ-AUTHORING-TRACE-005,DATA,REQ-AUTHORING-TRACE-001,問題から作成元教材および対象範囲へ追跡するには、教材または問題集について作成に使用した原本、資料、対象範囲を記録できる必要がある。,requirements_authoring_registration_tracking_dependency_integrated_v0_1.md,91,TABLE,requirements_authoring_registration_tracking_dependency_integrated_v0_1.md;requirements_authoring_registration_tracking_dependency_integrated_v0_2.md,2
REQ-AUTHORING-TRACE-005,DATA,REQ-AUTHORING-TRACE-002,問題から作成方針へ追跡するには、教材または問題集について作成目的および出題方針を記録できる必要がある。,requirements_authoring_registration_tracking_dependency_integrated_v0_1.md,92,TABLE,requirements_authoring_registration_tracking_dependency_integrated_v0_1.md;requirements_authoring_registration_tracking_dependency_integrated_v0_2.md,2
REQ-AUTHORING-TRACE-005,DATA,REQ-AUTHORING-TRACE-004,問題からレビュー記録へ追跡するには、教材または問題集について機械検証および人によるレビューの実施結果を記録できる必要がある。,requirements_authoring_registration_tracking_dependency_integrated_v0_1.md,93,TABLE,requirements_authoring_registration_tracking_dependency_integrated_v0_1.md;requirements_authoring_registration_tracking_dependency_integrated_v0_2.md,2
REQ-AUTHORING-TRACE-006,REFERENCE,REQ-COPYRIGHT-003,非公開資料と公開可能な成果物を区別するには、資料ごとに公開可能、非公開、家庭内限定などの利用範囲を設定できる必要がある。,requirements_authoring_registration_tracking_dependency_integrated_v0_1.md,62,TABLE,requirements_authoring_registration_tracking_dependency_integrated_v0_1.md;requirements_authoring_registration_tracking_dependency_integrated_v0_2.md,2
REQ-AUTHORING-TRACE-006,STRUCTURE,REQ-MEDIA-001,非公開の原本・中間資料と公開可能な問題・解説・自作資料を分離するには、問題作成の根拠となる出典資料と学習者へ表示する資料を分けて管理できる必要がある。,requirements_authoring_registration_tracking_dependency_integrated_v0_1.md,63,TABLE,requirements_authoring_registration_tracking_dependency_integrated_v0_1.md;requirements_authoring_registration_tracking_dependency_integrated_v0_2.md,2
REQ-BACKUP-001,CONCEPT,REQ-DATA-OUTPUT-002,,requirements_backup_restore_dependency_integrated_v0_1.md,31,TABLE,requirements_backup_restore_dependency_integrated_v0_1.md;requirements_data_dependency_integrated_v0_1.md;requirements_data_dependency_integrated_v0_2.md,3
REQ-BACKUP-001,FUNCTION,REQ-DATA-OUTPUT-004,,requirements_backup_restore_dependency_integrated_v0_1.md,32,TABLE,requirements_backup_restore_dependency_integrated_v0_1.md;requirements_remaining_data_dependency_integrated_v0_1.md,2
REQ-BACKUP-002,REFERENCE,REQ-EVENT-001,学習セッションをバックアップ対象へ含めるには、セッションを一意に識別できる必要がある。,requirements_final_group_f3_dependency_integrated_v0_1.md,40,ARROW,requirements_final_group_f3_dependency_integrated_v0_1.md,1
REQ-BACKUP-002,REFERENCE,REQ-EVENT-003,回答イベントをバックアップ対象へ含めるには、回答を事実データとして管理できる必要がある。,requirements_final_group_f3_dependency_integrated_v0_1.md,42,ARROW,requirements_final_group_f3_dependency_integrated_v0_1.md,1
REQ-BACKUP-002,REFERENCE,REQ-ID-004,教材、問題、学習内容カタログなどをバックアップ対象として保持するには、主要管理対象を一意に識別できる必要がある。,requirements_final_group_f3_dependency_integrated_v0_1.md,38,ARROW,requirements_final_group_f3_dependency_integrated_v0_1.md,1
REQ-BACKUP-002,STRUCTURE,REQ-DATA-OUTPUT-001,バックアップ対象を定義するには、通常保存と明示的なバックアップの責務が分離されている必要がある。,requirements_final_group_f3_dependency_integrated_v0_1.md,36,ARROW,requirements_final_group_f3_dependency_integrated_v0_1.md,1
REQ-BACKUP-003,CONCEPT,REQ-EVENT-006,,requirements_backup_restore_dependency_integrated_v0_1.md,44,TABLE,requirements_backup_restore_dependency_integrated_v0_1.md;requirements_data_dependency_integrated_v0_1.md;requirements_data_dependency_integrated_v0_2.md,3
REQ-BACKUP-003,DATA,REQ-CATALOG-PROGRESS-001,,requirements_backup_restore_dependency_integrated_v0_1.md,46,TABLE,requirements_backup_restore_dependency_integrated_v0_1.md;requirements_data_dependency_integrated_v0_1.md;requirements_data_dependency_integrated_v0_2.md,3
REQ-BACKUP-003,DATA,REQ-MASTERY-002,,requirements_backup_restore_dependency_integrated_v0_1.md,45,TABLE,requirements_backup_restore_dependency_integrated_v0_1.md;requirements_data_dependency_integrated_v0_1.md;requirements_data_dependency_integrated_v0_2.md,3
REQ-BACKUP-004,REFERENCE,REQ-SCOPE-001,選択バックアップの対象範囲を指定するには、データや機能の適用範囲を明示できる必要がある。,requirements_final_group_f3_dependency_integrated_v0_1.md,46,ARROW,requirements_final_group_f3_dependency_integrated_v0_1.md,1
REQ-BACKUP-004,STRUCTURE,REQ-BACKUP-002,完全バックアップと選択バックアップを分けるには、バックアップ可能な対象範囲が明確に定義されている必要がある。,requirements_final_group_f3_dependency_integrated_v0_1.md,44,ARROW,requirements_final_group_f3_dependency_integrated_v0_1.md,1
REQ-BACKUP-005,STRUCTURE,REQ-CONTENT-003,,requirements_backup_restore_dependency_integrated_v0_1.md,47,TABLE,requirements_backup_restore_dependency_integrated_v0_1.md;requirements_data_dependency_integrated_v0_1.md;requirements_data_dependency_integrated_v0_2.md,3
REQ-BACKUP-005,VALIDATION,REQ-INTEGRITY-001,,requirements_backup_restore_dependency_integrated_v0_1.md,48,TABLE,requirements_backup_restore_dependency_integrated_v0_1.md;requirements_data_dependency_integrated_v0_1.md;requirements_data_dependency_integrated_v0_2.md,3
REQ-BACKUP-006,REFERENCE,REQ-BACKUP-FORMAT-001,バックアップ形式のバージョンを管理情報へ含めるには、形式版が明示的に管理されている必要がある。,requirements_final_group_f3_dependency_integrated_v0_1.md,54,ARROW,requirements_final_group_f3_dependency_integrated_v0_1.md,1
REQ-BACKUP-006,STRUCTURE,REQ-BACKUP-004,対象範囲や完全・選択の区別を管理情報へ含めるには、バックアップ種別が定義されている必要がある。,requirements_final_group_f3_dependency_integrated_v0_1.md,52,ARROW,requirements_final_group_f3_dependency_integrated_v0_1.md,1
REQ-BACKUP-007,STRUCTURE,REQ-BACKUP-002,バックアップ対象から権利上含められない実体を除外するには、対象データの種類を区別できる必要がある。,requirements_final_group_f3_dependency_integrated_v0_1.md,60,ARROW,requirements_final_group_f3_dependency_integrated_v0_1.md,1
REQ-BACKUP-007,VALIDATION,REQ-COPYRIGHT-001,教材原本や再配布できないファイルを無条件に含めないため、出典と権利状態を管理できる必要がある。,requirements_final_group_f3_dependency_integrated_v0_1.md,56,ARROW,requirements_final_group_f3_dependency_integrated_v0_1.md,1
REQ-BACKUP-007,VALIDATION,REQ-COPYRIGHT-003,バックアップへ含められるファイルの範囲を判断するには、資料ごとに公開可能、非公開、家庭内限定などの利用範囲を設定できる必要がある。,requirements_final_group_f3_dependency_integrated_v0_1.md,58,ARROW,requirements_final_group_f3_dependency_integrated_v0_1.md,1
REQ-BACKUP-008,DATA,REQ-COPYRIGHT-001,,requirements_backup_restore_dependency_integrated_v0_1.md,50,TABLE,requirements_backup_restore_dependency_integrated_v0_1.md;requirements_data_dependency_integrated_v0_1.md;requirements_data_dependency_integrated_v0_2.md,3
REQ-BACKUP-008,FUNCTION,REQ-COPYRIGHT-004,,requirements_backup_restore_dependency_integrated_v0_1.md,51,TABLE,requirements_backup_restore_dependency_integrated_v0_1.md;requirements_data_dependency_integrated_v0_1.md;requirements_data_dependency_integrated_v0_2.md,3
REQ-BACKUP-008,VALIDATION,REQ-ASSET-005,,requirements_backup_restore_dependency_integrated_v0_1.md,49,TABLE,requirements_backup_restore_dependency_integrated_v0_1.md;requirements_data_dependency_integrated_v0_1.md;requirements_data_dependency_integrated_v0_2.md,3
REQ-BACKUP-FORMAT-001,REFERENCE,REQ-SCHEMA-001,形式バージョンごとのデータ構造を管理するには、主要データの必須項目と任意項目が定義されている必要がある。,requirements_final_group_f3_dependency_integrated_v0_1.md,50,ARROW,requirements_final_group_f3_dependency_integrated_v0_1.md,1
REQ-BACKUP-FORMAT-001,STRUCTURE,REQ-DATA-OUTPUT-001,バックアップ形式を版管理するには、バックアップが通常保存とは異なる明示的な出力物である必要がある。,requirements_final_group_f3_dependency_integrated_v0_1.md,48,ARROW,requirements_final_group_f3_dependency_integrated_v0_1.md,1
REQ-BACKUP-FORMAT-002,FUNCTION,REQ-BACKUP-001,,requirements_backup_restore_dependency_integrated_v0_1.md,52,TABLE,requirements_backup_restore_dependency_integrated_v0_1.md;requirements_data_dependency_integrated_v0_1.md;requirements_data_dependency_integrated_v0_2.md,3
REQ-BACKUP-FORMAT-003,DATA,REQ-BACKUP-001,,requirements_backup_restore_dependency_integrated_v0_1.md,55,TABLE,requirements_backup_restore_dependency_integrated_v0_1.md;requirements_data_dependency_integrated_v0_1.md;requirements_data_dependency_integrated_v0_2.md,3
REQ-BACKUP-FORMAT-003,REFERENCE,REQ-ID-005,,requirements_backup_restore_dependency_integrated_v0_1.md,53,TABLE,requirements_backup_restore_dependency_integrated_v0_1.md;requirements_data_dependency_integrated_v0_1.md;requirements_data_dependency_integrated_v0_2.md,3
REQ-BACKUP-FORMAT-003,REFERENCE,REQ-INTEGRITY-001,,requirements_backup_restore_dependency_integrated_v0_1.md,54,TABLE,requirements_backup_restore_dependency_integrated_v0_1.md;requirements_data_dependency_integrated_v0_1.md;requirements_data_dependency_integrated_v0_2.md,3
REQ-BACKUP-FORMAT-004,STRUCTURE,REQ-BACKUP-FORMAT-001,破損や改変を検出する情報を持たせるには、検査情報を含める形式版が定義されている必要がある。,requirements_final_group_f3_dependency_integrated_v0_1.md,62,ARROW,requirements_final_group_f3_dependency_integrated_v0_1.md,1
REQ-BACKUP-FORMAT-004,VALIDATION,REQ-INTEGRITY-002,バックアップの破損や改変による不整合を検出するには、主要データの不整合を検証できる必要がある。,requirements_final_group_f3_dependency_integrated_v0_1.md,64,ARROW,requirements_final_group_f3_dependency_integrated_v0_1.md,1
REQ-BACKUP-FORMAT-005,REFERENCE,REQ-BACKUP-FORMAT-001,バックアップ形式の仕様を文書化するには、対象となる形式バージョンが明示されている必要がある。,requirements_final_group_f3_dependency_integrated_v0_1.md,66,ARROW,requirements_final_group_f3_dependency_integrated_v0_1.md,1
REQ-BACKUP-FORMAT-005,REFERENCE,REQ-MIGRATION-001,形式変更時の変更内容と互換性を記録するには、データ構造変更に対する移行方針を管理できる必要がある。,requirements_final_group_f3_dependency_integrated_v0_1.md,68,ARROW,requirements_final_group_f3_dependency_integrated_v0_1.md,1
REQ-BACKUP-FORMAT-006,REFERENCE,REQ-BACKUP-006,調査時に対象範囲、件数、作成日時などを確認するには、必要な管理情報がバックアップへ含まれている必要がある。,requirements_final_group_f3_dependency_integrated_v0_1.md,72,ARROW,requirements_final_group_f3_dependency_integrated_v0_1.md,1
REQ-BACKUP-FORMAT-006,STRUCTURE,REQ-BACKUP-FORMAT-001,人間が調査可能な形式で確認するには、バックアップの形式と版を識別できる必要がある。,requirements_final_group_f3_dependency_integrated_v0_1.md,70,ARROW,requirements_final_group_f3_dependency_integrated_v0_1.md,1
REQ-BACKUP-FORMAT-007,CONCEPT,REQ-DATA-OUTPUT-004,,requirements_backup_restore_dependency_integrated_v0_1.md,56,TABLE,requirements_backup_restore_dependency_integrated_v0_1.md;requirements_data_dependency_integrated_v0_1.md;requirements_data_dependency_integrated_v0_2.md,3
REQ-BACKUP-FORMAT-007,CONCEPT,REQ-ID-006,,requirements_backup_restore_dependency_integrated_v0_1.md,57,TABLE,requirements_backup_restore_dependency_integrated_v0_1.md;requirements_data_dependency_integrated_v0_1.md;requirements_data_dependency_integrated_v0_2.md,3
REQ-CATALOG-001,CONCEPT,REQ-CONTENT-003,学習内容と出題範囲を体系的に整理したカタログを独立して管理するには、学習内容の分類を問題・問題集などの他概念から分離して管理できる必要がある。,requirements_catalog_mapping_mastery_target_dependency_integrated_v0_1.md,50,TABLE,requirements_catalog_mapping_mastery_target_dependency_integrated_v0_1.md,1
REQ-CATALOG-001,STRUCTURE,REQ-CONTENT-007,学校教科と検定の両方を学習内容カタログで管理するには、それぞれで異なる分類構造を扱える必要がある。,requirements_catalog_mapping_mastery_target_dependency_integrated_v0_1.md,51,TABLE,requirements_catalog_mapping_mastery_target_dependency_integrated_v0_1.md,1
REQ-CATALOG-002,CONCEPT,REQ-CONTENT-003,学習内容カタログを問題データとは独立した正本として扱うには、学習内容の分類と問題を別概念として管理できる必要がある。,requirements_catalog_mapping_mastery_target_dependency_integrated_v0_1.md,52,TABLE,requirements_catalog_mapping_mastery_target_dependency_integrated_v0_1.md,1
REQ-CATALOG-003,STRUCTURE,REQ-CATALOG-001,学校教科の教科・学年・単元・学習項目を階層管理するには、学校教科を含む学習内容カタログが基本管理概念として定義されている必要がある。,requirements_catalog_mapping_mastery_target_dependency_integrated_v0_1.md,59,TABLE,requirements_catalog_mapping_mastery_target_dependency_integrated_v0_1.md,1
REQ-CATALOG-003,STRUCTURE,REQ-CONTENT-007,学校教科固有の階層を管理するには、学習対象ごとに分類階層数や表示名を変更できる必要がある。,requirements_catalog_mapping_mastery_target_dependency_integrated_v0_1.md,60,TABLE,requirements_catalog_mapping_mastery_target_dependency_integrated_v0_1.md,1
REQ-CATALOG-004,STRUCTURE,REQ-CATALOG-001,検定種別・級・試験区分・分野・出題形式・学習項目を階層管理するには、検定を含む学習内容カタログが基本管理概念として定義されている必要がある。,requirements_catalog_mapping_mastery_target_dependency_integrated_v0_1.md,61,TABLE,requirements_catalog_mapping_mastery_target_dependency_integrated_v0_1.md,1
REQ-CATALOG-004,STRUCTURE,REQ-CONTENT-007,検定固有の階層を管理するには、学校教科とは異なる分類構造と表示単位を扱える必要がある。,requirements_catalog_mapping_mastery_target_dependency_integrated_v0_1.md,62,TABLE,requirements_catalog_mapping_mastery_target_dependency_integrated_v0_1.md,1
REQ-CATALOG-005,CONCEPT,REQ-CATALOG-003,学校教科と検定で異なる分類構造を共通方式で扱うには、学校教科カタログの基本階層が定義されている必要がある。,requirements_catalog_mapping_mastery_target_dependency_integrated_v0_1.md,63,TABLE,requirements_catalog_mapping_mastery_target_dependency_integrated_v0_1.md,1
REQ-CATALOG-005,CONCEPT,REQ-CATALOG-004,学校教科と検定で異なる分類構造を共通方式で扱うには、検定カタログの基本階層が定義されている必要がある。,requirements_catalog_mapping_mastery_target_dependency_integrated_v0_1.md,64,TABLE,requirements_catalog_mapping_mastery_target_dependency_integrated_v0_1.md,1
REQ-CATALOG-005,CONCEPT,REQ-CONTENT-005,,requirements_foundation_dependency_integrated_v0_1.md,25,TABLE,requirements_foundation_dependency_integrated_v0_1.md;requirements_foundation_dependency_integrated_v0_2.md;requirements_foundation_dependency_integrated_v0_3.md,3
REQ-CATALOG-006,PRESENTATION,REQ-CATALOG-007,カタログ項目の表示名を属性として管理するには、内部IDと利用者向け表示名が分離されている必要がある。,requirements_catalog_mapping_mastery_target_dependency_integrated_v0_1.md,66,TABLE,requirements_catalog_mapping_mastery_target_dependency_integrated_v0_1.md,1
REQ-CATALOG-006,STRUCTURE,REQ-CATALOG-001,カタログ項目の属性を管理するには、その項目を含む学習内容カタログが基本管理概念として定義されている必要がある。,requirements_catalog_mapping_mastery_target_dependency_integrated_v0_1.md,65,TABLE,requirements_catalog_mapping_mastery_target_dependency_integrated_v0_1.md,1
REQ-CATALOG-006,STRUCTURE,REQ-SCHEMA-001,表示名、説明、親項目、表示順、対象、学年・級、有効状態を管理するには、主要データの必須項目と任意項目を明示的に定義できる必要がある。,requirements_catalog_mapping_mastery_target_dependency_integrated_v0_1.md,67,TABLE,requirements_catalog_mapping_mastery_target_dependency_integrated_v0_1.md,1
REQ-CATALOG-007,CONCEPT,REQ-CONTENT-010,,requirements_foundation_dependency_integrated_v0_1.md,26,TABLE,requirements_foundation_dependency_integrated_v0_1.md;requirements_foundation_dependency_integrated_v0_2.md;requirements_foundation_dependency_integrated_v0_3.md,3
REQ-CATALOG-007,CONCEPT,REQ-ID-003,,requirements_foundation_dependency_integrated_v0_1.md,27,TABLE,requirements_foundation_dependency_integrated_v0_1.md;requirements_foundation_dependency_integrated_v0_2.md;requirements_foundation_dependency_integrated_v0_3.md,3
REQ-CATALOG-007,PRESENTATION,REQ-CONTENT-010,カタログ項目の内部IDと利用者向け表示名を分離するには、主要な学習管理対象について内部識別子と表示名を分離する方針が必要である。,requirements_catalog_mapping_mastery_target_dependency_integrated_v0_1.md,53,TABLE,requirements_catalog_mapping_mastery_target_dependency_integrated_v0_1.md,1
REQ-CATALOG-008,STRUCTURE,REQ-CATALOG-006,階層や表示順をID文字列から推測しないためには、親項目と表示順がカタログ項目の明示的な属性として管理される必要がある。,requirements_catalog_mapping_mastery_target_dependency_integrated_v0_1.md,68,TABLE,requirements_catalog_mapping_mastery_target_dependency_integrated_v0_1.md,1
REQ-CATALOG-008,VALIDATION,REQ-ID-007,カタログ項目の表示順を内部ID文字列から推測しないためには、表示順を明示的な順序情報で管理する共通方針が必要である。,requirements_catalog_mapping_mastery_target_dependency_integrated_v0_1.md,69,TABLE,requirements_catalog_mapping_mastery_target_dependency_integrated_v0_1.md,1
REQ-CATALOG-009,CONCEPT,REQ-CATALOG-002,カタログ項目の統合、分割、名称変更、廃止を参照関係を保ちながら管理するには、学習内容カタログが問題データとは独立した正本として定義されている必要がある。,requirements_catalog_mapping_mastery_target_dependency_integrated_v0_1.md,85,TABLE,requirements_catalog_mapping_mastery_target_dependency_integrated_v0_1.md,1
REQ-CATALOG-009,CONCEPT,REQ-ID-005,,requirements_foundation_dependency_integrated_v0_1.md,62,TABLE,requirements_foundation_dependency_integrated_v0_1.md;requirements_foundation_dependency_integrated_v0_2.md;requirements_foundation_dependency_integrated_v0_3.md,3
REQ-CATALOG-009,DATA,REQ-PROGRESS-001,カタログ変更後も学習履歴との関係を維持するには、問題ごとの進捗が永続的に保存されている必要がある。,requirements_catalog_mapping_mastery_target_dependency_integrated_v0_1.md,88,TABLE,requirements_catalog_mapping_mastery_target_dependency_integrated_v0_1.md,1
REQ-CATALOG-009,REFERENCE,REQ-CATALOG-REF-001,カタログ項目変更後も既存問題との参照関係を維持するには、問題とカタログ項目の基本対応が定義されている必要がある。,requirements_catalog_mapping_mastery_target_dependency_integrated_v0_1.md,86,TABLE,requirements_catalog_mapping_mastery_target_dependency_integrated_v0_1.md;requirements_foundation_dependency_integrated_v0_1.md;requirements_foundation_dependency_integrated_v0_2.md;requirements_foundation_dependency_integrated_v0_3.md,4
REQ-CATALOG-009,REFERENCE,REQ-ID-005,統合、分割、名称変更、廃止後も既存参照を維持するには、公開後に他データから参照される内部IDを原則として変更しない方針が必要である。,requirements_catalog_mapping_mastery_target_dependency_integrated_v0_1.md,87,TABLE,requirements_catalog_mapping_mastery_target_dependency_integrated_v0_1.md,1
REQ-CATALOG-009,STRUCTURE,REQ-STATUS-001,,requirements_foundation_dependency_integrated_v0_1.md,63,TABLE,requirements_foundation_dependency_integrated_v0_1.md;requirements_foundation_dependency_integrated_v0_2.md;requirements_foundation_dependency_integrated_v0_3.md,3
REQ-CATALOG-010,DATA,REQ-CATALOG-AUTHORITY-007,改訂前後のカタログ版を区別するには、旧根拠、新根拠、およびカタログへの影響を追跡できる必要がある。,requirements_catalog_mapping_mastery_target_supplemental_dependency_integrated_v0_1.md,90,ARROW,requirements_catalog_mapping_mastery_target_supplemental_dependency_integrated_v0_1.md,1
REQ-CATALOG-010,FUNCTION,REQ-CATALOG-009,カタログ版の更新時にも既存問題や学習履歴を参照可能な状態で維持するには、カタログ項目の統合、分割、名称変更、廃止時の参照関係を維持できる必要がある。,requirements_catalog_mapping_mastery_target_supplemental_dependency_integrated_v0_1.md,92,ARROW,requirements_catalog_mapping_mastery_target_supplemental_dependency_integrated_v0_1.md,1
REQ-CATALOG-010,STRUCTURE,REQ-CATALOG-002,カタログの版を管理するには、学習内容カタログが問題データから独立した学習内容の正本として定義されている必要がある。,requirements_catalog_mapping_mastery_target_supplemental_dependency_integrated_v0_1.md,86,ARROW,requirements_catalog_mapping_mastery_target_supplemental_dependency_integrated_v0_1.md,1
REQ-CATALOG-010,STRUCTURE,REQ-CATALOG-STRUCTURE-001,学校教科および検定の範囲改訂に対応するには、学校教科では教科と学年、検定では検定種別と級という異なる基本単位を表現できる必要がある。,requirements_catalog_mapping_mastery_target_supplemental_dependency_integrated_v0_1.md,88,ARROW,requirements_catalog_mapping_mastery_target_supplemental_dependency_integrated_v0_1.md,1
REQ-CATALOG-AUTHORITY-001,REFERENCE,REQ-SOURCE-001,カタログ分類の根拠資料を記録するには、教科書範囲などの出典情報を管理対象として参照できる必要がある。,requirements_catalog_mapping_mastery_target_supplemental_dependency_integrated_v0_1.md,46,ARROW,requirements_catalog_mapping_mastery_target_supplemental_dependency_integrated_v0_1.md,1
REQ-CATALOG-AUTHORITY-001,STRUCTURE,REQ-CATALOG-002,分類根拠をカタログ項目へ記録するには、学習内容カタログが問題データから独立した学習内容の正本として定義されている必要がある。,requirements_catalog_mapping_mastery_target_supplemental_dependency_integrated_v0_1.md,44,ARROW,requirements_catalog_mapping_mastery_target_supplemental_dependency_integrated_v0_1.md,1
REQ-CATALOG-AUTHORITY-003,CONCEPT,REQ-CATALOG-AUTHORITY-001,検定の公式資料を優先度別に管理するには、まずカタログ項目へ分類根拠を記録できる共通の根拠管理が必要である。,requirements_catalog_mapping_mastery_target_supplemental_dependency_integrated_v0_1.md,48,ARROW,requirements_catalog_mapping_mastery_target_supplemental_dependency_integrated_v0_1.md,1
REQ-CATALOG-AUTHORITY-003,REFERENCE,REQ-CATALOG-AUTHORITY-006,公式サイト、公式要項、公式過去問などを根拠として扱うには、参照元、参照日、要約、分類上の判断を記録できる必要がある。,requirements_catalog_mapping_mastery_target_supplemental_dependency_integrated_v0_1.md,50,ARROW,requirements_catalog_mapping_mastery_target_supplemental_dependency_integrated_v0_1.md,1
REQ-CATALOG-AUTHORITY-003,STRUCTURE,REQ-CATALOG-004,検定資料の優先度を分類判断へ反映するには、検定種別、級、試験区分、分野などからなる検定カタログが定義されている必要がある。,requirements_catalog_mapping_mastery_target_supplemental_dependency_integrated_v0_1.md,52,ARROW,requirements_catalog_mapping_mastery_target_supplemental_dependency_integrated_v0_1.md,1
REQ-CATALOG-AUTHORITY-004,CONCEPT,REQ-CATALOG-002,既存問題の構成からカタログ分類を逆算しないためには、カタログを問題データから独立した正本として扱う原則が必要である。,requirements_catalog_mapping_mastery_target_supplemental_dependency_integrated_v0_1.md,54,ARROW,requirements_catalog_mapping_mastery_target_supplemental_dependency_integrated_v0_1.md,1
REQ-CATALOG-AUTHORITY-004,CONCEPT,REQ-CATALOG-AUTHORITY-001,既存問題ではなく根拠資料に基づいて分類するには、カタログ項目ごとに分類根拠を記録できる必要がある。,requirements_catalog_mapping_mastery_target_supplemental_dependency_integrated_v0_1.md,56,ARROW,requirements_catalog_mapping_mastery_target_supplemental_dependency_integrated_v0_1.md,1
REQ-CATALOG-AUTHORITY-005,CONCEPT,REQ-CATALOG-002,既存問題に合わせて正本構造を変更しないためには、カタログが問題データから独立した正本である必要がある。,requirements_catalog_mapping_mastery_target_supplemental_dependency_integrated_v0_1.md,58,ARROW,requirements_catalog_mapping_mastery_target_supplemental_dependency_integrated_v0_1.md,1
REQ-CATALOG-AUTHORITY-005,CONCEPT,REQ-CATALOG-AUTHORITY-004,既存問題を後から確定済みカタログへ対応付ける方針は、既存問題の構成から分類を逆算しない原則を前提とする。,requirements_catalog_mapping_mastery_target_supplemental_dependency_integrated_v0_1.md,60,ARROW,requirements_catalog_mapping_mastery_target_supplemental_dependency_integrated_v0_1.md,1
REQ-CATALOG-AUTHORITY-005,FUNCTION,REQ-CATALOG-REF-001,既存問題を確定または承認済みカタログへ後から対応付けるには、問題をカタログ項目へ関連付ける機能が必要である。,requirements_catalog_mapping_mastery_target_supplemental_dependency_integrated_v0_1.md,62,ARROW,requirements_catalog_mapping_mastery_target_supplemental_dependency_integrated_v0_1.md,1
REQ-CATALOG-AUTHORITY-007,DATA,REQ-CATALOG-AUTHORITY-001,旧根拠と新根拠を追跡するには、カタログ項目ごとの分類根拠が記録対象として定義されている必要がある。,requirements_catalog_mapping_mastery_target_supplemental_dependency_integrated_v0_1.md,64,ARROW,requirements_catalog_mapping_mastery_target_supplemental_dependency_integrated_v0_1.md,1
REQ-CATALOG-AUTHORITY-007,FUNCTION,REQ-CATALOG-009,公式情報の改訂によるカタログへの影響を追跡するには、カタログ項目の統合、分割、名称変更、廃止時にも既存参照を維持できる必要がある。,requirements_catalog_mapping_mastery_target_supplemental_dependency_integrated_v0_1.md,68,ARROW,requirements_catalog_mapping_mastery_target_supplemental_dependency_integrated_v0_1.md,1
REQ-CATALOG-AUTHORITY-007,REFERENCE,REQ-CATALOG-AUTHORITY-006,公式情報の改訂前後を比較するには、参照元、参照日、要約、分類上の判断が記録されている必要がある。,requirements_catalog_mapping_mastery_target_supplemental_dependency_integrated_v0_1.md,66,ARROW,requirements_catalog_mapping_mastery_target_supplemental_dependency_integrated_v0_1.md,1
REQ-CATALOG-DIMENSION-001,STRUCTURE,REQ-CATALOG-STRUCTURE-003,,requirements_foundation_dependency_integrated_v0_2.md,40,TABLE,requirements_foundation_dependency_integrated_v0_2.md;requirements_foundation_dependency_integrated_v0_3.md,2
REQ-CATALOG-DIMENSION-001,STRUCTURE,REQ-QUESTION-001,,requirements_foundation_dependency_integrated_v0_2.md,39,TABLE,requirements_foundation_dependency_integrated_v0_2.md;requirements_foundation_dependency_integrated_v0_3.md,2
REQ-CATALOG-DIMENSION-002,STRUCTURE,REQ-CATALOG-DIMENSION-001,,requirements_foundation_dependency_integrated_v0_2.md,41,TABLE,requirements_foundation_dependency_integrated_v0_2.md;requirements_foundation_dependency_integrated_v0_3.md,2
REQ-CATALOG-DIMENSION-003,STRUCTURE,REQ-CATALOG-DIMENSION-001,,requirements_foundation_dependency_integrated_v0_2.md,43,TABLE,requirements_foundation_dependency_integrated_v0_2.md;requirements_foundation_dependency_integrated_v0_3.md,2
REQ-CATALOG-DIMENSION-003,STRUCTURE,REQ-CATALOG-DIMENSION-002,,requirements_foundation_dependency_integrated_v0_2.md,44,TABLE,requirements_foundation_dependency_integrated_v0_2.md;requirements_foundation_dependency_integrated_v0_3.md,2
REQ-CATALOG-DIMENSION-003,STRUCTURE,REQ-QUESTION-001,,requirements_foundation_dependency_integrated_v0_2.md,42,TABLE,requirements_foundation_dependency_integrated_v0_2.md;requirements_foundation_dependency_integrated_v0_3.md,2
REQ-CATALOG-DIMENSION-004,STRUCTURE,REQ-CATALOG-DIMENSION-001,,requirements_foundation_dependency_integrated_v0_2.md,45,TABLE,requirements_foundation_dependency_integrated_v0_2.md;requirements_foundation_dependency_integrated_v0_3.md,2
REQ-CATALOG-DIMENSION-005,STRUCTURE,REQ-CATALOG-DIMENSION-001,,requirements_foundation_dependency_integrated_v0_2.md,46,TABLE,requirements_foundation_dependency_integrated_v0_2.md;requirements_foundation_dependency_integrated_v0_3.md,2
REQ-CATALOG-DIMENSION-005,STRUCTURE,REQ-CATALOG-DIMENSION-002,,requirements_foundation_dependency_integrated_v0_2.md,47,TABLE,requirements_foundation_dependency_integrated_v0_2.md;requirements_foundation_dependency_integrated_v0_3.md,2
REQ-CATALOG-PATH-001,STRUCTURE,REQ-CATALOG-STRUCTURE-003,,requirements_foundation_dependency_integrated_v0_1.md,53,TABLE,requirements_foundation_dependency_integrated_v0_1.md;requirements_foundation_dependency_integrated_v0_2.md;requirements_foundation_dependency_integrated_v0_3.md,3
REQ-CATALOG-PATH-002,CONCEPT,REQ-CATALOG-PATH-001,ある学年または級で新しく追加された内容を判定するには、前学年、下位級、既習範囲との前提関係を区別できる必要がある。,requirements_catalog_mapping_mastery_target_supplemental_dependency_integrated_v0_1.md,74,ARROW,requirements_catalog_mapping_mastery_target_supplemental_dependency_integrated_v0_1.md,1
REQ-CATALOG-PATH-002,DATA,REQ-CATALOG-006,段階ごとの新規追加内容を識別するには、各カタログ項目について対象学年または級を管理できる必要がある。,requirements_catalog_mapping_mastery_target_supplemental_dependency_integrated_v0_1.md,72,ARROW,requirements_catalog_mapping_mastery_target_supplemental_dependency_integrated_v0_1.md,1
REQ-CATALOG-PATH-002,STRUCTURE,REQ-CATALOG-STRUCTURE-001,学年または級ごとの新規学習内容を識別するには、学校教科では教科と学年、検定では検定種別と級という異なる基本単位を表現できる必要がある。,requirements_catalog_mapping_mastery_target_supplemental_dependency_integrated_v0_1.md,70,ARROW,requirements_catalog_mapping_mastery_target_supplemental_dependency_integrated_v0_1.md,1
REQ-CATALOG-PATH-003,DATA,REQ-CATALOG-DIMENSION-002,重点となる知識・技能と問題形式を混同せず識別するには、学習内容および技能と問題形式を分離して管理できる必要がある。,requirements_catalog_mapping_mastery_target_supplemental_dependency_integrated_v0_1.md,80,ARROW,requirements_catalog_mapping_mastery_target_supplemental_dependency_integrated_v0_1.md,1
REQ-CATALOG-PATH-003,STRUCTURE,REQ-CATALOG-STRUCTURE-001,学年または級ごとの重点内容を識別するには、学校教科と検定で異なる段階単位を表現できる必要がある。,requirements_catalog_mapping_mastery_target_supplemental_dependency_integrated_v0_1.md,76,ARROW,requirements_catalog_mapping_mastery_target_supplemental_dependency_integrated_v0_1.md,1
REQ-CATALOG-PATH-003,STRUCTURE,REQ-CATALOG-STRUCTURE-003,段階ごとの重点対象として知識、技能、問題形式を扱うには、これらを階層項目または横断分類として表現できる必要がある。,requirements_catalog_mapping_mastery_target_supplemental_dependency_integrated_v0_1.md,78,ARROW,requirements_catalog_mapping_mastery_target_supplemental_dependency_integrated_v0_1.md,1
REQ-CATALOG-PATH-004,CONCEPT,REQ-CATALOG-PATH-001,次学年、上位級、後続単元への接続を表現するには、学習内容間の前提関係そのものが定義されている必要がある。,requirements_catalog_mapping_mastery_target_supplemental_dependency_integrated_v0_1.md,82,ARROW,requirements_catalog_mapping_mastery_target_supplemental_dependency_integrated_v0_1.md,1
REQ-CATALOG-PATH-004,STRUCTURE,REQ-CATALOG-002,後続内容への接続関係を安定して保持するには、学習内容カタログが問題データから独立した学習内容の正本である必要がある。,requirements_catalog_mapping_mastery_target_supplemental_dependency_integrated_v0_1.md,84,ARROW,requirements_catalog_mapping_mastery_target_supplemental_dependency_integrated_v0_1.md,1
REQ-CATALOG-PATH-005,STRUCTURE,REQ-CATALOG-STRUCTURE-005,,requirements_foundation_dependency_integrated_v0_1.md,54,TABLE,requirements_foundation_dependency_integrated_v0_1.md;requirements_foundation_dependency_integrated_v0_2.md;requirements_foundation_dependency_integrated_v0_3.md,3
REQ-CATALOG-PATH-005,STRUCTURE,REQ-CATALOG-STRUCTURE-006,,requirements_foundation_dependency_integrated_v0_1.md,55,TABLE,requirements_foundation_dependency_integrated_v0_1.md;requirements_foundation_dependency_integrated_v0_2.md;requirements_foundation_dependency_integrated_v0_3.md,3
REQ-CATALOG-PATH-006,REFERENCE,REQ-CATALOG-PATH-001,,requirements_foundation_dependency_integrated_v0_1.md,66,TABLE,requirements_foundation_dependency_integrated_v0_1.md;requirements_foundation_dependency_integrated_v0_2.md;requirements_foundation_dependency_integrated_v0_3.md,3
REQ-CATALOG-PATH-007,REFERENCE,REQ-CATALOG-PATH-001,,requirements_foundation_dependency_integrated_v0_1.md,67,TABLE,requirements_foundation_dependency_integrated_v0_1.md;requirements_foundation_dependency_integrated_v0_2.md;requirements_foundation_dependency_integrated_v0_3.md,3
REQ-CATALOG-PROGRESS-001,DATA,REQ-EVENT-003,,requirements_learning_data_dependency_integrated_v0_1.md,65,TABLE,requirements_learning_data_dependency_integrated_v0_1.md,1
REQ-CATALOG-PROGRESS-001,DATA,REQ-EVENT-004,,requirements_learning_data_dependency_integrated_v0_1.md,66,TABLE,requirements_learning_data_dependency_integrated_v0_1.md,1
REQ-CATALOG-PROGRESS-001,DATA,REQ-EVENT-006,,requirements_data_dependency_integrated_v0_1.md,65,TABLE,requirements_data_dependency_integrated_v0_1.md;requirements_data_dependency_integrated_v0_2.md;requirements_learning_data_dependency_integrated_v0_1.md,3
REQ-CATALOG-PROGRESS-001,REFERENCE,REQ-CATALOG-REF-001,,requirements_data_dependency_integrated_v0_1.md,66,TABLE,requirements_data_dependency_integrated_v0_1.md;requirements_data_dependency_integrated_v0_2.md;requirements_learning_data_dependency_integrated_v0_1.md,3
REQ-CATALOG-PROGRESS-002,CONCEPT,REQ-CATALOG-PROGRESS-004,カタログ項目の定着状況を正しく確認するには、教材や目的別問題集の達成状況と、カタログ項目の定着状況を区別する必要がある。,requirements_catalog_progress_boundary_dependency_integrated_v0_1.md,29,TABLE,requirements_catalog_progress_boundary_dependency_integrated_v0_1.md,1
REQ-CATALOG-PROGRESS-002,DATA,REQ-CATALOG-PROGRESS-001,関連問題数、回答済み・未回答問題数、正解・不正解・パスの実績を確認するには、回答イベントと問題のカタログ参照を用いてカタログ項目ごとの学習実績を集計できる必要がある。,requirements_catalog_progress_boundary_dependency_integrated_v0_1.md,30,TABLE,requirements_catalog_progress_boundary_dependency_integrated_v0_1.md,1
REQ-CATALOG-PROGRESS-002,DATA,REQ-LEARNING-STATE-001,カタログ項目ごとに復習が必要な問題数を確認するには、問題ごとの学習状態について、取り組み状況、復習必要性、長期的定着状態を分離して管理できる必要がある。,requirements_catalog_progress_boundary_dependency_integrated_v0_1.md,31,TABLE,requirements_catalog_progress_boundary_dependency_integrated_v0_1.md,1
REQ-CATALOG-PROGRESS-002,DATA,REQ-MASTERY-002,カタログ項目ごとに現在の定着状況を確認するには、通常教材と目的別問題集の回答イベントを横断して、問題ごとの長期的な定着状態を管理できる必要がある。,requirements_catalog_progress_boundary_dependency_integrated_v0_1.md,32,TABLE,requirements_catalog_progress_boundary_dependency_integrated_v0_1.md,1
REQ-CATALOG-PROGRESS-003,DATA,REQ-CATALOG-PROGRESS-001,,requirements_data_dependency_integrated_v0_1.md,67,TABLE,requirements_data_dependency_integrated_v0_1.md;requirements_data_dependency_integrated_v0_2.md;requirements_learning_data_dependency_integrated_v0_1.md,3
REQ-CATALOG-PROGRESS-003,REFERENCE,REQ-CATALOG-REF-003,,requirements_learning_data_dependency_integrated_v0_1.md,71,TABLE,requirements_learning_data_dependency_integrated_v0_1.md,1
REQ-CATALOG-PROGRESS-003,STRUCTURE,REQ-CATALOG-006,,requirements_data_dependency_integrated_v0_1.md,68,TABLE,requirements_data_dependency_integrated_v0_1.md;requirements_data_dependency_integrated_v0_2.md,2
REQ-CATALOG-PROGRESS-003,STRUCTURE,REQ-CATALOG-STRUCTURE-003,,requirements_learning_data_dependency_integrated_v0_1.md,70,TABLE,requirements_learning_data_dependency_integrated_v0_1.md,1
REQ-CATALOG-PROGRESS-004,CONCEPT,REQ-CATALOG-PROGRESS-001,,requirements_data_dependency_integrated_v0_1.md,70,TABLE,requirements_data_dependency_integrated_v0_1.md;requirements_data_dependency_integrated_v0_2.md,2
REQ-CATALOG-PROGRESS-004,CONCEPT,REQ-MASTERY-002,,requirements_data_dependency_integrated_v0_1.md,71,TABLE,requirements_data_dependency_integrated_v0_1.md;requirements_data_dependency_integrated_v0_2.md;requirements_learning_data_dependency_integrated_v0_1.md,3
REQ-CATALOG-PROGRESS-004,CONCEPT,REQ-PROGRESS-006,,requirements_data_dependency_integrated_v0_1.md,69,TABLE,requirements_data_dependency_integrated_v0_1.md;requirements_data_dependency_integrated_v0_2.md;requirements_learning_data_dependency_integrated_v0_1.md,3
REQ-CATALOG-PROGRESS-004,DATA,REQ-CATALOG-PROGRESS-001,,requirements_learning_data_dependency_integrated_v0_1.md,74,TABLE,requirements_learning_data_dependency_integrated_v0_1.md,1
REQ-CATALOG-PROGRESS-004,REFERENCE,REQ-CATALOG-001,,requirements_data_dependency_integrated_v0_1.md,73,TABLE,requirements_data_dependency_integrated_v0_1.md;requirements_data_dependency_integrated_v0_2.md,2
REQ-CATALOG-PROGRESS-004,REFERENCE,REQ-CATALOG-REF-001,,requirements_data_dependency_integrated_v0_1.md,75,TABLE,requirements_data_dependency_integrated_v0_1.md;requirements_data_dependency_integrated_v0_2.md,2
REQ-CATALOG-PROGRESS-004,REFERENCE,REQ-PURPOSE-001,,requirements_data_dependency_integrated_v0_1.md,72,TABLE,requirements_data_dependency_integrated_v0_1.md;requirements_data_dependency_integrated_v0_2.md,2
REQ-CATALOG-PROGRESS-004,REFERENCE,REQ-QUESTION-001,,requirements_data_dependency_integrated_v0_1.md,74,TABLE,requirements_data_dependency_integrated_v0_1.md;requirements_data_dependency_integrated_v0_2.md,2
REQ-CATALOG-PROGRESS-005,DATA,REQ-CATALOG-PROGRESS-002,学校教科と検定の双方のカタログから同じ学習実績を確認するには、カタログ項目ごとの関連問題数、回答実績、定着状況、復習必要数を確認できる必要がある。,requirements_catalog_progress_boundary_dependency_integrated_v0_1.md,33,TABLE,requirements_catalog_progress_boundary_dependency_integrated_v0_1.md,1
REQ-CATALOG-PROGRESS-005,STRUCTURE,REQ-CATALOG-REF-002,学校教科と検定で重なる学習内容について同じ学習実績を扱うには、1つの問題を複数の学校教科・検定・学習項目へ関連付けられる必要がある。,requirements_catalog_progress_boundary_dependency_integrated_v0_1.md,34,TABLE,requirements_catalog_progress_boundary_dependency_integrated_v0_1.md,1
REQ-CATALOG-PROGRESS-006,DATA,REQ-CATALOG-PROGRESS-002,先取り、復習、検定対策の候補を提示するには、カタログ項目ごとの回答実績、定着状況、復習必要数を確認できる必要がある。,requirements_catalog_progress_boundary_dependency_integrated_v0_1.md,35,TABLE,requirements_catalog_progress_boundary_dependency_integrated_v0_1.md,1
REQ-CATALOG-PROGRESS-006,DATA,REQ-LEARNING-STATE-001,復習候補を提示するには、問題ごとの取り組み状況、復習必要性、長期的定着状態を分離して管理できる必要がある。,requirements_catalog_progress_boundary_dependency_integrated_v0_1.md,36,TABLE,requirements_catalog_progress_boundary_dependency_integrated_v0_1.md,1
REQ-CATALOG-PROGRESS-006,REFERENCE,REQ-CATALOG-PATH-004,先取り候補を提示するには、現在の学習内容から次学年、上位級、後続単元への接続関係を参照できる必要がある。,requirements_catalog_progress_boundary_dependency_integrated_v0_1.md,37,TABLE,requirements_catalog_progress_boundary_dependency_integrated_v0_1.md,1
REQ-CATALOG-PROGRESS-006,REFERENCE,REQ-CATALOG-REF-002,学校教科の学習実績を利用して検定対策候補を提示するには、1つの問題を学校教科と検定の複数カタログへ関連付けられる必要がある。,requirements_catalog_progress_boundary_dependency_integrated_v0_1.md,38,TABLE,requirements_catalog_progress_boundary_dependency_integrated_v0_1.md,1
REQ-CATALOG-REF-001,REFERENCE,REQ-CATALOG-006,問題から参照するカタログ項目について、表示名、親項目、対象、有効状態などを持つ管理対象として定義されている必要がある。,requirements_catalog_mapping_mastery_target_dependency_integrated_v0_1.md,70,TABLE,requirements_catalog_mapping_mastery_target_dependency_integrated_v0_1.md,1
REQ-CATALOG-REF-001,REFERENCE,REQ-QUESTION-001,各問題をカタログ項目へ関連付けるには、問題が独立した管理対象として定義されている必要がある。,requirements_catalog_mapping_mastery_target_dependency_integrated_v0_1.md,71,TABLE,requirements_catalog_mapping_mastery_target_dependency_integrated_v0_1.md,1
REQ-CATALOG-REF-001,STRUCTURE,REQ-CATALOG-005,,requirements_foundation_dependency_integrated_v0_1.md,42,TABLE,requirements_foundation_dependency_integrated_v0_1.md;requirements_foundation_dependency_integrated_v0_2.md;requirements_foundation_dependency_integrated_v0_3.md,3
REQ-CATALOG-REF-001,STRUCTURE,REQ-QUESTION-001,,requirements_foundation_dependency_integrated_v0_1.md,41,TABLE,requirements_foundation_dependency_integrated_v0_1.md;requirements_foundation_dependency_integrated_v0_2.md;requirements_foundation_dependency_integrated_v0_3.md,3
REQ-CATALOG-REF-002,CONCEPT,REQ-CATALOG-REF-001,1つの問題を複数の学校教科・検定・学習項目へ関連付けるには、問題とカタログ項目の基本的な対応関係が定義されている必要がある。,requirements_catalog_mapping_mastery_target_dependency_integrated_v0_1.md,73,TABLE,requirements_catalog_mapping_mastery_target_dependency_integrated_v0_1.md,1
REQ-CATALOG-REF-002,CONCEPT,REQ-QUESTION-003,1つの問題を学校教科と検定の両方へ関連付けるには、問題が学校教科、検定、または両方に関連することを表現できる必要がある。,requirements_catalog_mapping_mastery_target_dependency_integrated_v0_1.md,74,TABLE,requirements_catalog_mapping_mastery_target_dependency_integrated_v0_1.md,1
REQ-CATALOG-REF-002,STRUCTURE,REQ-CATALOG-005,学校教科と検定をまたいで複数のカタログ項目へ関連付けるには、異なる分類構造を共通方式で扱える必要がある。,requirements_catalog_mapping_mastery_target_dependency_integrated_v0_1.md,72,TABLE,requirements_catalog_mapping_mastery_target_dependency_integrated_v0_1.md;requirements_foundation_dependency_integrated_v0_1.md;requirements_foundation_dependency_integrated_v0_2.md;requirements_foundation_dependency_integrated_v0_3.md,4
REQ-CATALOG-REF-002,STRUCTURE,REQ-QUESTION-001,,requirements_foundation_dependency_integrated_v0_1.md,43,TABLE,requirements_foundation_dependency_integrated_v0_1.md;requirements_foundation_dependency_integrated_v0_2.md;requirements_foundation_dependency_integrated_v0_3.md,3
REQ-CATALOG-REF-003,CONCEPT,REQ-CATALOG-REF-001,1つのカタログ項目へ複数の問題を関連付けるには、問題とカタログ項目の基本的な対応関係が定義されている必要がある。,requirements_catalog_mapping_mastery_target_dependency_integrated_v0_1.md,75,TABLE,requirements_catalog_mapping_mastery_target_dependency_integrated_v0_1.md,1
REQ-CATALOG-REF-003,STRUCTURE,REQ-CATALOG-005,,requirements_foundation_dependency_integrated_v0_1.md,46,TABLE,requirements_foundation_dependency_integrated_v0_1.md;requirements_foundation_dependency_integrated_v0_2.md;requirements_foundation_dependency_integrated_v0_3.md,3
REQ-CATALOG-REF-003,STRUCTURE,REQ-QUESTION-001,,requirements_foundation_dependency_integrated_v0_1.md,45,TABLE,requirements_foundation_dependency_integrated_v0_1.md;requirements_foundation_dependency_integrated_v0_2.md;requirements_foundation_dependency_integrated_v0_3.md,3
REQ-CATALOG-REF-004,STRUCTURE,REQ-CATALOG-REF-001,主対象、補助対象、前提知識などの対応役割を区別するには、問題とカタログ項目の基本対応に役割属性を追加できる必要がある。,requirements_catalog_mapping_mastery_target_dependency_integrated_v0_1.md,76,TABLE,requirements_catalog_mapping_mastery_target_dependency_integrated_v0_1.md,1
REQ-CATALOG-REF-004,STRUCTURE,REQ-CATALOG-STRUCTURE-003,,requirements_foundation_dependency_integrated_v0_1.md,47,TABLE,requirements_foundation_dependency_integrated_v0_1.md;requirements_foundation_dependency_integrated_v0_2.md;requirements_foundation_dependency_integrated_v0_3.md,3
REQ-CATALOG-REF-005,STRUCTURE,REQ-CATALOG-005,,requirements_foundation_dependency_integrated_v0_1.md,48,TABLE,requirements_foundation_dependency_integrated_v0_1.md;requirements_foundation_dependency_integrated_v0_2.md;requirements_foundation_dependency_integrated_v0_3.md,3
REQ-CATALOG-REF-005,STRUCTURE,REQ-STATUS-001,,requirements_foundation_dependency_integrated_v0_1.md,49,TABLE,requirements_foundation_dependency_integrated_v0_1.md;requirements_foundation_dependency_integrated_v0_2.md;requirements_foundation_dependency_integrated_v0_3.md,3
REQ-CATALOG-REF-005,VALIDATION,REQ-CATALOG-006,参照先が有効なカタログ項目であることを確認するには、カタログ項目に有効状態を管理できる必要がある。,requirements_catalog_mapping_mastery_target_dependency_integrated_v0_1.md,80,TABLE,requirements_catalog_mapping_mastery_target_dependency_integrated_v0_1.md,1
REQ-CATALOG-REF-005,VALIDATION,REQ-CATALOG-REF-001,問題が参照するカタログ項目の登録状態と有効状態を検証するには、問題とカタログ項目の基本的な対応関係が定義されている必要がある。,requirements_catalog_mapping_mastery_target_dependency_integrated_v0_1.md,81,TABLE,requirements_catalog_mapping_mastery_target_dependency_integrated_v0_1.md,1
REQ-CATALOG-REF-005,VALIDATION,REQ-REFERENCE-002,問題が参照するカタログ項目が登録済みであることを要求するには、問題の分類・出典・表示アセットなどの参照先を登録済み対象に限定する共通参照整合性方針が必要である。,requirements_catalog_mapping_mastery_target_dependency_integrated_v0_1.md,82,TABLE,requirements_catalog_mapping_mastery_target_dependency_integrated_v0_1.md,1
REQ-CATALOG-REF-006,FUNCTION,REQ-AUTHORING-004,問題登録・更新時に不正なカタログ参照を自動検出するには、問題作成後に分類などを検証する処理が必要である。,requirements_catalog_mapping_mastery_target_dependency_integrated_v0_1.md,83,TABLE,requirements_catalog_mapping_mastery_target_dependency_integrated_v0_1.md,1
REQ-CATALOG-REF-006,STRUCTURE,REQ-CATALOG-007,,requirements_foundation_dependency_integrated_v0_1.md,50,TABLE,requirements_foundation_dependency_integrated_v0_1.md;requirements_foundation_dependency_integrated_v0_2.md;requirements_foundation_dependency_integrated_v0_3.md,3
REQ-CATALOG-REF-006,VALIDATION,REQ-CATALOG-REF-005,存在しないカタログ項目への参照を自動検出するには、問題が参照できる項目を登録済みかつ有効な項目に限定する検証規則が必要である。,requirements_catalog_mapping_mastery_target_dependency_integrated_v0_1.md,84,TABLE,requirements_catalog_mapping_mastery_target_dependency_integrated_v0_1.md,1
REQ-CATALOG-REF-007,CONCEPT,REQ-CATALOG-009,廃止または置換前に影響範囲を確認するには、カタログ項目の変更時に既存参照を維持する基本方針が定義されている必要がある。,requirements_catalog_mapping_mastery_target_dependency_integrated_v0_1.md,89,TABLE,requirements_catalog_mapping_mastery_target_dependency_integrated_v0_1.md,1
REQ-CATALOG-REF-007,REFERENCE,REQ-CATALOG-PROGRESS-001,カタログ項目の廃止または置換が進捗集計へ与える影響を確認するには、回答イベントと問題のカタログ参照からカタログ単位の実績を集計できる必要がある。,requirements_catalog_mapping_mastery_target_dependency_integrated_v0_1.md,90,TABLE,requirements_catalog_mapping_mastery_target_dependency_integrated_v0_1.md,1
REQ-CATALOG-REF-007,REFERENCE,REQ-CATALOG-REF-003,廃止または置換するカタログ項目から影響を受ける問題を確認するには、1つのカタログ項目へ関連する複数問題をたどれる必要がある。,requirements_catalog_mapping_mastery_target_dependency_integrated_v0_1.md,91,TABLE,requirements_catalog_mapping_mastery_target_dependency_integrated_v0_1.md,1
REQ-CATALOG-REF-007,REFERENCE,REQ-COLLECTION-001,影響を受ける問題集を確認するには、問題集が既存問題を参照する集合として管理されている必要がある。,requirements_catalog_mapping_mastery_target_dependency_integrated_v0_1.md,93,TABLE,requirements_catalog_mapping_mastery_target_dependency_integrated_v0_1.md,1
REQ-CATALOG-REF-007,VALIDATION,REQ-CATALOG-REF-005,廃止または置換後に問題が無効な項目を参照し続けることを防ぐには、問題が参照するカタログ項目を登録済みかつ有効な項目に限定する検証規則が必要である。,requirements_catalog_mapping_mastery_target_dependency_integrated_v0_1.md,92,TABLE,requirements_catalog_mapping_mastery_target_dependency_integrated_v0_1.md,1
REQ-CATALOG-STRUCTURE-001,CONCEPT,REQ-CONTENT-007,学校教科と検定で異なる基本単位を扱うには、学習対象ごとに分類階層数や表示名を変更できるという可変構造の原則が必要である。,requirements_catalog_mapping_mastery_target_supplemental_dependency_integrated_v0_1.md,38,ARROW,requirements_catalog_mapping_mastery_target_supplemental_dependency_integrated_v0_1.md,1
REQ-CATALOG-STRUCTURE-001,STRUCTURE,REQ-CATALOG-001,学校教科と検定で異なる基本単位を定義するには、両者の学習内容と出題範囲を体系的に整理する学習内容カタログ自体が定義されている必要がある。,requirements_catalog_mapping_mastery_target_supplemental_dependency_integrated_v0_1.md,36,ARROW,requirements_catalog_mapping_mastery_target_supplemental_dependency_integrated_v0_1.md,1
REQ-CATALOG-STRUCTURE-002,CONCEPT,REQ-CATALOG-STRUCTURE-001,すべての教科・検定へ同一の固定階層を強制しないためには、学校教科と検定で異なる基本単位を表現できる必要がある。,requirements_catalog_mapping_mastery_target_supplemental_dependency_integrated_v0_1.md,40,ARROW,requirements_catalog_mapping_mastery_target_supplemental_dependency_integrated_v0_1.md,1
REQ-CATALOG-STRUCTURE-002,CONCEPT,REQ-CONTENT-007,固定階層を強制しない方針は、学習対象ごとに分類階層数や表示名を変更できるという学習内容モデルの原則を前提とする。,requirements_catalog_mapping_mastery_target_supplemental_dependency_integrated_v0_1.md,42,ARROW,requirements_catalog_mapping_mastery_target_supplemental_dependency_integrated_v0_1.md,1
REQ-CATALOG-STRUCTURE-004,STRUCTURE,REQ-CATALOG-STRUCTURE-003,,requirements_foundation_dependency_integrated_v0_2.md,38,TABLE,requirements_foundation_dependency_integrated_v0_2.md;requirements_foundation_dependency_integrated_v0_3.md,2
REQ-CATALOG-STRUCTURE-005,CONCEPT,REQ-CONTENT-005,,requirements_foundation_dependency_integrated_v0_1.md,30,TABLE,requirements_foundation_dependency_integrated_v0_1.md;requirements_foundation_dependency_integrated_v0_2.md;requirements_foundation_dependency_integrated_v0_3.md,3
REQ-CATALOG-STRUCTURE-006,CONCEPT,REQ-CATALOG-AUTHORITY-006,,requirements_foundation_dependency_integrated_v0_1.md,31,TABLE,requirements_foundation_dependency_integrated_v0_1.md;requirements_foundation_dependency_integrated_v0_2.md;requirements_foundation_dependency_integrated_v0_3.md,3
REQ-CHILD-001,FUNCTION,REQ-ADMIN-009,子ども用機能と管理用機能を明確に分けるには、権限のない利用者が管理操作を実行できない境界が定義されている必要がある。,requirements_screen_interaction_progress_d2_dependency_integrated_v0_1.md,74,ARROW,requirements_screen_interaction_progress_d2_dependency_integrated_v0_1.md;requirements_screen_interaction_progress_d2_dependency_integrated_v0_2.md,2
REQ-CHILD-001,STRUCTURE,REQ-UI-001,子ども用画面と管理用画面を分離するには、主要機能が学習、印刷、進捗、管理の領域へ整理されている必要がある。,requirements_screen_interaction_progress_d2_dependency_integrated_v0_1.md,72,ARROW,requirements_screen_interaction_progress_d2_dependency_integrated_v0_1.md;requirements_screen_interaction_progress_d2_dependency_integrated_v0_2.md,2
REQ-CHILD-002,DATA,REQ-STATUS-001,実行可能な教材や問題集を判定するには、作成中、利用可能、利用停止などの状態を区別できる必要がある。,requirements_screen_interaction_progress_d2_dependency_integrated_v0_1.md,78,ARROW,requirements_screen_interaction_progress_d2_dependency_integrated_v0_1.md;requirements_screen_interaction_progress_d2_dependency_integrated_v0_2.md,2
REQ-CHILD-002,FUNCTION,REQ-MATERIAL-LOAD-001,学習開始可能な内容として提示するには、教材読込と学習機能初期化の完了を確認してから開始可能にする必要がある。,requirements_screen_interaction_progress_d2_dependency_integrated_v0_1.md,82,ARROW,requirements_screen_interaction_progress_d2_dependency_integrated_v0_1.md;requirements_screen_interaction_progress_d2_dependency_integrated_v0_2.md,2
REQ-CHILD-002,FUNCTION,REQ-MATERIAL-SELECTION-002,実行可能な学習内容を理解しやすく提示するには、現在の学習対象を教材名や対象範囲で表示できる必要がある。,requirements_screen_interaction_progress_d2_dependency_integrated_v0_1.md,80,ARROW,requirements_screen_interaction_progress_d2_dependency_integrated_v0_1.md;requirements_screen_interaction_progress_d2_dependency_integrated_v0_2.md,2
REQ-CHILD-002,STRUCTURE,REQ-CHILD-001,子どもに実行可能な学習内容だけを示すには、子ども用画面が管理用画面から分離されている必要がある。,requirements_screen_interaction_progress_d2_dependency_integrated_v0_1.md,76,ARROW,requirements_screen_interaction_progress_d2_dependency_integrated_v0_1.md;requirements_screen_interaction_progress_d2_dependency_integrated_v0_2.md,2
REQ-CHILD-003,STRUCTURE,REQ-CHILD-002,開始前のボタンや設定項目を最小化するには、その時点で実行可能な学習内容が絞り込まれている必要がある。,requirements_screen_interaction_progress_d2_dependency_integrated_v0_1.md,84,ARROW,requirements_screen_interaction_progress_d2_dependency_integrated_v0_1.md;requirements_screen_interaction_progress_d2_dependency_integrated_v0_2.md,2
REQ-CHILD-004,PRESENTATION,REQ-CONTENT-010,内部IDを子ども用画面へ表示しないためには、内部識別子と利用者向け表示名が分離されている必要がある。,requirements_screen_interaction_progress_d2_dependency_integrated_v0_1.md,88,ARROW,requirements_screen_interaction_progress_d2_dependency_integrated_v0_1.md;requirements_screen_interaction_progress_d2_dependency_integrated_v0_2.md,2
REQ-CHILD-004,PRESENTATION,REQ-MATERIAL-SELECTION-002,管理用の識別情報ではなく理解しやすい教材情報を表示するため、教材名や対象範囲による表示を前提とする。,requirements_screen_interaction_progress_d2_dependency_integrated_v0_1.md,90,ARROW,requirements_screen_interaction_progress_d2_dependency_integrated_v0_1.md;requirements_screen_interaction_progress_d2_dependency_integrated_v0_2.md,2
REQ-CHILD-004,STRUCTURE,REQ-CHILD-001,子ども用画面から管理情報を除外するには、子ども用と管理用の画面役割が分離されている必要がある。,requirements_screen_interaction_progress_d2_dependency_integrated_v0_1.md,86,ARROW,requirements_screen_interaction_progress_d2_dependency_integrated_v0_1.md;requirements_screen_interaction_progress_d2_dependency_integrated_v0_2.md,2
REQ-CHILD-005,FUNCTION,REQ-ADMIN-007,子ども用画面から除外すべき保守操作を特定するには、バックアップ、復元、リセットなどの管理操作が定義されている必要がある。,requirements_screen_interaction_progress_d2_dependency_integrated_v0_1.md,94,ARROW,requirements_screen_interaction_progress_d2_dependency_integrated_v0_1.md;requirements_screen_interaction_progress_d2_dependency_integrated_v0_2.md,2
REQ-CHILD-005,FUNCTION,REQ-ADMIN-009,通常の学習操作から管理操作を排除するには、管理機能への実行権限の境界が定義されている必要がある。,requirements_screen_interaction_progress_d2_dependency_integrated_v0_1.md,96,ARROW,requirements_screen_interaction_progress_d2_dependency_integrated_v0_1.md;requirements_screen_interaction_progress_d2_dependency_integrated_v0_2.md,2
REQ-CHILD-005,STRUCTURE,REQ-CHILD-001,管理操作を通常の子ども用学習画面から除外するには、子ども用画面と管理用画面の役割分離が必要である。,requirements_screen_interaction_progress_d2_dependency_integrated_v0_1.md,92,ARROW,requirements_screen_interaction_progress_d2_dependency_integrated_v0_1.md;requirements_screen_interaction_progress_d2_dependency_integrated_v0_2.md,2
REQ-CHILD-006,DATA,REQ-EVENT-002,実施問題数や未完了状況を表示するには、学習セッションの出題問題と途中終了状態が保存されている必要がある。,requirements_screen_interaction_progress_d2_dependency_integrated_v0_1.md,102,ARROW,requirements_screen_interaction_progress_d2_dependency_integrated_v0_1.md;requirements_screen_interaction_progress_d2_dependency_integrated_v0_2.md,2
REQ-CHILD-006,DATA,REQ-EVENT-005,正解、不正解、パスの件数を表示するには、判定結果としてそれらを区別できる必要がある。,requirements_screen_interaction_progress_d2_dependency_integrated_v0_1.md,98,ARROW,requirements_screen_interaction_progress_d2_dependency_integrated_v0_1.md;requirements_screen_interaction_progress_d2_dependency_integrated_v0_2.md,2
REQ-CHILD-006,DATA,REQ-MASTERY-014,正解数、誤答数、パス数、正答率を表示するには、回答イベントから集計値を再計算できる必要がある。,requirements_screen_interaction_progress_d2_dependency_integrated_v0_1.md,100,ARROW,requirements_screen_interaction_progress_d2_dependency_integrated_v0_1.md;requirements_screen_interaction_progress_d2_dependency_integrated_v0_2.md,2
REQ-CHILD-006,PRESENTATION,REQ-ACCESS-004,学習結果を理解しやすく表示するには、重要な状態や判定を色だけでなく文字や記号でも識別可能にする必要がある。,requirements_screen_interaction_progress_d2_dependency_integrated_v0_1.md,104,ARROW,requirements_screen_interaction_progress_d2_dependency_integrated_v0_1.md;requirements_screen_interaction_progress_d2_dependency_integrated_v0_2.md,2
REQ-CHILD-007,DATA,REQ-RESUME-002,前回の続きとして正しい状態を復元するには、教材、学習モード、問題順、回答済み・未回答問題などを復元できる必要がある。,requirements_screen_interaction_progress_d2_dependency_integrated_v0_1.md,110,ARROW,requirements_screen_interaction_progress_d2_dependency_integrated_v0_1.md;requirements_screen_interaction_progress_d2_dependency_integrated_v0_2.md,2
REQ-CHILD-007,FUNCTION,REQ-RESUME-001,子ども用画面から中断学習を再開するには、途中終了した学習セッションを再開できる必要がある。,requirements_screen_interaction_progress_d2_dependency_integrated_v0_1.md,108,ARROW,requirements_screen_interaction_progress_d2_dependency_integrated_v0_1.md;requirements_screen_interaction_progress_d2_dependency_integrated_v0_2.md,2
REQ-CHILD-007,STRUCTURE,REQ-CHILD-002,前回中断した学習を開始候補として示すには、現在実行可能な学習内容を子ども用画面で提示できる必要がある。,requirements_screen_interaction_progress_d2_dependency_integrated_v0_1.md,106,ARROW,requirements_screen_interaction_progress_d2_dependency_integrated_v0_1.md;requirements_screen_interaction_progress_d2_dependency_integrated_v0_2.md,2
REQ-CHILD-008,DATA,REQ-STATUS-001,作成中、利用停止などを開始候補から除外するには、教材や問題集の状態を区別できる必要がある。,requirements_screen_interaction_progress_d2_dependency_integrated_v0_1.md,114,ARROW,requirements_screen_interaction_progress_d2_dependency_integrated_v0_1.md;requirements_screen_interaction_progress_d2_dependency_integrated_v0_2.md,2
REQ-CHILD-008,FUNCTION,REQ-MATERIAL-SELECTION-006,利用停止中、参照不能、読込不能な教材を開始させず、原因と対応方法を示す機能を前提とする。,requirements_screen_interaction_progress_d2_dependency_integrated_v0_1.md,116,ARROW,requirements_screen_interaction_progress_d2_dependency_integrated_v0_1.md;requirements_screen_interaction_progress_d2_dependency_integrated_v0_2.md,2
REQ-CHILD-008,STRUCTURE,REQ-CHILD-002,開始できない教材を通常候補から除外するには、実行可能な学習内容を判定して提示する仕組みを前提とする。,requirements_screen_interaction_progress_d2_dependency_integrated_v0_1.md,112,ARROW,requirements_screen_interaction_progress_d2_dependency_integrated_v0_1.md;requirements_screen_interaction_progress_d2_dependency_integrated_v0_2.md,2
REQ-CHILD-008,VALIDATION,REQ-INTEGRITY-002,参照不能な教材や問題集を検出するには、存在しない参照や無効な状態値を検査できる必要がある。,requirements_screen_interaction_progress_d2_dependency_integrated_v0_1.md,118,ARROW,requirements_screen_interaction_progress_d2_dependency_integrated_v0_1.md;requirements_screen_interaction_progress_d2_dependency_integrated_v0_2.md,2
REQ-COLLECTION-001,REFERENCE,REQ-CONTENT-002,問題集を既存問題の参照集合として管理するには、同一問題を複数用途から利用し、問題集へ複製しない原則が必要である。,requirements_question_metadata_dependency_integrated_v0_1.md,63,TABLE,requirements_question_metadata_dependency_integrated_v0_1.md,1
REQ-COLLECTION-001,REFERENCE,REQ-ID-004,問題集と参照対象の問題を管理するには、問題および問題集を一意に識別できる必要がある。,requirements_question_metadata_dependency_integrated_v0_1.md,65,TABLE,requirements_question_metadata_dependency_integrated_v0_1.md,1
REQ-COLLECTION-001,STRUCTURE,REQ-CONTENT-003,問題集と問題を参照関係で管理するには、問題と問題集が別概念として分離管理されている必要がある。,requirements_question_metadata_dependency_integrated_v0_1.md,64,TABLE,requirements_question_metadata_dependency_integrated_v0_1.md,1
REQ-COLLECTION-002,STRUCTURE,REQ-COLLECTION-001,明示的に選択した問題で問題集を構成するには、問題集が既存問題の参照集合として管理されている必要がある。,requirements_question_metadata_dependency_integrated_v0_1.md,66,TABLE,requirements_question_metadata_dependency_integrated_v0_1.md,1
REQ-COLLECTION-003,REFERENCE,REQ-CONTENT-008,学習テーマを抽出条件として使用するには、学習テーマが意味的な学習単位として管理されている必要がある。,requirements_question_metadata_dependency_integrated_v0_1.md,118,TABLE,requirements_question_metadata_dependency_integrated_v0_1.md,1
REQ-COLLECTION-003,REFERENCE,REQ-SOURCE-001,出典範囲を抽出条件として使用するには、問題へ教科書ページまたは教科書範囲を関連付けられる必要がある。,requirements_question_metadata_dependency_integrated_v0_1.md,119,TABLE,requirements_question_metadata_dependency_integrated_v0_1.md,1
REQ-COLLECTION-003,REFERENCE,REQ-TAG-002,問題形式を抽出条件として使用するには、問題へ問題形式の分類を設定できる必要がある。,requirements_question_metadata_dependency_integrated_v0_1.md,121,TABLE,requirements_question_metadata_dependency_integrated_v0_1.md,1
REQ-COLLECTION-003,REFERENCE,REQ-TAG-006,難易度を抽出条件として使用するには、問題へ難易度を設定できる必要がある。,requirements_question_metadata_dependency_integrated_v0_1.md,120,TABLE,requirements_question_metadata_dependency_integrated_v0_1.md,1
REQ-COLLECTION-003,STRUCTURE,REQ-COLLECTION-001,抽出条件から問題集を構成するには、問題集が既存問題を参照する集合として管理されている必要がある。,requirements_question_metadata_dependency_integrated_v0_1.md,117,TABLE,requirements_question_metadata_dependency_integrated_v0_1.md,1
REQ-COLLECTION-004,REFERENCE,REQ-SOURCE-001,教科書ページを基準として問題集を構成するには、問題へ教科書ページまたは範囲を関連付けられる必要がある。,requirements_question_metadata_dependency_integrated_v0_1.md,123,TABLE,requirements_question_metadata_dependency_integrated_v0_1.md,1
REQ-COLLECTION-004,REFERENCE,REQ-SOURCE-004,応用・発展問題を教科書ページ基準の問題集へ含めるには、それらの問題へ前提となる教科書範囲と学習テーマを関連付ける必要がある。,requirements_question_metadata_dependency_integrated_v0_1.md,124,TABLE,requirements_question_metadata_dependency_integrated_v0_1.md,1
REQ-COLLECTION-004,REFERENCE,REQ-SOURCE-005,教材補完・応用・発展問題を区別して含めるには、問題の作成区分を管理できる必要がある。,requirements_question_metadata_dependency_integrated_v0_1.md,125,TABLE,requirements_question_metadata_dependency_integrated_v0_1.md,1
REQ-COLLECTION-004,STRUCTURE,REQ-COLLECTION-001,教科書ページ基準の問題集へ補完・応用・発展問題を含めるには、問題集が既存問題を参照する集合として管理されている必要がある。,requirements_question_metadata_dependency_integrated_v0_1.md,122,TABLE,requirements_question_metadata_dependency_integrated_v0_1.md,1
REQ-COMPOSITE-001,STRUCTURE,REQ-QUESTION-001,長文、Eメール、会話文、設問などを1つの問題として構造化するには、問題が独立した管理対象として定義されている必要がある。,requirements_visual_print_file_output_e3_dependency_integrated_v0_1.md,40,TABLE,requirements_visual_print_file_output_e3_dependency_integrated_v0_1.md,1
REQ-COMPOSITE-001,STRUCTURE,REQ-VISUAL-003,複数要素からなる問題を構成するには、長文、画像、表などを共通の表示資料として扱える必要がある。,requirements_visual_print_file_output_e3_dependency_integrated_v0_1.md,41,TABLE,requirements_visual_print_file_output_e3_dependency_integrated_v0_1.md,1
REQ-COMPOSITE-001,STRUCTURE,REQ-VISUAL-005,複数要素を問題内の適切な位置へ配置するには、表示資料を問題文の前後や文中へ配置できる必要がある。,requirements_visual_print_file_output_e3_dependency_integrated_v0_1.md,42,TABLE,requirements_visual_print_file_output_e3_dependency_integrated_v0_1.md,1
REQ-COMPOSITE-002,REFERENCE,REQ-SPACE-001,回答メモ欄を含む面接カードを生成するには、問題ごとの記入スペースを設定できる必要がある。,requirements_visual_print_file_output_e3_dependency_integrated_v0_1.md,45,TABLE,requirements_visual_print_file_output_e3_dependency_integrated_v0_1.md,1
REQ-COMPOSITE-002,STRUCTURE,REQ-COMPOSITE-001,面接カードを構造化して管理するには、複数要素からなる問題の共通構造が必要である。,requirements_visual_print_file_output_e3_dependency_integrated_v0_1.md,43,TABLE,requirements_visual_print_file_output_e3_dependency_integrated_v0_1.md,1
REQ-COMPOSITE-002,STRUCTURE,REQ-MEDIA-004,面接カードへイラストを含めるには、画像を問題の表示資料として扱える必要がある。,requirements_visual_print_file_output_e3_dependency_integrated_v0_1.md,44,TABLE,requirements_visual_print_file_output_e3_dependency_integrated_v0_1.md,1
REQ-COMPOSITE-003,REFERENCE,REQ-SCORING-002,面接カードへ評価基準を関連付けるには、解答・解説や採点根拠を管理できる必要がある。,requirements_visual_print_file_output_e3_dependency_integrated_v0_1.md,47,TABLE,requirements_visual_print_file_output_e3_dependency_integrated_v0_1.md,1
REQ-COMPOSITE-003,STRUCTURE,REQ-COMPOSITE-002,試験官用スクリプトや評価基準を関連付けるには、対象となる面接カードが構造化されている必要がある。,requirements_visual_print_file_output_e3_dependency_integrated_v0_1.md,46,TABLE,requirements_visual_print_file_output_e3_dependency_integrated_v0_1.md,1
REQ-COMPOSITE-004,FUNCTION,REQ-COMPOSITE-002,音声入力とAI評価へ接続するには、評価対象となる面接カードが構造化されている必要がある。,requirements_visual_print_file_output_e3_dependency_integrated_v0_1.md,48,TABLE,requirements_visual_print_file_output_e3_dependency_integrated_v0_1.md,1
REQ-COMPOSITE-004,FUNCTION,REQ-SPEAKING-001,面接カードへ音声入力を接続するには、発話回答を音声として受け付けられる必要がある。,requirements_visual_print_file_output_e3_dependency_integrated_v0_1.md,49,TABLE,requirements_visual_print_file_output_e3_dependency_integrated_v0_1.md,1
REQ-COMPOSITE-004,FUNCTION,REQ-SPEAKING-003,面接回答をAI評価へ接続するには、発話内容を評価する仕組みが必要である。,requirements_visual_print_file_output_e3_dependency_integrated_v0_1.md,50,TABLE,requirements_visual_print_file_output_e3_dependency_integrated_v0_1.md,1
REQ-CONTENT-004,CONCEPT,REQ-CONTENT-002,問題集を利用目的に応じた集合として扱うには、問題を問題集へ複製せず複数用途で再利用できる必要がある。,requirements_scope_architecture_dependency_integrated_v0_1.md,55,TABLE,requirements_scope_architecture_dependency_integrated_v0_1.md,1
REQ-CONTENT-004,CONCEPT,REQ-CONTENT-003,学習分類と問題集の役割を区別するには、分類、問題、問題集が分離された概念である必要がある。,requirements_scope_architecture_dependency_integrated_v0_1.md,54,TABLE,requirements_scope_architecture_dependency_integrated_v0_1.md,1
REQ-CONTENT-006,PRESENTATION,REQ-CONTENT-010,学習者向け画面で管理コードより理解可能な名称を表示するには、内部識別子と利用者向け表示名が分離されている必要がある。,requirements_scope_architecture_dependency_integrated_v0_1.md,59,TABLE,requirements_scope_architecture_dependency_integrated_v0_1.md,1
REQ-CONTENT-007,CONCEPT,REQ-SCOPE-004,学校教科と検定で異なる分類構造を扱う要求は、両者を同一基盤の対象とする要求を前提とする。,requirements_scope_architecture_dependency_integrated_v0_1.md,56,TABLE,requirements_scope_architecture_dependency_integrated_v0_1.md,1
REQ-CONTENT-008,CONCEPT,REQ-CONTENT-003,学習テーマを意味的なまとまりとして管理するには、学習内容の分類を問題や問題集から分離して管理する必要がある。,requirements_scope_architecture_dependency_integrated_v0_1.md,57,TABLE,requirements_scope_architecture_dependency_integrated_v0_1.md,1
REQ-CONTENT-009,CONCEPT,REQ-CONTENT-008,主テーマに副テーマや関連タグを追加するには、まず主となる学習テーマが独立した単位として必要である。,requirements_scope_architecture_dependency_integrated_v0_1.md,58,TABLE,requirements_scope_architecture_dependency_integrated_v0_1.md,1
REQ-COPYRIGHT-001,REFERENCE,REQ-ID-004,問題、本文、画像、図表、音声へ出典と権利状態を関連付けるには、権利情報の対象を一意に識別できる必要がある。,requirements_source_rights_publication_dependency_integrated_v0_1.md,15,TABLE,requirements_source_rights_publication_dependency_integrated_v0_1.md;requirements_source_rights_publication_dependency_integrated_v0_2.md,2
REQ-COPYRIGHT-001,REFERENCE,REQ-REFERENCE-002,出典と権利状態を対象へ関連付けるには、問題が参照する出典や表示アセットが登録済みの参照先である必要がある。,requirements_source_rights_publication_dependency_integrated_v0_1.md,17,TABLE,requirements_source_rights_publication_dependency_integrated_v0_1.md;requirements_source_rights_publication_dependency_integrated_v0_2.md,2
REQ-COPYRIGHT-001,STRUCTURE,REQ-QUESTION-001,問題の出典と権利状態を管理するには、出典などのメタデータを問題本体から分離管理できる必要がある。,requirements_source_rights_publication_dependency_integrated_v0_1.md,16,TABLE,requirements_source_rights_publication_dependency_integrated_v0_1.md;requirements_source_rights_publication_dependency_integrated_v0_2.md,2
REQ-COPYRIGHT-002,CONCEPT,REQ-COPYRIGHT-001,自作、公式資料、教科書、利用許諾済み、不明などを権利状態として区別するには、権利状態を対象ごとに管理できる必要がある。,requirements_source_rights_publication_dependency_integrated_v0_1.md,18,TABLE,requirements_source_rights_publication_dependency_integrated_v0_1.md;requirements_source_rights_publication_dependency_integrated_v0_2.md,2
REQ-COPYRIGHT-003,CONCEPT,REQ-COPYRIGHT-001,公開可能、非公開、家庭内限定などの利用範囲を出典・権利情報とともに管理するには、資料の出典と権利状態を管理できる必要がある。,requirements_source_rights_publication_dependency_integrated_v0_1.md,19,TABLE,requirements_source_rights_publication_dependency_integrated_v0_1.md;requirements_source_rights_publication_dependency_integrated_v0_2.md,2
REQ-COPYRIGHT-003,REFERENCE,REQ-ID-004,資料ごとに利用範囲を設定するには、対象となる資料を一意に識別できる必要がある。,requirements_source_rights_publication_dependency_integrated_v0_1.md,20,TABLE,requirements_source_rights_publication_dependency_integrated_v0_1.md;requirements_source_rights_publication_dependency_integrated_v0_2.md,2
REQ-COPYRIGHT-004,VALIDATION,REQ-COPYRIGHT-003,公開不可または家庭内限定の資料を公開領域へ出力・同期しないためには、資料ごとに公開可能、非公開、家庭内限定などの利用範囲を設定できる必要がある。,requirements_source_rights_publication_dependency_integrated_v0_1.md,21,TABLE,requirements_source_rights_publication_dependency_integrated_v0_1.md;requirements_source_rights_publication_dependency_integrated_v0_2.md,2
REQ-COPYRIGHT-005,CONCEPT,REQ-COPYRIGHT-002,元資料と作成した問題について、公開不可資料と自作問題を区別するには、自作、教科書、ワークなどの権利状態を区別できる必要がある。,requirements_source_rights_publication_dependency_integrated_v0_1.md,23,TABLE,requirements_source_rights_publication_dependency_integrated_v0_1.md;requirements_source_rights_publication_dependency_integrated_v0_2.md,2
REQ-COPYRIGHT-005,CONCEPT,REQ-COPYRIGHT-003,元資料が公開不可であることを判断するには、資料ごとに公開可能、非公開、家庭内限定などの利用範囲を設定できる必要がある。,requirements_source_rights_publication_dependency_integrated_v0_1.md,24,TABLE,requirements_source_rights_publication_dependency_integrated_v0_1.md;requirements_source_rights_publication_dependency_integrated_v0_2.md,2
REQ-COPYRIGHT-005,CONCEPT,REQ-SOURCE-002,自作問題に元資料の出典を記録するには、問題の対象範囲と、問題作成に使用した資料を分離して管理できる必要がある。,requirements_source_rights_publication_dependency_integrated_v0_1.md,25,TABLE,requirements_source_rights_publication_dependency_integrated_v0_1.md;requirements_source_rights_publication_dependency_integrated_v0_2.md,2
REQ-COPYRIGHT-005,REFERENCE,REQ-COPYRIGHT-001,自作問題から元資料の出典を追跡するには、問題や資料について出典と権利状態を管理できる必要がある。,requirements_source_rights_publication_dependency_integrated_v0_1.md,22,TABLE,requirements_source_rights_publication_dependency_integrated_v0_1.md;requirements_source_rights_publication_dependency_integrated_v0_2.md,2
REQ-COPYRIGHT-006,FUNCTION,REQ-FILE-001,印刷物を生成する前の検証として実行するには、印刷可能なPDFを生成する機能が定義されている必要がある。,requirements_source_rights_publication_dependency_integrated_v0_1.md,27,TABLE,requirements_source_rights_publication_dependency_integrated_v0_1.md;requirements_source_rights_publication_dependency_integrated_v0_2.md,2
REQ-COPYRIGHT-006,REFERENCE,REQ-VISUAL-004,印刷物に含まれる表示資料の利用可否を検証するには、表示資料ごとに出典・著作権情報、公開可否、印刷設定を管理できる必要がある。,requirements_source_rights_publication_dependency_integrated_v0_1.md,28,TABLE,requirements_source_rights_publication_dependency_integrated_v0_1.md;requirements_source_rights_publication_dependency_integrated_v0_2.md,2
REQ-COPYRIGHT-006,VALIDATION,REQ-COPYRIGHT-003,印刷物生成前に利用上の問題を検証するには、含まれる資料ごとに利用範囲を設定できる必要がある。,requirements_source_rights_publication_dependency_integrated_v0_1.md,26,TABLE,requirements_source_rights_publication_dependency_integrated_v0_1.md;requirements_source_rights_publication_dependency_integrated_v0_2.md,2
REQ-COPYRIGHT-007,VALIDATION,REQ-COPYRIGHT-002,権利状態が不明な資料を安全側に判定するには、権利状態として「不明」を他の状態と区別できる必要がある。,requirements_source_rights_publication_dependency_integrated_v0_1.md,29,TABLE,requirements_source_rights_publication_dependency_integrated_v0_1.md;requirements_source_rights_publication_dependency_integrated_v0_2.md,2
REQ-COVERAGE-001,REFERENCE,REQ-CATALOG-REF-003,カタログ項目ごとに関連問題の有無と問題数を確認するには、1つのカタログ項目へ関連する複数の問題をたどれる必要がある。,requirements_coverage_material_composition_quality_review_dependency_integrated_v0_1.md,52,TABLE,requirements_coverage_material_composition_quality_review_dependency_integrated_v0_1.md,1
REQ-COVERAGE-002,FUNCTION,REQ-COVERAGE-001,問題が登録されていない学習項目を特定するには、カタログ項目ごとに関連問題の有無と問題数を確認できる必要がある。,requirements_coverage_material_composition_quality_review_dependency_integrated_v0_1.md,56,TABLE,requirements_coverage_material_composition_quality_review_dependency_integrated_v0_1.md,1
REQ-COVERAGE-003,FUNCTION,REQ-COVERAGE-001,学習項目ごとの問題構成の偏りを確認するには、カタログ項目ごとに関連問題の有無と問題数を確認できる必要がある。,requirements_coverage_material_composition_quality_review_dependency_integrated_v0_1.md,70,TABLE,requirements_coverage_material_composition_quality_review_dependency_integrated_v0_1.md,1
REQ-COVERAGE-003,REFERENCE,REQ-TAG-002,問題形式の偏りを確認するには、各問題へ問題形式分類を設定できる必要がある。,requirements_coverage_material_composition_quality_review_dependency_integrated_v0_1.md,71,TABLE,requirements_coverage_material_composition_quality_review_dependency_integrated_v0_1.md,1
REQ-COVERAGE-003,REFERENCE,REQ-TAG-003,必要な知識項目の偏りを確認するには、各問題へ知識項目を関連付けられる必要がある。,requirements_coverage_material_composition_quality_review_dependency_integrated_v0_1.md,72,TABLE,requirements_coverage_material_composition_quality_review_dependency_integrated_v0_1.md,1
REQ-COVERAGE-003,REFERENCE,REQ-TAG-004,必要な技能の偏りを確認するには、各問題へ技能を関連付けられる必要がある。,requirements_coverage_material_composition_quality_review_dependency_integrated_v0_1.md,73,TABLE,requirements_coverage_material_composition_quality_review_dependency_integrated_v0_1.md,1
REQ-COVERAGE-003,REFERENCE,REQ-TAG-006,難易度の偏りを確認するには、各問題へ難易度を設定できる必要がある。,requirements_coverage_material_composition_quality_review_dependency_integrated_v0_1.md,74,TABLE,requirements_coverage_material_composition_quality_review_dependency_integrated_v0_1.md,1
REQ-COVERAGE-004,FUNCTION,REQ-COVERAGE-001,定期テスト範囲または検定範囲のカタログ網羅状況を確認するには、各対象カタログ項目の問題有無と問題数を確認できる必要がある。,requirements_coverage_material_composition_quality_review_dependency_integrated_v0_1.md,75,TABLE,requirements_coverage_material_composition_quality_review_dependency_integrated_v0_1.md,1
REQ-COVERAGE-004,REFERENCE,REQ-QUESTION-004,定期テスト範囲について網羅状況を確認するには、学校教科の問題と定期テスト範囲との関係を管理できる必要がある。,requirements_coverage_material_composition_quality_review_dependency_integrated_v0_1.md,76,TABLE,requirements_coverage_material_composition_quality_review_dependency_integrated_v0_1.md,1
REQ-COVERAGE-004,REFERENCE,REQ-QUESTION-005,検定範囲について網羅状況を確認するには、検定問題の公式出題範囲を管理できる必要がある。,requirements_coverage_material_composition_quality_review_dependency_integrated_v0_1.md,77,TABLE,requirements_coverage_material_composition_quality_review_dependency_integrated_v0_1.md,1
REQ-COVERAGE-005,FUNCTION,REQ-COVERAGE-001,カタログ項目ごとの必要問題数の充足状況を確認するには、現在関連付けられている問題の有無と問題数を確認できる必要がある。,requirements_coverage_material_composition_quality_review_dependency_integrated_v0_1.md,84,TABLE,requirements_coverage_material_composition_quality_review_dependency_integrated_v0_1.md,1
REQ-COVERAGE-005,FUNCTION,REQ-COVERAGE-003,必要問題形式の充足状況を確認するには、学習項目ごとに現在の問題形式の構成や偏りを確認できる必要がある。,requirements_coverage_material_composition_quality_review_dependency_integrated_v0_1.md,85,TABLE,requirements_coverage_material_composition_quality_review_dependency_integrated_v0_1.md,1
REQ-COVERAGE-006,DATA,REQ-CATALOG-PROGRESS-002,接続関係上の未習得項目を確認するには、カタログ項目ごとの未回答問題数、定着状況、復習が必要な問題数などを確認できる必要がある。,requirements_coverage_material_composition_quality_review_dependency_integrated_v0_1.md,86,TABLE,requirements_coverage_material_composition_quality_review_dependency_integrated_v0_1.md,1
REQ-COVERAGE-006,REFERENCE,REQ-CATALOG-PATH-001,下位学年・下位級から上位学年・上位級への接続関係を確認するには、学習内容について前学年、下位級、既習範囲との前提関係を表現できる必要がある。,requirements_coverage_material_composition_quality_review_dependency_integrated_v0_1.md,87,TABLE,requirements_coverage_material_composition_quality_review_dependency_integrated_v0_1.md,1
REQ-COVERAGE-007,REFERENCE,REQ-TARGET-003,特定の学習対象へ重要度などに応じて複数の問題を割り当てるには、1つの習得対象を複数の問題から学習できる多対多の対応関係が必要である。,requirements_coverage_material_composition_quality_review_dependency_integrated_v0_1.md,53,TABLE,requirements_coverage_material_composition_quality_review_dependency_integrated_v0_1.md,1
REQ-COVERAGE-008,CONCEPT,REQ-COVERAGE-007,1つの学習対象を異なる形式や観点から確認する複数問題を構成するには、特定の学習対象へ複数問題を割り当てられる必要がある。,requirements_coverage_material_composition_quality_review_dependency_integrated_v0_1.md,57,TABLE,requirements_coverage_material_composition_quality_review_dependency_integrated_v0_1.md,1
REQ-COVERAGE-008,REFERENCE,REQ-TAG-002,異なる問題形式から確認する問題を区別するには、問題へ問題形式分類を設定できる必要がある。,requirements_coverage_material_composition_quality_review_dependency_integrated_v0_1.md,58,TABLE,requirements_coverage_material_composition_quality_review_dependency_integrated_v0_1.md,1
REQ-COVERAGE-008,REFERENCE,REQ-TAG-003,意味理解や文脈での使い分けなど、異なる知識観点を区別するには、問題へ必要な知識項目を関連付けられる必要がある。,requirements_coverage_material_composition_quality_review_dependency_integrated_v0_1.md,59,TABLE,requirements_coverage_material_composition_quality_review_dependency_integrated_v0_1.md,1
REQ-COVERAGE-008,REFERENCE,REQ-TAG-004,読む、書く、説明する、応用するなどの異なる技能観点を区別するには、問題へ必要な技能を関連付けられる必要がある。,requirements_coverage_material_composition_quality_review_dependency_integrated_v0_1.md,60,TABLE,requirements_coverage_material_composition_quality_review_dependency_integrated_v0_1.md,1
REQ-COVERAGE-009,DATA,REQ-COVERAGE-002,対象外または未作成の範囲について理由を記録するには、問題が登録されていない学習項目を特定できる必要がある。,requirements_coverage_material_composition_quality_review_dependency_integrated_v0_1.md,61,TABLE,requirements_coverage_material_composition_quality_review_dependency_integrated_v0_1.md,1
REQ-CYCLE-001,REFERENCE,REQ-PURPOSE-001,周回対象となる目的別問題集を参照するため,requirements_learning_execution_session_cycle_c1c_dependency_integrated_v0_1.md,111,ARROW,requirements_learning_execution_session_cycle_c1c_dependency_integrated_v0_1.md;requirements_learning_execution_session_cycle_dependency_integrated_v0_1.md;requirements_learning_execution_session_cycle_dependency_integrated_v0_2.md,3
REQ-CYCLE-002,FUNCTION,REQ-CYCLE-001,周回管理の初回処理として実行するため,requirements_learning_execution_session_cycle_c1c_dependency_integrated_v0_1.md,78,ARROW,requirements_learning_execution_session_cycle_c1c_dependency_integrated_v0_1.md;requirements_learning_execution_session_cycle_dependency_integrated_v0_1.md;requirements_learning_execution_session_cycle_dependency_integrated_v0_2.md,3
REQ-CYCLE-002,REFERENCE,REQ-COLLECTION-001,開始時点の対象問題集合を取得するため,requirements_learning_execution_session_cycle_c1c_dependency_integrated_v0_1.md,113,ARROW,requirements_learning_execution_session_cycle_c1c_dependency_integrated_v0_1.md;requirements_learning_execution_session_cycle_dependency_integrated_v0_1.md;requirements_learning_execution_session_cycle_dependency_integrated_v0_2.md,3
REQ-CYCLE-003,DATA,REQ-EVENT-004,誤答またはパスの回答結果を参照するため,requirements_learning_execution_session_cycle_c1c_dependency_integrated_v0_1.md,115,ARROW,requirements_learning_execution_session_cycle_c1c_dependency_integrated_v0_1.md;requirements_learning_execution_session_cycle_dependency_integrated_v0_1.md;requirements_learning_execution_session_cycle_dependency_integrated_v0_2.md,3
REQ-CYCLE-003,FUNCTION,REQ-CYCLE-001,次周へ残す問題を決定するため,requirements_learning_execution_session_cycle_c1c_dependency_integrated_v0_1.md,80,ARROW,requirements_learning_execution_session_cycle_c1c_dependency_integrated_v0_1.md;requirements_learning_execution_session_cycle_dependency_integrated_v0_1.md;requirements_learning_execution_session_cycle_dependency_integrated_v0_2.md,3
REQ-CYCLE-004,FUNCTION,REQ-CYCLE-003,次周へ残る問題がないことを判定するため,requirements_learning_execution_session_cycle_c1c_dependency_integrated_v0_1.md,82,ARROW,requirements_learning_execution_session_cycle_c1c_dependency_integrated_v0_1.md;requirements_learning_execution_session_cycle_dependency_integrated_v0_1.md;requirements_learning_execution_session_cycle_dependency_integrated_v0_2.md,3
REQ-CYCLE-005,FUNCTION,REQ-CYCLE-004,完了済み周回から新しい周回を開始するため,requirements_learning_execution_session_cycle_c1c_dependency_integrated_v0_1.md,84,ARROW,requirements_learning_execution_session_cycle_c1c_dependency_integrated_v0_1.md;requirements_learning_execution_session_cycle_dependency_integrated_v0_1.md;requirements_learning_execution_session_cycle_dependency_integrated_v0_2.md,3
REQ-CYCLE-005,REFERENCE,REQ-COLLECTION-001,新しい周回の対象問題全体を再取得するため,requirements_learning_execution_session_cycle_c1c_dependency_integrated_v0_1.md,117,ARROW,requirements_learning_execution_session_cycle_c1c_dependency_integrated_v0_1.md;requirements_learning_execution_session_cycle_dependency_integrated_v0_1.md;requirements_learning_execution_session_cycle_dependency_integrated_v0_2.md,3
REQ-CYCLE-006,REFERENCE,REQ-EXAM-PART-001,テスト対策単位を識別するため,requirements_learning_execution_session_cycle_c1c_dependency_integrated_v0_1.md,121,ARROW,requirements_learning_execution_session_cycle_c1c_dependency_integrated_v0_1.md;requirements_learning_execution_session_cycle_dependency_integrated_v0_1.md;requirements_learning_execution_session_cycle_dependency_integrated_v0_2.md,3
REQ-CYCLE-006,REFERENCE,REQ-PURPOSE-001,目的別問題集単位で状態を関連付けるため,requirements_learning_execution_session_cycle_c1c_dependency_integrated_v0_1.md,119,ARROW,requirements_learning_execution_session_cycle_c1c_dependency_integrated_v0_1.md;requirements_learning_execution_session_cycle_dependency_integrated_v0_1.md;requirements_learning_execution_session_cycle_dependency_integrated_v0_2.md,3
REQ-CYCLE-006,STRUCTURE,REQ-CYCLE-001,周回状態の管理単位を定義するため,requirements_learning_execution_session_cycle_c1c_dependency_integrated_v0_1.md,86,ARROW,requirements_learning_execution_session_cycle_c1c_dependency_integrated_v0_1.md;requirements_learning_execution_session_cycle_dependency_integrated_v0_1.md;requirements_learning_execution_session_cycle_dependency_integrated_v0_2.md,3
REQ-CYCLE-007,DATA,REQ-CYCLE-002,開始時点の対象問題を固定して保持するため,requirements_learning_execution_session_cycle_c1c_dependency_integrated_v0_1.md,88,ARROW,requirements_learning_execution_session_cycle_c1c_dependency_integrated_v0_1.md;requirements_learning_execution_session_cycle_dependency_integrated_v0_1.md;requirements_learning_execution_session_cycle_dependency_integrated_v0_2.md,3
REQ-CYCLE-007,STRUCTURE,REQ-EVENT-002,開始時の出題問題をセッションへ保存するため,requirements_learning_execution_session_cycle_c1c_dependency_integrated_v0_1.md,123,ARROW,requirements_learning_execution_session_cycle_c1c_dependency_integrated_v0_1.md;requirements_learning_execution_session_cycle_dependency_integrated_v0_1.md;requirements_learning_execution_session_cycle_dependency_integrated_v0_2.md,3
REQ-CYCLE-008,FUNCTION,REQ-CYCLE-007,固定済み周回対象へ明示的な変更だけを許可するため,requirements_learning_execution_session_cycle_c1c_dependency_integrated_v0_1.md,90,ARROW,requirements_learning_execution_session_cycle_c1c_dependency_integrated_v0_1.md;requirements_learning_execution_session_cycle_dependency_integrated_v0_1.md;requirements_learning_execution_session_cycle_dependency_integrated_v0_2.md,3
REQ-CYCLE-008,REFERENCE,REQ-CONTENT-001,追加する問題を一意に参照するため,requirements_learning_execution_session_cycle_c1c_dependency_integrated_v0_1.md,125,ARROW,requirements_learning_execution_session_cycle_c1c_dependency_integrated_v0_1.md;requirements_learning_execution_session_cycle_dependency_integrated_v0_1.md;requirements_learning_execution_session_cycle_dependency_integrated_v0_2.md,3
REQ-CYCLE-009,DATA,REQ-CYCLE-006,更新対象となる周回状態を識別するため,requirements_learning_execution_session_cycle_c1c_dependency_integrated_v0_1.md,92,ARROW,requirements_learning_execution_session_cycle_c1c_dependency_integrated_v0_1.md;requirements_learning_execution_session_cycle_dependency_integrated_v0_1.md;requirements_learning_execution_session_cycle_dependency_integrated_v0_2.md,3
REQ-CYCLE-009,DATA,REQ-EVENT-002,結果を返す学習セッションを識別するため,requirements_learning_execution_session_cycle_c1c_dependency_integrated_v0_1.md,127,ARROW,requirements_learning_execution_session_cycle_c1c_dependency_integrated_v0_1.md;requirements_learning_execution_session_cycle_dependency_integrated_v0_1.md;requirements_learning_execution_session_cycle_dependency_integrated_v0_2.md,3
REQ-CYCLE-009,VALIDATION,REQ-INTEGRITY-003,周回状態と学習セッションの整合性を検証するため,requirements_learning_execution_session_cycle_c1c_dependency_integrated_v0_1.md,129,ARROW,requirements_learning_execution_session_cycle_c1c_dependency_integrated_v0_1.md;requirements_learning_execution_session_cycle_dependency_integrated_v0_1.md;requirements_learning_execution_session_cycle_dependency_integrated_v0_2.md,3
REQ-CYCLE-010,CONCEPT,REQ-CYCLE-001,,requirements_data_dependency_integrated_v0_1.md,35,TABLE,requirements_data_dependency_integrated_v0_1.md;requirements_data_dependency_integrated_v0_2.md,2
REQ-CYCLE-010,DATA,REQ-EVENT-004,,requirements_learning_data_dependency_integrated_v0_1.md,34,TABLE,requirements_learning_data_dependency_integrated_v0_1.md,1
REQ-CYCLE-011,FUNCTION,REQ-CYCLE-003,周回中の正誤・パス結果を利用するため,requirements_learning_execution_session_cycle_c1c_dependency_integrated_v0_1.md,94,ARROW,requirements_learning_execution_session_cycle_c1c_dependency_integrated_v0_1.md;requirements_learning_execution_session_cycle_dependency_integrated_v0_1.md;requirements_learning_execution_session_cycle_dependency_integrated_v0_2.md,3
REQ-CYCLE-011,FUNCTION,REQ-EVENT-003,周回結果も回答イベントとして保存するため,requirements_learning_execution_session_cycle_c1c_dependency_integrated_v0_1.md,131,ARROW,requirements_learning_execution_session_cycle_c1c_dependency_integrated_v0_1.md;requirements_learning_execution_session_cycle_dependency_integrated_v0_1.md;requirements_learning_execution_session_cycle_dependency_integrated_v0_2.md,3
REQ-CYCLE-012,CONCEPT,REQ-CYCLE-004,周回完了という短期状態を前提とするため,requirements_learning_execution_session_cycle_c1c_dependency_integrated_v0_1.md,96,ARROW,requirements_learning_execution_session_cycle_c1c_dependency_integrated_v0_1.md;requirements_learning_execution_session_cycle_dependency_integrated_v0_1.md;requirements_learning_execution_session_cycle_dependency_integrated_v0_2.md,3
REQ-CYCLE-012,CONCEPT,REQ-MASTERY-001,長期的な習得・弱点状態と分離するため,requirements_learning_execution_session_cycle_c1c_dependency_integrated_v0_1.md,133,ARROW,requirements_learning_execution_session_cycle_c1c_dependency_integrated_v0_1.md;requirements_learning_execution_session_cycle_dependency_integrated_v0_1.md;requirements_learning_execution_session_cycle_dependency_integrated_v0_2.md,3
REQ-DASHBOARD-001,DATA,REQ-SUMMARY-001,現在の学習判断に必要な情報を表示するには、未着手、取り組み済み、復習必要、定着済みなどの基本集計が必要である。,requirements_screen_interaction_progress_d4_dependency_integrated_v0_1.md,86,ARROW,requirements_screen_interaction_progress_d4_dependency_integrated_v0_1.md;requirements_screen_interaction_progress_d4_dependency_integrated_v0_2.md,2
REQ-DASHBOARD-001,PRESENTATION,REQ-MOTIVATION-006,複雑な内部状態を直接表示せず、子ども向けの表示名へ変換できる必要がある。,requirements_screen_interaction_progress_d4_dependency_integrated_v0_1.md,88,ARROW,requirements_screen_interaction_progress_d4_dependency_integrated_v0_1.md;requirements_screen_interaction_progress_d4_dependency_integrated_v0_2.md,2
REQ-DASHBOARD-001,STRUCTURE,REQ-CHILD-001,子ども用に必要情報を優先表示するには、子ども用画面と管理用画面が役割別に分離されている必要がある。,requirements_screen_interaction_progress_d4_dependency_integrated_v0_1.md,84,ARROW,requirements_screen_interaction_progress_d4_dependency_integrated_v0_1.md;requirements_screen_interaction_progress_d4_dependency_integrated_v0_2.md,2
REQ-DASHBOARD-002,DATA,REQ-CYCLE-003,周回の残り問題数を表示するには、誤答またはパスした問題だけを次周へ残す周回状態が必要である。,requirements_screen_interaction_progress_d4_dependency_integrated_v0_1.md,96,ARROW,requirements_screen_interaction_progress_d4_dependency_integrated_v0_1.md;requirements_screen_interaction_progress_d4_dependency_integrated_v0_2.md,2
REQ-DASHBOARD-002,DATA,REQ-MASTERY-009,次に復習すべき問題の有無を示すには、次回確認時期または復習優先度を算出できる必要がある。,requirements_screen_interaction_progress_d4_dependency_integrated_v0_1.md,98,ARROW,requirements_screen_interaction_progress_d4_dependency_integrated_v0_1.md;requirements_screen_interaction_progress_d4_dependency_integrated_v0_2.md,2
REQ-DASHBOARD-002,DATA,REQ-SUMMARY-001,未完了問題数と復習が必要な問題数を表示するには、基本進捗サマリーが必要である。,requirements_screen_interaction_progress_d4_dependency_integrated_v0_1.md,94,ARROW,requirements_screen_interaction_progress_d4_dependency_integrated_v0_1.md;requirements_screen_interaction_progress_d4_dependency_integrated_v0_2.md,2
REQ-DASHBOARD-002,PRESENTATION,REQ-CHILD-006,今回の正答状況や未完了数は、学習終了時の結果表示と整合している必要がある。,requirements_screen_interaction_progress_d4_dependency_integrated_v0_1.md,92,ARROW,requirements_screen_interaction_progress_d4_dependency_integrated_v0_1.md;requirements_screen_interaction_progress_d4_dependency_integrated_v0_2.md,2
REQ-DASHBOARD-002,STRUCTURE,REQ-DASHBOARD-001,子ども用進捗表示は、現在の学習判断に必要な情報を優先する基本方針を前提とする。,requirements_screen_interaction_progress_d4_dependency_integrated_v0_1.md,90,ARROW,requirements_screen_interaction_progress_d4_dependency_integrated_v0_1.md;requirements_screen_interaction_progress_d4_dependency_integrated_v0_2.md,2
REQ-DASHBOARD-003,DATA,REQ-CYCLE-006,周回状況を表示するには、周回状態が目的別問題集またはテスト対策単位で管理されている必要がある。,requirements_screen_interaction_progress_d4_dependency_integrated_v0_1.md,108,ARROW,requirements_screen_interaction_progress_d4_dependency_integrated_v0_1.md;requirements_screen_interaction_progress_d4_dependency_integrated_v0_2.md,2
REQ-DASHBOARD-003,DATA,REQ-MASTERY-002,通常教材と目的別問題集を横断した問題別の長期定着状態を管理できる必要がある。,requirements_screen_interaction_progress_d4_dependency_integrated_v0_1.md,106,ARROW,requirements_screen_interaction_progress_d4_dependency_integrated_v0_1.md;requirements_screen_interaction_progress_d4_dependency_integrated_v0_2.md,2
REQ-DASHBOARD-003,DATA,REQ-PROGRESS-004,教材、学習テーマ、出題分野、問題集など複数単位の進捗を集計・表示できる必要がある。,requirements_screen_interaction_progress_d4_dependency_integrated_v0_1.md,102,ARROW,requirements_screen_interaction_progress_d4_dependency_integrated_v0_1.md;requirements_screen_interaction_progress_d4_dependency_integrated_v0_2.md,2
REQ-DASHBOARD-003,DATA,REQ-PROGRESS-006,目的別問題集固有の実行履歴、達成状況、周回状態を管理できる必要がある。,requirements_screen_interaction_progress_d4_dependency_integrated_v0_1.md,104,ARROW,requirements_screen_interaction_progress_d4_dependency_integrated_v0_1.md;requirements_screen_interaction_progress_d4_dependency_integrated_v0_2.md,2
REQ-DASHBOARD-003,DATA,REQ-SUMMARY-003,教材、目的別問題集、カタログ項目などの管理単位で進捗を集計できる必要がある。,requirements_screen_interaction_progress_d4_dependency_integrated_v0_1.md,100,ARROW,requirements_screen_interaction_progress_d4_dependency_integrated_v0_1.md;requirements_screen_interaction_progress_d4_dependency_integrated_v0_2.md,2
REQ-DASHBOARD-004,DATA,REQ-CATALOG-PROGRESS-001,知識分類や技能分類の進捗には、回答イベントと問題のカタログ参照による集計が必要である。,requirements_screen_interaction_progress_d4_dependency_integrated_v0_1.md,112,ARROW,requirements_screen_interaction_progress_d4_dependency_integrated_v0_1.md;requirements_screen_interaction_progress_d4_dependency_integrated_v0_2.md,2
REQ-DASHBOARD-004,DATA,REQ-EXAM-PART-004,検定や試験について、試験全体と試験区分の両方で結果を集計できる必要がある。,requirements_screen_interaction_progress_d4_dependency_integrated_v0_1.md,114,ARROW,requirements_screen_interaction_progress_d4_dependency_integrated_v0_1.md;requirements_screen_interaction_progress_d4_dependency_integrated_v0_2.md,2
REQ-DASHBOARD-004,DATA,REQ-TARGET-006,知識分類、技能分類、カタログ項目、習得対象の役割が重複しないよう整理されている必要がある。,requirements_screen_interaction_progress_d4_dependency_integrated_v0_1.md,116,ARROW,requirements_screen_interaction_progress_d4_dependency_integrated_v0_1.md;requirements_screen_interaction_progress_d4_dependency_integrated_v0_2.md,2
REQ-DASHBOARD-004,STRUCTURE,REQ-DASHBOARD-003,検定級や知識・技能分類などの追加集計は、管理用進捗表示の基礎機能を前提とする。,requirements_screen_interaction_progress_d4_dependency_integrated_v0_1.md,110,ARROW,requirements_screen_interaction_progress_d4_dependency_integrated_v0_1.md;requirements_screen_interaction_progress_d4_dependency_integrated_v0_2.md,2
REQ-DASHBOARD-005,DATA,REQ-EVENT-002,履歴一覧には、開始・終了日時、実行対象、学習モード、問題数、途中終了状態を保存した学習セッションが必要である。,requirements_screen_interaction_progress_d4_dependency_integrated_v0_1.md,118,ARROW,requirements_screen_interaction_progress_d4_dependency_integrated_v0_1.md;requirements_screen_interaction_progress_d4_dependency_integrated_v0_2.md,2
REQ-DASHBOARD-005,DATA,REQ-EVENT-004,正解・不正解・パス数、正答率、所要時間を表示するには回答イベントの詳細が必要である。,requirements_screen_interaction_progress_d4_dependency_integrated_v0_1.md,120,ARROW,requirements_screen_interaction_progress_d4_dependency_integrated_v0_1.md;requirements_screen_interaction_progress_d4_dependency_integrated_v0_2.md,2
REQ-DASHBOARD-005,DATA,REQ-SUMMARY-001,履歴ごとの問題数や結果件数を表示するには、基本的な状態別集計が必要である。,requirements_screen_interaction_progress_d4_dependency_integrated_v0_1.md,122,ARROW,requirements_screen_interaction_progress_d4_dependency_integrated_v0_1.md;requirements_screen_interaction_progress_d4_dependency_integrated_v0_2.md,2
REQ-DASHBOARD-006,DATA,REQ-EVENT-004,問題、判定結果、判定日時、所要時間などを確認するには回答イベントの詳細が必要である。,requirements_screen_interaction_progress_d4_dependency_integrated_v0_1.md,126,ARROW,requirements_screen_interaction_progress_d4_dependency_integrated_v0_1.md;requirements_screen_interaction_progress_d4_dependency_integrated_v0_2.md,2
REQ-DASHBOARD-006,STRUCTURE,REQ-DASHBOARD-005,誤答・パス問題の詳細表示は、対象となる学習履歴一覧を前提とする。,requirements_screen_interaction_progress_d4_dependency_integrated_v0_1.md,124,ARROW,requirements_screen_interaction_progress_d4_dependency_integrated_v0_1.md;requirements_screen_interaction_progress_d4_dependency_integrated_v0_2.md,2
REQ-DASHBOARD-007,DATA,REQ-NAV-006,定期テストについて試験回、教科、対象範囲、学習目的を識別できる必要がある。,requirements_screen_interaction_progress_d4_dependency_integrated_v0_1.md,130,ARROW,requirements_screen_interaction_progress_d4_dependency_integrated_v0_1.md;requirements_screen_interaction_progress_d4_dependency_integrated_v0_2.md,2
REQ-DASHBOARD-007,DATA,REQ-PURPOSE-009,目標に対応する目的別問題集と対象問題、説明、状態などを管理できる必要がある。,requirements_screen_interaction_progress_d4_dependency_integrated_v0_1.md,132,ARROW,requirements_screen_interaction_progress_d4_dependency_integrated_v0_1.md;requirements_screen_interaction_progress_d4_dependency_integrated_v0_2.md,2
REQ-DASHBOARD-007,STRUCTURE,REQ-DASHBOARD-003,試験日や目標日に対する進捗は、管理単位別の進捗表示を前提とする。,requirements_screen_interaction_progress_d4_dependency_integrated_v0_1.md,128,ARROW,requirements_screen_interaction_progress_d4_dependency_integrated_v0_1.md;requirements_screen_interaction_progress_d4_dependency_integrated_v0_2.md,2
REQ-DATA-OUTPUT-001,CONCEPT,REQ-PERSISTENCE-001,通常利用中の永続保存とバックアップを異なる目的の機能として扱うには、まず通常保存の責務が定義されている必要がある。,requirements_final_group_f3_dependency_integrated_v0_1.md,34,ARROW,requirements_final_group_f3_dependency_integrated_v0_1.md,1
REQ-DATA-OUTPUT-002,CONCEPT,REQ-DATA-OUTPUT-001,,requirements_data_dependency_integrated_v0_1.md,143,TABLE,requirements_data_dependency_integrated_v0_1.md;requirements_data_dependency_integrated_v0_2.md;requirements_remaining_data_dependency_integrated_v0_1.md,3
REQ-DATA-OUTPUT-003,CONCEPT,REQ-DATA-OUTPUT-002,,requirements_data_dependency_integrated_v0_1.md,144,TABLE,requirements_data_dependency_integrated_v0_1.md;requirements_data_dependency_integrated_v0_2.md;requirements_remaining_data_dependency_integrated_v0_1.md,3
REQ-DATA-OUTPUT-004,CONCEPT,REQ-DATA-OUTPUT-001,,requirements_data_dependency_integrated_v0_1.md,148,TABLE,requirements_data_dependency_integrated_v0_1.md;requirements_data_dependency_integrated_v0_2.md;requirements_remaining_data_dependency_integrated_v0_1.md,3
REQ-ENGINE-001,CONCEPT,REQ-SCOPE-006,学習処理を教科や検定に依存しない共通機能とするには、アプリ本体を特定教科・検定専用にしない原則が必要である。,requirements_scope_architecture_dependency_integrated_v0_1.md,60,TABLE,requirements_scope_architecture_dependency_integrated_v0_1.md,1
REQ-ENGINE-001,DATA,REQ-EVENT-006,履歴保存や定着管理を共通処理として扱うには、回答イベントがアルゴリズムから独立した事実データとして保存される必要がある。,requirements_scope_architecture_dependency_integrated_v0_1.md,62,TABLE,requirements_scope_architecture_dependency_integrated_v0_1.md,1
REQ-ENGINE-001,STRUCTURE,REQ-NFR-003,共通学習処理を特定教材から独立させるには、教材、問題、分類、出典、進捗の責務が分離されている必要がある。,requirements_scope_architecture_dependency_integrated_v0_1.md,63,TABLE,requirements_scope_architecture_dependency_integrated_v0_1.md,1
REQ-ENGINE-001,STRUCTURE,REQ-QUESTION-001,問題表示、回答表示、判定などを共通処理として扱うには、問題文、解答、解説、採点方針などが共通構造として分離管理されている必要がある。,requirements_scope_architecture_dependency_integrated_v0_1.md,61,TABLE,requirements_scope_architecture_dependency_integrated_v0_1.md,1
REQ-ENGINE-002,CONCEPT,REQ-SCOPE-006,教科や検定の固有情報をデータで表現する要求は、教材ごとの差異をデータで表す汎用化原則を前提とする。,requirements_scope_architecture_dependency_integrated_v0_1.md,64,TABLE,requirements_scope_architecture_dependency_integrated_v0_1.md,1
REQ-ENGINE-002,STRUCTURE,REQ-CATALOG-DIMENSION-002,問題形式を管理データとして表現するには、学習内容・技能と問題形式が独立した管理次元として分離されている必要がある。,requirements_scope_architecture_dependency_integrated_v0_1.md,66,TABLE,requirements_scope_architecture_dependency_integrated_v0_1.md,1
REQ-ENGINE-002,STRUCTURE,REQ-QUESTION-001,問題形式などの固有情報を問題データで表現するには、問題本体と関連メタデータが分離された共通問題構造が必要である。,requirements_scope_architecture_dependency_integrated_v0_1.md,65,TABLE,requirements_scope_architecture_dependency_integrated_v0_1.md,1
REQ-ENGINE-003,CONCEPT,REQ-ENGINE-002,教科名や検定名を条件分岐に使用しないためには、固有情報が問題データと管理データで表現されている必要がある。,requirements_scope_architecture_dependency_integrated_v0_1.md,67,TABLE,requirements_scope_architecture_dependency_integrated_v0_1.md,1
REQ-ENGINE-003,VALIDATION,REQ-ID-001,問題IDの接頭辞を条件分岐に使用しないためには、IDの文字列構造から分類や意味を判断しない原則が必要である。,requirements_scope_architecture_dependency_integrated_v0_1.md,68,TABLE,requirements_scope_architecture_dependency_integrated_v0_1.md,1
REQ-ENGINE-004,CONCEPT,REQ-ENGINE-001,新しい教科や検定を追加しても共通学習処理を大幅に変更しないためには、学習処理が共通機能として定義されている必要がある。,requirements_scope_architecture_dependency_integrated_v0_1.md,73,TABLE,requirements_scope_architecture_dependency_integrated_v0_1.md,1
REQ-ENGINE-004,CONCEPT,REQ-ENGINE-002,新しい教科や検定の固有情報を追加するには、固有情報が問題データと管理データで表現されている必要がある。,requirements_scope_architecture_dependency_integrated_v0_1.md,75,TABLE,requirements_scope_architecture_dependency_integrated_v0_1.md,1
REQ-ENGINE-004,STRUCTURE,REQ-ENGINE-005,新しい問題形式へ既存共通処理を大幅に変更せず対応するには、共通処理と形式固有の拡張処理の境界が必要である。,requirements_scope_architecture_dependency_integrated_v0_1.md,74,TABLE,requirements_scope_architecture_dependency_integrated_v0_1.md,1
REQ-ENGINE-005,CONCEPT,REQ-ENGINE-001,問題形式固有の拡張処理との境界を設けるには、まず共通学習処理の責務が定義されている必要がある。,requirements_scope_architecture_dependency_integrated_v0_1.md,69,TABLE,requirements_scope_architecture_dependency_integrated_v0_1.md,1
REQ-ENGINE-005,STRUCTURE,REQ-CATALOG-DIMENSION-002,問題形式固有の表示・採点処理を区別するには、問題形式が学習内容や技能から独立して管理されている必要がある。,requirements_scope_architecture_dependency_integrated_v0_1.md,70,TABLE,requirements_scope_architecture_dependency_integrated_v0_1.md,1
REQ-EVENT-001,CONCEPT,REQ-ID-004,学習セッションを一意に識別するため,requirements_learning_execution_session_cycle_c1b_dependency_integrated_v0_1.md,81,ARROW,requirements_learning_execution_session_cycle_c1b_dependency_integrated_v0_1.md;requirements_learning_execution_session_cycle_dependency_integrated_v0_1.md;requirements_learning_execution_session_cycle_dependency_integrated_v0_2.md,3
REQ-EVENT-002,DATA,REQ-QUIZ-001,出題順の設定を保存するため,requirements_learning_execution_session_cycle_c1b_dependency_integrated_v0_1.md,87,ARROW,requirements_learning_execution_session_cycle_c1b_dependency_integrated_v0_1.md;requirements_learning_execution_session_cycle_dependency_integrated_v0_1.md;requirements_learning_execution_session_cycle_dependency_integrated_v0_2.md,3
REQ-EVENT-002,DATA,REQ-QUIZ-003,出題数の設定を保存するため,requirements_learning_execution_session_cycle_c1b_dependency_integrated_v0_1.md,89,ARROW,requirements_learning_execution_session_cycle_c1b_dependency_integrated_v0_1.md;requirements_learning_execution_session_cycle_dependency_integrated_v0_1.md;requirements_learning_execution_session_cycle_dependency_integrated_v0_2.md,3
REQ-EVENT-002,REFERENCE,REQ-COLLECTION-001,実行した問題集を参照するため,requirements_learning_execution_session_cycle_c1b_dependency_integrated_v0_1.md,83,ARROW,requirements_learning_execution_session_cycle_c1b_dependency_integrated_v0_1.md;requirements_learning_execution_session_cycle_dependency_integrated_v0_1.md;requirements_learning_execution_session_cycle_dependency_integrated_v0_2.md,3
REQ-EVENT-002,REFERENCE,REQ-MODE-001,実行した学習モードを参照するため,requirements_learning_execution_session_cycle_c1b_dependency_integrated_v0_1.md,85,ARROW,requirements_learning_execution_session_cycle_c1b_dependency_integrated_v0_1.md;requirements_learning_execution_session_cycle_dependency_integrated_v0_1.md;requirements_learning_execution_session_cycle_dependency_integrated_v0_2.md,3
REQ-EVENT-002,STRUCTURE,REQ-EVENT-001,保存対象となる学習セッションを前提とするため,requirements_learning_execution_session_cycle_c1b_dependency_integrated_v0_1.md,58,ARROW,requirements_learning_execution_session_cycle_c1b_dependency_integrated_v0_1.md;requirements_learning_execution_session_cycle_dependency_integrated_v0_1.md;requirements_learning_execution_session_cycle_dependency_integrated_v0_2.md,3
REQ-EVENT-003,REFERENCE,REQ-CONTENT-001,回答対象となる問題を参照するため,requirements_learning_execution_session_cycle_c1b_dependency_integrated_v0_1.md,91,ARROW,requirements_learning_execution_session_cycle_c1b_dependency_integrated_v0_1.md;requirements_learning_execution_session_cycle_dependency_integrated_v0_1.md;requirements_learning_execution_session_cycle_dependency_integrated_v0_2.md,3
REQ-EVENT-003,STRUCTURE,REQ-EVENT-001,回答イベントを学習セッションへ関連付けるため,requirements_learning_execution_session_cycle_c1b_dependency_integrated_v0_1.md,60,ARROW,requirements_learning_execution_session_cycle_c1b_dependency_integrated_v0_1.md;requirements_learning_execution_session_cycle_dependency_integrated_v0_1.md;requirements_learning_execution_session_cycle_dependency_integrated_v0_2.md,3
REQ-EVENT-004,DATA,REQ-ANSWER-001,判定結果を記録するため,requirements_learning_execution_session_cycle_c1b_dependency_integrated_v0_1.md,101,ARROW,requirements_learning_execution_session_cycle_c1b_dependency_integrated_v0_1.md;requirements_learning_execution_session_cycle_dependency_integrated_v0_1.md;requirements_learning_execution_session_cycle_dependency_integrated_v0_2.md,3
REQ-EVENT-004,DATA,REQ-TIME-002,確定した問題所要時間を記録するため,requirements_learning_execution_session_cycle_c1b_dependency_integrated_v0_1.md,66,ARROW,requirements_learning_execution_session_cycle_c1b_dependency_integrated_v0_1.md;requirements_learning_execution_session_cycle_dependency_integrated_v0_1.md;requirements_learning_execution_session_cycle_dependency_integrated_v0_2.md,3
REQ-EVENT-004,REFERENCE,REQ-CONTENT-001,回答対象の問題を記録するため,requirements_learning_execution_session_cycle_c1b_dependency_integrated_v0_1.md,93,ARROW,requirements_learning_execution_session_cycle_c1b_dependency_integrated_v0_1.md;requirements_learning_execution_session_cycle_dependency_integrated_v0_1.md;requirements_learning_execution_session_cycle_dependency_integrated_v0_2.md,3
REQ-EVENT-004,REFERENCE,REQ-CYCLE-001,回答時の周回情報を記録するため,requirements_learning_execution_session_cycle_c1b_dependency_integrated_v0_1.md,99,ARROW,requirements_learning_execution_session_cycle_c1b_dependency_integrated_v0_1.md;requirements_learning_execution_session_cycle_dependency_integrated_v0_1.md;requirements_learning_execution_session_cycle_dependency_integrated_v0_2.md,3
REQ-EVENT-004,REFERENCE,REQ-EVENT-001,回答イベントを学習セッションへ関連付けるため,requirements_learning_execution_session_cycle_c1b_dependency_integrated_v0_1.md,64,ARROW,requirements_learning_execution_session_cycle_c1b_dependency_integrated_v0_1.md;requirements_learning_execution_session_cycle_dependency_integrated_v0_1.md;requirements_learning_execution_session_cycle_dependency_integrated_v0_2.md,3
REQ-EVENT-004,REFERENCE,REQ-MODE-001,回答時の学習モードを記録するため,requirements_learning_execution_session_cycle_c1b_dependency_integrated_v0_1.md,95,ARROW,requirements_learning_execution_session_cycle_c1b_dependency_integrated_v0_1.md;requirements_learning_execution_session_cycle_dependency_integrated_v0_1.md;requirements_learning_execution_session_cycle_dependency_integrated_v0_2.md,3
REQ-EVENT-004,REFERENCE,REQ-PURPOSE-001,実行した目的別問題集を記録するため,requirements_learning_execution_session_cycle_c1b_dependency_integrated_v0_1.md,97,ARROW,requirements_learning_execution_session_cycle_c1b_dependency_integrated_v0_1.md;requirements_learning_execution_session_cycle_dependency_integrated_v0_1.md;requirements_learning_execution_session_cycle_dependency_integrated_v0_2.md,3
REQ-EVENT-004,STRUCTURE,REQ-EVENT-003,回答イベントへ保存する属性を定義するため,requirements_learning_execution_session_cycle_c1b_dependency_integrated_v0_1.md,62,ARROW,requirements_learning_execution_session_cycle_c1b_dependency_integrated_v0_1.md;requirements_learning_execution_session_cycle_dependency_integrated_v0_1.md;requirements_learning_execution_session_cycle_dependency_integrated_v0_2.md,3
REQ-EVENT-005,DATA,REQ-EVENT-004,,requirements_data_dependency_integrated_v0_1.md,31,TABLE,requirements_data_dependency_integrated_v0_1.md;requirements_data_dependency_integrated_v0_2.md;requirements_learning_data_dependency_integrated_v0_1.md,3
REQ-EVENT-006,CONCEPT,REQ-EVENT-003,回答イベントを変更されない学習事実として扱うため,requirements_learning_execution_session_cycle_c1b_dependency_integrated_v0_1.md,68,ARROW,requirements_learning_execution_session_cycle_c1b_dependency_integrated_v0_1.md;requirements_learning_execution_session_cycle_dependency_integrated_v0_1.md;requirements_learning_execution_session_cycle_dependency_integrated_v0_2.md,3
REQ-EVENT-007,DATA,REQ-EVENT-003,,requirements_learning_data_dependency_integrated_v0_1.md,35,TABLE,requirements_learning_data_dependency_integrated_v0_1.md,1
REQ-EVENT-007,DATA,REQ-EVENT-004,,requirements_learning_data_dependency_integrated_v0_1.md,36,TABLE,requirements_learning_data_dependency_integrated_v0_1.md,1
REQ-EVENT-007,DATA,REQ-EVENT-006,,requirements_data_dependency_integrated_v0_1.md,36,TABLE,requirements_data_dependency_integrated_v0_1.md;requirements_data_dependency_integrated_v0_2.md,2
REQ-EVIDENCE-001,REFERENCE,REQ-CONTENT-001,学習活動で生成または利用される要素を識別するため,requirements_inquiry_evidence_thinking_exam_partition_dependency_integrated_v0_1.md,149,ARROW,requirements_inquiry_evidence_thinking_exam_partition_dependency_integrated_v0_1.md,1
REQ-EVIDENCE-001,STRUCTURE,REQ-CONTENT-003,事実、結果、考察、説明、結論を異なる学習要素として扱うため,requirements_inquiry_evidence_thinking_exam_partition_dependency_integrated_v0_1.md,147,ARROW,requirements_inquiry_evidence_thinking_exam_partition_dependency_integrated_v0_1.md,1
REQ-EVIDENCE-002,STRUCTURE,REQ-EVIDENCE-001,考察・説明・結論と根拠要素の関係を表現するため,requirements_inquiry_evidence_thinking_exam_partition_dependency_integrated_v0_1.md,98,ARROW,requirements_inquiry_evidence_thinking_exam_partition_dependency_integrated_v0_1.md,1
REQ-EVIDENCE-003,REFERENCE,REQ-SOURCE-001,文章資料や史料などの出典を管理するため,requirements_inquiry_evidence_thinking_exam_partition_dependency_integrated_v0_1.md,153,ARROW,requirements_inquiry_evidence_thinking_exam_partition_dependency_integrated_v0_1.md,1
REQ-EVIDENCE-003,REFERENCE,REQ-VISUAL-001,表、グラフ、地図、写真、史料などの表示資料を参照するため,requirements_inquiry_evidence_thinking_exam_partition_dependency_integrated_v0_1.md,151,ARROW,requirements_inquiry_evidence_thinking_exam_partition_dependency_integrated_v0_1.md,1
REQ-EVIDENCE-003,STRUCTURE,REQ-EVIDENCE-001,根拠資料を種類別に区別して管理するため,requirements_inquiry_evidence_thinking_exam_partition_dependency_integrated_v0_1.md,100,ARROW,requirements_inquiry_evidence_thinking_exam_partition_dependency_integrated_v0_1.md,1
REQ-EVIDENCE-004,FUNCTION,REQ-EVIDENCE-003,異なる種類の複数資料を比較対象として利用するため,requirements_inquiry_evidence_thinking_exam_partition_dependency_integrated_v0_1.md,102,ARROW,requirements_inquiry_evidence_thinking_exam_partition_dependency_integrated_v0_1.md,1
REQ-EVIDENCE-004,STRUCTURE,REQ-QUESTION-DEPENDENCY-003,共通資料を参照する複数設問を問題群として扱うため,requirements_inquiry_evidence_thinking_exam_partition_dependency_integrated_v0_1.md,155,ARROW,requirements_inquiry_evidence_thinking_exam_partition_dependency_integrated_v0_1.md,1
REQ-EVIDENCE-005,FUNCTION,REQ-ANSWER-001,区別結果を問題形式に応じて解答・判定するため,requirements_inquiry_evidence_thinking_exam_partition_dependency_integrated_v0_1.md,157,ARROW,requirements_inquiry_evidence_thinking_exam_partition_dependency_integrated_v0_1.md,1
REQ-EVIDENCE-005,FUNCTION,REQ-EVIDENCE-001,結果と考察、事実と意見、根拠と結論を区別して問うため,requirements_inquiry_evidence_thinking_exam_partition_dependency_integrated_v0_1.md,104,ARROW,requirements_inquiry_evidence_thinking_exam_partition_dependency_integrated_v0_1.md,1
REQ-EVIDENCE-006,FUNCTION,REQ-ANSWER-005,正誤だけでなく複数観点の評価基準を関連付けるため,requirements_inquiry_evidence_thinking_exam_partition_dependency_integrated_v0_1.md,159,ARROW,requirements_inquiry_evidence_thinking_exam_partition_dependency_integrated_v0_1.md,1
REQ-EVIDENCE-006,FUNCTION,REQ-EVIDENCE-002,根拠を伴う説明・提案・判断を評価対象とするため,requirements_inquiry_evidence_thinking_exam_partition_dependency_integrated_v0_1.md,106,ARROW,requirements_inquiry_evidence_thinking_exam_partition_dependency_integrated_v0_1.md,1
REQ-EXAM-PART-001,REFERENCE,REQ-SCOPE-004,学校教科と外部検定を同一基盤で扱う方針に従うため,requirements_inquiry_evidence_thinking_exam_partition_dependency_integrated_v0_1.md,167,ARROW,requirements_inquiry_evidence_thinking_exam_partition_dependency_integrated_v0_1.md,1
REQ-EXAM-PART-001,STRUCTURE,REQ-CATALOG-001,検定または試験内の区分を管理対象として識別するため,requirements_inquiry_evidence_thinking_exam_partition_dependency_integrated_v0_1.md,165,ARROW,requirements_inquiry_evidence_thinking_exam_partition_dependency_integrated_v0_1.md,1
REQ-EXAM-PART-002,DATA,REQ-QUESTION-001,出題形式や問題数・構成を試験区分へ関連付けるため,requirements_inquiry_evidence_thinking_exam_partition_dependency_integrated_v0_1.md,169,ARROW,requirements_inquiry_evidence_thinking_exam_partition_dependency_integrated_v0_1.md,1
REQ-EXAM-PART-002,STRUCTURE,REQ-EXAM-PART-001,試験区分ごとの管理項目を定義するため,requirements_inquiry_evidence_thinking_exam_partition_dependency_integrated_v0_1.md,116,ARROW,requirements_inquiry_evidence_thinking_exam_partition_dependency_integrated_v0_1.md,1
REQ-EXAM-PART-003,REFERENCE,REQ-CATALOG-001,複数区分で扱われる同一学習内容を参照するため,requirements_inquiry_evidence_thinking_exam_partition_dependency_integrated_v0_1.md,171,ARROW,requirements_inquiry_evidence_thinking_exam_partition_dependency_integrated_v0_1.md,1
REQ-EXAM-PART-003,REFERENCE,REQ-QUESTION-001,試験区分ごとの異なる問題形式や技能を表現するため,requirements_inquiry_evidence_thinking_exam_partition_dependency_integrated_v0_1.md,173,ARROW,requirements_inquiry_evidence_thinking_exam_partition_dependency_integrated_v0_1.md,1
REQ-EXAM-PART-003,STRUCTURE,REQ-EXAM-PART-001,同一学習内容を複数の試験区分へ関連付けるため,requirements_inquiry_evidence_thinking_exam_partition_dependency_integrated_v0_1.md,118,ARROW,requirements_inquiry_evidence_thinking_exam_partition_dependency_integrated_v0_1.md,1
REQ-EXAM-PART-004,DATA,REQ-EVENT-003,試験区分に関連する回答イベントを集計元とするため,requirements_inquiry_evidence_thinking_exam_partition_dependency_integrated_v0_1.md,175,ARROW,requirements_inquiry_evidence_thinking_exam_partition_dependency_integrated_v0_1.md,1
REQ-EXAM-PART-004,DATA,REQ-PROGRESS-004,試験全体と試験区分の複数単位で進捗を集約するため,requirements_inquiry_evidence_thinking_exam_partition_dependency_integrated_v0_1.md,177,ARROW,requirements_inquiry_evidence_thinking_exam_partition_dependency_integrated_v0_1.md,1
REQ-EXAM-PART-004,FUNCTION,REQ-EXAM-PART-001,試験区分単位で学習履歴や模擬試験結果を集計するため,requirements_inquiry_evidence_thinking_exam_partition_dependency_integrated_v0_1.md,120,ARROW,requirements_inquiry_evidence_thinking_exam_partition_dependency_integrated_v0_1.md,1
REQ-EXAM-PART-005,STRUCTURE,REQ-EXAM-PART-002,試験区分ごとの評価基準と試験全体の合格条件を区別するため,requirements_inquiry_evidence_thinking_exam_partition_dependency_integrated_v0_1.md,122,ARROW,requirements_inquiry_evidence_thinking_exam_partition_dependency_integrated_v0_1.md,1
REQ-EXAM-PART-006,DATA,REQ-EXAM-PART-002,時間、問題数、合格基準などの変更対象を管理するため,requirements_inquiry_evidence_thinking_exam_partition_dependency_integrated_v0_1.md,124,ARROW,requirements_inquiry_evidence_thinking_exam_partition_dependency_integrated_v0_1.md,1
REQ-EXAM-PART-006,REFERENCE,REQ-SOURCE-001,試験制度の公式情報と改訂根拠を参照するため,requirements_inquiry_evidence_thinking_exam_partition_dependency_integrated_v0_1.md,179,ARROW,requirements_inquiry_evidence_thinking_exam_partition_dependency_integrated_v0_1.md,1
REQ-EXPORT-001,DATA,REQ-EVENT-003,通常教材と目的別問題集に共通する回答イベントを出力するため,requirements_purpose_progress_analysis_output_dependency_integrated_v0_1.md,177,ARROW,requirements_purpose_progress_analysis_output_dependency_integrated_v0_1.md,1
REQ-EXPORT-001,REFERENCE,REQ-EVENT-007,通常教材と目的別問題集を含む全実行経路の回答イベントを横断参照するため,requirements_purpose_progress_analysis_output_dependency_integrated_v0_1.md,179,ARROW,requirements_purpose_progress_analysis_output_dependency_integrated_v0_1.md,1
REQ-EXPORT-001,REFERENCE,REQ-PURPOSE-001,目的別問題集の実行対象を識別するため,requirements_purpose_progress_analysis_output_dependency_integrated_v0_1.md,106,ARROW,requirements_purpose_progress_analysis_output_dependency_integrated_v0_1.md,1
REQ-EXPORT-002,DATA,REQ-CYCLE-011,回答イベントに関連する周回情報を出力するため,requirements_purpose_progress_analysis_output_dependency_integrated_v0_1.md,185,ARROW,requirements_purpose_progress_analysis_output_dependency_integrated_v0_1.md,1
REQ-EXPORT-002,DATA,REQ-EVENT-002,セッション識別情報や実行対象などを出力するため,requirements_purpose_progress_analysis_output_dependency_integrated_v0_1.md,181,ARROW,requirements_purpose_progress_analysis_output_dependency_integrated_v0_1.md,1
REQ-EXPORT-002,DATA,REQ-EVENT-004,問題、判定結果、日時、所要時間などを出力するため,requirements_purpose_progress_analysis_output_dependency_integrated_v0_1.md,183,ARROW,requirements_purpose_progress_analysis_output_dependency_integrated_v0_1.md,1
REQ-EXPORT-002,DATA,REQ-RESUME-001,途中終了および再開に関する状態を出力するため,requirements_purpose_progress_analysis_output_dependency_integrated_v0_1.md,187,ARROW,requirements_purpose_progress_analysis_output_dependency_integrated_v0_1.md,1
REQ-EXPORT-002,STRUCTURE,REQ-EXPORT-001,回答イベントのエクスポート項目を定義するため,requirements_purpose_progress_analysis_output_dependency_integrated_v0_1.md,108,ARROW,requirements_purpose_progress_analysis_output_dependency_integrated_v0_1.md,1
REQ-EXPORT-003,FUNCTION,REQ-EXPORT-001,分析可能な回答イベントデータを利用するため,requirements_purpose_progress_analysis_output_dependency_integrated_v0_1.md,110,ARROW,requirements_purpose_progress_analysis_output_dependency_integrated_v0_1.md,1
REQ-EXPORT-003,FUNCTION,REQ-EXPORT-002,アルゴリズム検証に必要な項目を利用するため,requirements_purpose_progress_analysis_output_dependency_integrated_v0_1.md,112,ARROW,requirements_purpose_progress_analysis_output_dependency_integrated_v0_1.md,1
REQ-EXPORT-003,FUNCTION,REQ-MASTERY-012,改善したアルゴリズムによる再評価へつなげるため,requirements_purpose_progress_analysis_output_dependency_integrated_v0_1.md,191,ARROW,requirements_purpose_progress_analysis_output_dependency_integrated_v0_1.md,1
REQ-EXPORT-003,REFERENCE,REQ-MASTERY-011,検証対象となる定着判定アルゴリズム版を識別するため,requirements_purpose_progress_analysis_output_dependency_integrated_v0_1.md,189,ARROW,requirements_purpose_progress_analysis_output_dependency_integrated_v0_1.md,1
REQ-FILE-001,FUNCTION,REQ-PRINT-001,印刷可能なPDFを生成するには、問題データから印刷出力を生成できる必要がある。,requirements_visual_print_file_output_e5_dependency_integrated_v0_1.md,53,TABLE,requirements_visual_print_file_output_e5_dependency_integrated_v0_1.md,1
REQ-FILE-001,PRESENTATION,REQ-LAYOUT-005,印刷可能なPDFを生成するには、用紙へ収まる読みやすいレイアウトが確定している必要がある。,requirements_visual_print_file_output_e5_dependency_integrated_v0_1.md,54,TABLE,requirements_visual_print_file_output_e5_dependency_integrated_v0_1.md,1
REQ-FILE-002,FUNCTION,REQ-PRINT-001,編集可能な中間形式を出力するには、問題データから出力物を生成する共通機能が必要である。,requirements_visual_print_file_output_e5_dependency_integrated_v0_1.md,55,TABLE,requirements_visual_print_file_output_e5_dependency_integrated_v0_1.md,1
REQ-FILE-002,REFERENCE,REQ-QUESTION-001,Markdownなどへ問題内容を出力するには、問題文、解答、解説などが分離して管理されている必要がある。,requirements_visual_print_file_output_e5_dependency_integrated_v0_1.md,56,TABLE,requirements_visual_print_file_output_e5_dependency_integrated_v0_1.md,1
REQ-FILE-003,FUNCTION,REQ-PRINT-003,問題用紙と解答・解説を別ファイルにするには、各出力物を個別に生成できる必要がある。,requirements_visual_print_file_output_e5_dependency_integrated_v0_1.md,57,TABLE,requirements_visual_print_file_output_e5_dependency_integrated_v0_1.md,1
REQ-FILE-004,REFERENCE,REQ-PRINT-007,内容を識別できる名称をファイル名へ含めるには、印刷物のタイトルや対象範囲が確定している必要がある。,requirements_visual_print_file_output_e5_dependency_integrated_v0_1.md,59,TABLE,requirements_visual_print_file_output_e5_dependency_integrated_v0_1.md,1
REQ-FILE-004,STRUCTURE,REQ-FILE-001,PDFのファイル名へ識別名称と出力日を含めるには、出力ファイルが生成対象として定義されている必要がある。,requirements_visual_print_file_output_e5_dependency_integrated_v0_1.md,58,TABLE,requirements_visual_print_file_output_e5_dependency_integrated_v0_1.md,1
REQ-FILE-005,DATA,REQ-PRINT-006,出力条件を追跡するには、対象範囲、問題数、問題順を保存できる必要がある。,requirements_visual_print_file_output_e5_dependency_integrated_v0_1.md,60,TABLE,requirements_visual_print_file_output_e5_dependency_integrated_v0_1.md,1
REQ-FILE-005,REFERENCE,REQ-ID-004,生成物から元教材を追跡するには、教材を含む主要な管理対象を一意に識別できる必要がある。,requirements_visual_print_file_output_e5_dependency_integrated_v0_1.md,61,TABLE,requirements_visual_print_file_output_e5_dependency_integrated_v0_1.md,1
REQ-FILE-005,REFERENCE,REQ-PURPOSE-001,生成物から元の目的別問題集を追跡するには、目的別問題集を一意に識別して管理できる必要がある。,requirements_visual_print_file_output_e5_dependency_integrated_v0_1.md,62,TABLE,requirements_visual_print_file_output_e5_dependency_integrated_v0_1.md,1
REQ-FILE-005,REFERENCE,REQ-QUESTION-001,生成物から元問題を追跡するには、問題を一意に識別して管理できる必要がある。,requirements_visual_print_file_output_e5_dependency_integrated_v0_1.md,63,TABLE,requirements_visual_print_file_output_e5_dependency_integrated_v0_1.md,1
REQ-FILE-006,DATA,REQ-FILE-005,同じ条件で印刷物を再生成するには、元教材、問題、問題集、出力条件を追跡できる必要がある。,requirements_visual_print_file_output_e5_dependency_integrated_v0_1.md,64,TABLE,requirements_visual_print_file_output_e5_dependency_integrated_v0_1.md,1
REQ-FILE-006,FUNCTION,REQ-FILE-001,同じ条件から印刷物を再生成するには、印刷可能なファイルを生成する機能が必要である。,requirements_visual_print_file_output_e5_dependency_integrated_v0_1.md,65,TABLE,requirements_visual_print_file_output_e5_dependency_integrated_v0_1.md,1
REQ-GEOMETRY-001,STRUCTURE,REQ-VISUAL-003,図形を構造化された表示資料として管理するには、表示資料の種類として図形を扱える必要がある。,requirements_visual_print_file_output_e2_dependency_integrated_v0_1.md,70,TABLE,requirements_visual_print_file_output_e2_dependency_integrated_v0_1.md,1
REQ-GEOMETRY-002,STRUCTURE,REQ-GEOMETRY-001,図形へ記号や数値を表示するには、頂点、辺、角、長さなどの図形要素が識別されている必要がある。,requirements_visual_print_file_output_e2_dependency_integrated_v0_1.md,71,TABLE,requirements_visual_print_file_output_e2_dependency_integrated_v0_1.md,1
REQ-GEOMETRY-003,REFERENCE,REQ-SPACE-001,作図欄の大きさを指定するには、問題ごとの記入スペースを設定できる必要がある。,requirements_visual_print_file_output_e2_dependency_integrated_v0_1.md,73,TABLE,requirements_visual_print_file_output_e2_dependency_integrated_v0_1.md,1
REQ-GEOMETRY-003,STRUCTURE,REQ-GEOMETRY-001,作図問題の基準図や条件を指定するには、対象となる図形を構造化して管理できる必要がある。,requirements_visual_print_file_output_e2_dependency_integrated_v0_1.md,72,TABLE,requirements_visual_print_file_output_e2_dependency_integrated_v0_1.md,1
REQ-GEOMETRY-004,PRESENTATION,REQ-SPACE-005,作図量に応じて十分な余白を確保するには、作業量に応じて印刷スペースを変えられる必要がある。,requirements_visual_print_file_output_e2_dependency_integrated_v0_1.md,75,TABLE,requirements_visual_print_file_output_e2_dependency_integrated_v0_1.md,1
REQ-GEOMETRY-004,PRESENTATION,REQ-VISUAL-007,基準図と作図欄がページをまたいで分断されないためには、図表と解答欄の分断を制御できる必要がある。,requirements_visual_print_file_output_e2_dependency_integrated_v0_1.md,76,TABLE,requirements_visual_print_file_output_e2_dependency_integrated_v0_1.md,1
REQ-GEOMETRY-004,STRUCTURE,REQ-GEOMETRY-003,印刷時に実際に作図できる領域を確保するには、作図欄の大きさや作図条件が定義されている必要がある。,requirements_visual_print_file_output_e2_dependency_integrated_v0_1.md,74,TABLE,requirements_visual_print_file_output_e2_dependency_integrated_v0_1.md,1
REQ-GRAPH-001,STRUCTURE,REQ-VISUAL-003,グラフを構造化された表示資料として扱うには、表示資料の種類としてグラフを扱える必要がある。,requirements_visual_print_file_output_e2_dependency_integrated_v0_1.md,62,TABLE,requirements_visual_print_file_output_e2_dependency_integrated_v0_1.md,1
REQ-GRAPH-002,STRUCTURE,REQ-GRAPH-001,複数のグラフ種類を扱うには、グラフ種類を構造化属性として管理できる必要がある。,requirements_visual_print_file_output_e2_dependency_integrated_v0_1.md,63,TABLE,requirements_visual_print_file_output_e2_dependency_integrated_v0_1.md,1
REQ-GRAPH-003,STRUCTURE,REQ-GRAPH-001,軸、単位、表示範囲、目盛りなどを設定するには、グラフを元データと属性を持つ構造として管理する必要がある。,requirements_visual_print_file_output_e2_dependency_integrated_v0_1.md,64,TABLE,requirements_visual_print_file_output_e2_dependency_integrated_v0_1.md,1
REQ-GRAPH-004,STRUCTURE,REQ-GRAPH-001,座標平面を構造化して管理するには、軸、単位、点などを持つグラフの共通構造が必要である。,requirements_visual_print_file_output_e2_dependency_integrated_v0_1.md,65,TABLE,requirements_visual_print_file_output_e2_dependency_integrated_v0_1.md,1
REQ-GRAPH-004,STRUCTURE,REQ-GRAPH-003,座標平面の表示範囲、軸、目盛りを設定するには、グラフの軸と表示設定を管理できる必要がある。,requirements_visual_print_file_output_e2_dependency_integrated_v0_1.md,66,TABLE,requirements_visual_print_file_output_e2_dependency_integrated_v0_1.md,1
REQ-GRAPH-005,DATA,REQ-GRAPH-001,構造化定義からグラフを再生成するには、元データ、軸、単位、種類を保存できる必要がある。,requirements_visual_print_file_output_e2_dependency_integrated_v0_1.md,67,TABLE,requirements_visual_print_file_output_e2_dependency_integrated_v0_1.md,1
REQ-GRAPH-005,PRESENTATION,REQ-VISUAL-006,画面用と印刷用のグラフを再生成するには、両者のサイズ・配置設定を分離して管理できる必要がある。,requirements_visual_print_file_output_e2_dependency_integrated_v0_1.md,69,TABLE,requirements_visual_print_file_output_e2_dependency_integrated_v0_1.md,1
REQ-GRAPH-005,STRUCTURE,REQ-GRAPH-003,再生成時に同じ表示条件を再現するには、表示範囲、目盛り、系列などを構造化して保持する必要がある。,requirements_visual_print_file_output_e2_dependency_integrated_v0_1.md,68,TABLE,requirements_visual_print_file_output_e2_dependency_integrated_v0_1.md,1
REQ-ID-007,CONCEPT,REQ-ID-001,表示順をID文字列から推測しないためには、IDを分類・表示順・学習内容などの意味判断に使用しない原則が必要である。,requirements_question_metadata_dependency_integrated_v0_1.md,53,TABLE,requirements_question_metadata_dependency_integrated_v0_1.md,1
REQ-INQUIRY-001,REFERENCE,REQ-CATALOG-001,教科ごとの探究段階を学習内容として管理するため,requirements_inquiry_evidence_thinking_exam_partition_dependency_integrated_v0_1.md,131,ARROW,requirements_inquiry_evidence_thinking_exam_partition_dependency_integrated_v0_1.md,1
REQ-INQUIRY-001,STRUCTURE,REQ-CONTENT-003,探究過程を複数段階からなる学習構造として表現するため,requirements_inquiry_evidence_thinking_exam_partition_dependency_integrated_v0_1.md,129,ARROW,requirements_inquiry_evidence_thinking_exam_partition_dependency_integrated_v0_1.md,1
REQ-INQUIRY-002,CONCEPT,REQ-INQUIRY-001,探究過程全体と特定段階だけの学習を区別するため,requirements_inquiry_evidence_thinking_exam_partition_dependency_integrated_v0_1.md,86,ARROW,requirements_inquiry_evidence_thinking_exam_partition_dependency_integrated_v0_1.md,1
REQ-INQUIRY-002,REFERENCE,REQ-PURPOSE-001,探究全体または一段階を目的別学習として構成するため,requirements_inquiry_evidence_thinking_exam_partition_dependency_integrated_v0_1.md,133,ARROW,requirements_inquiry_evidence_thinking_exam_partition_dependency_integrated_v0_1.md,1
REQ-INQUIRY-003,REFERENCE,REQ-CONTENT-001,探究段階に関連付ける問題または学習活動を識別するため,requirements_inquiry_evidence_thinking_exam_partition_dependency_integrated_v0_1.md,135,ARROW,requirements_inquiry_evidence_thinking_exam_partition_dependency_integrated_v0_1.md,1
REQ-INQUIRY-003,STRUCTURE,REQ-INQUIRY-001,問題または学習活動を探究段階へ関連付けるため,requirements_inquiry_evidence_thinking_exam_partition_dependency_integrated_v0_1.md,88,ARROW,requirements_inquiry_evidence_thinking_exam_partition_dependency_integrated_v0_1.md,1
REQ-INQUIRY-004,DATA,REQ-ANSWER-005,正誤以外の評価結果を確認するため,requirements_inquiry_evidence_thinking_exam_partition_dependency_integrated_v0_1.md,141,ARROW,requirements_inquiry_evidence_thinking_exam_partition_dependency_integrated_v0_1.md,1
REQ-INQUIRY-004,DATA,REQ-EVENT-003,探究段階に関連する回答イベントを履歴と正誤の根拠とするため,requirements_inquiry_evidence_thinking_exam_partition_dependency_integrated_v0_1.md,137,ARROW,requirements_inquiry_evidence_thinking_exam_partition_dependency_integrated_v0_1.md,1
REQ-INQUIRY-004,DATA,REQ-PROGRESS-001,問題ごとの進捗を探究段階単位へ集約するため,requirements_inquiry_evidence_thinking_exam_partition_dependency_integrated_v0_1.md,139,ARROW,requirements_inquiry_evidence_thinking_exam_partition_dependency_integrated_v0_1.md,1
REQ-INQUIRY-004,FUNCTION,REQ-INQUIRY-003,探究段階ごとの学習結果を集計するため,requirements_inquiry_evidence_thinking_exam_partition_dependency_integrated_v0_1.md,90,ARROW,requirements_inquiry_evidence_thinking_exam_partition_dependency_integrated_v0_1.md,1
REQ-INQUIRY-005,DATA,REQ-EVIDENCE-001,前段階で得た事実・結果・考察を後続段階から参照するため,requirements_inquiry_evidence_thinking_exam_partition_dependency_integrated_v0_1.md,94,ARROW,requirements_inquiry_evidence_thinking_exam_partition_dependency_integrated_v0_1.md,1
REQ-INQUIRY-005,STRUCTURE,REQ-INQUIRY-001,探究段階間の順序関係を表現するため,requirements_inquiry_evidence_thinking_exam_partition_dependency_integrated_v0_1.md,92,ARROW,requirements_inquiry_evidence_thinking_exam_partition_dependency_integrated_v0_1.md,1
REQ-INQUIRY-006,DATA,REQ-EVENT-001,途中成果を探究学習セッションへ関連付けるため,requirements_inquiry_evidence_thinking_exam_partition_dependency_integrated_v0_1.md,143,ARROW,requirements_inquiry_evidence_thinking_exam_partition_dependency_integrated_v0_1.md,1
REQ-INQUIRY-006,FUNCTION,REQ-INQUIRY-005,前段階の途中成果を保持したまま後続段階を再開するため,requirements_inquiry_evidence_thinking_exam_partition_dependency_integrated_v0_1.md,96,ARROW,requirements_inquiry_evidence_thinking_exam_partition_dependency_integrated_v0_1.md,1
REQ-INQUIRY-006,FUNCTION,REQ-RESUME-001,中断した学習セッションを後から再開するため,requirements_inquiry_evidence_thinking_exam_partition_dependency_integrated_v0_1.md,145,ARROW,requirements_inquiry_evidence_thinking_exam_partition_dependency_integrated_v0_1.md,1
REQ-INTEGRITY-001,VALIDATION,REQ-REFERENCE-001,,requirements_backup_restore_dependency_integrated_v0_1.md,33,TABLE,requirements_backup_restore_dependency_integrated_v0_1.md;requirements_data_dependency_integrated_v0_1.md;requirements_data_dependency_integrated_v0_2.md,3
REQ-INTEGRITY-001,VALIDATION,REQ-REFERENCE-002,,requirements_backup_restore_dependency_integrated_v0_1.md,34,TABLE,requirements_backup_restore_dependency_integrated_v0_1.md;requirements_data_dependency_integrated_v0_1.md;requirements_data_dependency_integrated_v0_2.md,3
REQ-INTEGRITY-001,VALIDATION,REQ-VALIDATION-002,,requirements_backup_restore_dependency_integrated_v0_1.md,35,TABLE,requirements_backup_restore_dependency_integrated_v0_1.md;requirements_data_dependency_integrated_v0_1.md;requirements_data_dependency_integrated_v0_2.md,3
REQ-INTEGRITY-002,VALIDATION,REQ-ASSET-005,,requirements_backup_restore_dependency_integrated_v0_1.md,39,TABLE,requirements_backup_restore_dependency_integrated_v0_1.md;requirements_data_dependency_integrated_v0_1.md;requirements_data_dependency_integrated_v0_2.md,3
REQ-INTEGRITY-002,VALIDATION,REQ-CATALOG-REF-005,,requirements_backup_restore_dependency_integrated_v0_1.md,40,TABLE,requirements_backup_restore_dependency_integrated_v0_1.md;requirements_data_dependency_integrated_v0_1.md;requirements_data_dependency_integrated_v0_2.md,3
REQ-INTEGRITY-002,VALIDATION,REQ-COPYRIGHT-001,,requirements_backup_restore_dependency_integrated_v0_1.md,42,TABLE,requirements_backup_restore_dependency_integrated_v0_1.md;requirements_data_dependency_integrated_v0_1.md;requirements_data_dependency_integrated_v0_2.md,3
REQ-INTEGRITY-002,VALIDATION,REQ-ID-005,,requirements_backup_restore_dependency_integrated_v0_1.md,37,TABLE,requirements_backup_restore_dependency_integrated_v0_1.md;requirements_data_dependency_integrated_v0_1.md;requirements_data_dependency_integrated_v0_2.md,3
REQ-INTEGRITY-002,VALIDATION,REQ-INTEGRITY-001,,requirements_backup_restore_dependency_integrated_v0_1.md,36,TABLE,requirements_backup_restore_dependency_integrated_v0_1.md;requirements_data_dependency_integrated_v0_1.md;requirements_data_dependency_integrated_v0_2.md,3
REQ-INTEGRITY-002,VALIDATION,REQ-STATUS-001,,requirements_backup_restore_dependency_integrated_v0_1.md,38,TABLE,requirements_backup_restore_dependency_integrated_v0_1.md;requirements_data_dependency_integrated_v0_1.md;requirements_data_dependency_integrated_v0_2.md,3
REQ-INTEGRITY-002,VALIDATION,REQ-VALIDATION-001,,requirements_backup_restore_dependency_integrated_v0_1.md,41,TABLE,requirements_backup_restore_dependency_integrated_v0_1.md;requirements_data_dependency_integrated_v0_1.md;requirements_data_dependency_integrated_v0_2.md,3
REQ-INTEGRITY-003,DATA,REQ-PROGRESS-006,周回状態と対象問題の関係を検証するには、目的別問題集固有の周回状態を管理できる必要がある。,requirements_final_group_f5_dependency_integrated_v0_1.md,46,ARROW,requirements_final_group_f5_dependency_integrated_v0_1.md,1
REQ-INTEGRITY-003,REFERENCE,REQ-EVENT-001,回答イベントと学習セッションの関係を検証するには、学習セッションを一意に識別できる必要がある。,requirements_final_group_f5_dependency_integrated_v0_1.md,42,ARROW,requirements_final_group_f5_dependency_integrated_v0_1.md,1
REQ-INTEGRITY-003,REFERENCE,REQ-EVENT-003,回答イベントと学習セッションの関係を検証するには、回答を個別の事実データとして識別できる必要がある。,requirements_final_group_f5_dependency_integrated_v0_1.md,44,ARROW,requirements_final_group_f5_dependency_integrated_v0_1.md,1
REQ-INTEGRITY-004,DATA,REQ-LEARNING-STATE-006,定着状態や学習状態と回答イベントの不一致を検出するには、それらを回答イベントから再計算できる必要がある。,requirements_final_group_f5_dependency_integrated_v0_1.md,48,ARROW,requirements_final_group_f5_dependency_integrated_v0_1.md,1
REQ-INTEGRITY-004,VALIDATION,REQ-MASTERY-010,定着状態や復習状態の不整合を検出するには、回答イベントから状態を再計算できる必要がある。,requirements_final_group_f5_dependency_integrated_v0_1.md,50,ARROW,requirements_final_group_f5_dependency_integrated_v0_1.md,1
REQ-INTEGRITY-004,VALIDATION,REQ-MASTERY-014,正答回数や誤答回数などの集計値を検証するには、回答イベントから集計値を再計算できる必要がある。,requirements_final_group_f5_dependency_integrated_v0_1.md,52,ARROW,requirements_final_group_f5_dependency_integrated_v0_1.md,1
REQ-INTEGRITY-005,REFERENCE,REQ-INTEGRITY-003,回答イベント、学習セッション、周回状態に関する不整合結果を表示するには、それらの関係を検査できる必要がある。,requirements_final_group_f5_dependency_integrated_v0_1.md,56,ARROW,requirements_final_group_f5_dependency_integrated_v0_1.md,1
REQ-INTEGRITY-005,REFERENCE,REQ-INTEGRITY-004,定着状態や集計値の不整合結果を表示するには、元となる回答イベントとの不一致を検出できる必要がある。,requirements_final_group_f5_dependency_integrated_v0_1.md,58,ARROW,requirements_final_group_f5_dependency_integrated_v0_1.md,1
REQ-INTEGRITY-005,STRUCTURE,REQ-INTEGRITY-002,不整合検査結果の対象と原因を表示するには、検出対象となる主要な不整合が定義されている必要がある。,requirements_final_group_f5_dependency_integrated_v0_1.md,54,ARROW,requirements_final_group_f5_dependency_integrated_v0_1.md,1
REQ-INTEGRITY-006,VALIDATION,REQ-INTEGRITY-002,,requirements_backup_restore_dependency_integrated_v0_1.md,43,TABLE,requirements_backup_restore_dependency_integrated_v0_1.md;requirements_data_dependency_integrated_v0_1.md;requirements_data_dependency_integrated_v0_2.md,3
REQ-INTEGRITY-007,REFERENCE,REQ-INTEGRITY-005,修復前の状態と修復内容を記録するには、修復対象となった不整合の対象、原因、重大度を識別できる必要がある。,requirements_final_group_f5_dependency_integrated_v0_1.md,60,ARROW,requirements_final_group_f5_dependency_integrated_v0_1.md,1
REQ-INTEGRITY-007,STRUCTURE,REQ-PERSISTENCE-005,修復処理の途中で一部だけが確定することを防ぐには、関連データを不整合なく保存できる必要がある。,requirements_final_group_f5_dependency_integrated_v0_1.md,64,ARROW,requirements_final_group_f5_dependency_integrated_v0_1.md,1
REQ-INTEGRITY-007,VALIDATION,REQ-EVENT-006,自動修復によって元の事実データを不用意に書き換えないため、回答イベントを変更されない事実として扱う必要がある。,requirements_final_group_f5_dependency_integrated_v0_1.md,62,ARROW,requirements_final_group_f5_dependency_integrated_v0_1.md,1
REQ-INTEGRITY-008,FUNCTION,REQ-INTEGRITY-002,定期的な整合性検査を自動実行するには、主要な不整合を検出する検査機能が定義されている必要がある。,requirements_final_group_f5_dependency_integrated_v0_1.md,66,ARROW,requirements_final_group_f5_dependency_integrated_v0_1.md,1
REQ-INTEGRITY-008,FUNCTION,REQ-INTEGRITY-003,バックアップ前後に学習履歴や周回状態の整合性を確認するには、それらの関係を検査できる必要がある。,requirements_final_group_f5_dependency_integrated_v0_1.md,68,ARROW,requirements_final_group_f5_dependency_integrated_v0_1.md,1
REQ-INTEGRITY-008,FUNCTION,REQ-INTEGRITY-004,バックアップ前後に定着状態や集計値を確認するには、回答イベントとの不一致を検出できる必要がある。,requirements_final_group_f5_dependency_integrated_v0_1.md,70,ARROW,requirements_final_group_f5_dependency_integrated_v0_1.md,1
REQ-INTEGRITY-008,REFERENCE,REQ-BACKUP-001,バックアップ前後を実行契機として扱うには、バックアップ作成機能が定義されている必要がある。,requirements_final_group_f5_dependency_integrated_v0_1.md,72,ARROW,requirements_final_group_f5_dependency_integrated_v0_1.md,1
REQ-LAYOUT-001,REFERENCE,REQ-COMPOSITE-002,面接カード用レイアウトを扱うには、面接カードの構成要素が構造化されている必要がある。,requirements_visual_print_file_output_e5_dependency_integrated_v0_1.md,44,TABLE,requirements_visual_print_file_output_e5_dependency_integrated_v0_1.md,1
REQ-LAYOUT-001,STRUCTURE,REQ-QUESTION-001,問題形式に応じたレイアウトを選択するには、問題の形式と構成要素を管理できる必要がある。,requirements_visual_print_file_output_e5_dependency_integrated_v0_1.md,42,TABLE,requirements_visual_print_file_output_e5_dependency_integrated_v0_1.md,1
REQ-LAYOUT-001,STRUCTURE,REQ-SPACE-001,計算、作文、作図などに適したレイアウトを生成するには、問題ごとの記入欄の要否と大きさが定義されている必要がある。,requirements_visual_print_file_output_e5_dependency_integrated_v0_1.md,43,TABLE,requirements_visual_print_file_output_e5_dependency_integrated_v0_1.md,1
REQ-LAYOUT-002,STRUCTURE,REQ-LAYOUT-001,問題や図表のページ分断を制御するには、対象となる問題レイアウトが定義されている必要がある。,requirements_visual_print_file_output_e5_dependency_integrated_v0_1.md,45,TABLE,requirements_visual_print_file_output_e5_dependency_integrated_v0_1.md,1
REQ-LAYOUT-003,FUNCTION,REQ-LAYOUT-002,問題の前で改ページするには、問題単位のページ分断を制御できる必要がある。,requirements_visual_print_file_output_e5_dependency_integrated_v0_1.md,46,TABLE,requirements_visual_print_file_output_e5_dependency_integrated_v0_1.md,1
REQ-LAYOUT-004,PRESENTATION,REQ-MEDIA-006,白黒印刷で画像や図表を判別可能にするには、印刷用途に適した画像表示を管理できる必要がある。,requirements_visual_print_file_output_e5_dependency_integrated_v0_1.md,48,TABLE,requirements_visual_print_file_output_e5_dependency_integrated_v0_1.md,1
REQ-LAYOUT-004,PRESENTATION,REQ-VISUAL-004,白黒印刷でも図表や重要な区別を理解できるようにするには、色だけに依存しない表示表現を扱える必要がある。,requirements_visual_print_file_output_e5_dependency_integrated_v0_1.md,47,TABLE,requirements_visual_print_file_output_e5_dependency_integrated_v0_1.md,1
REQ-LAYOUT-005,REFERENCE,REQ-PRINT-006,問題数と問題順に応じたレイアウトを生成するには、印刷対象の問題数と順序が確定している必要がある。,requirements_visual_print_file_output_e5_dependency_integrated_v0_1.md,51,TABLE,requirements_visual_print_file_output_e5_dependency_integrated_v0_1.md,1
REQ-LAYOUT-005,STRUCTURE,REQ-LAYOUT-001,問題形式に応じた読みやすいA4レイアウトを生成するには、対応する問題レイアウトが定義されている必要がある。,requirements_visual_print_file_output_e5_dependency_integrated_v0_1.md,49,TABLE,requirements_visual_print_file_output_e5_dependency_integrated_v0_1.md,1
REQ-LAYOUT-005,STRUCTURE,REQ-SPACE-005,問題数と記入欄に応じて配置を調整するには、問題ごとに必要な印刷スペースを算出できる必要がある。,requirements_visual_print_file_output_e5_dependency_integrated_v0_1.md,50,TABLE,requirements_visual_print_file_output_e5_dependency_integrated_v0_1.md,1
REQ-LAYOUT-006,STRUCTURE,REQ-LAYOUT-005,用紙サイズ、縦横方向、余白を変更するには、基本となる印刷レイアウトが生成できる必要がある。,requirements_visual_print_file_output_e5_dependency_integrated_v0_1.md,52,TABLE,requirements_visual_print_file_output_e5_dependency_integrated_v0_1.md,1
REQ-LEARNING-STATE-001,CONCEPT,REQ-CONTENT-001,,requirements_learning_data_dependency_integrated_v0_1.md,32,TABLE,requirements_learning_data_dependency_integrated_v0_1.md,1
REQ-LEARNING-STATE-001,CONCEPT,REQ-CONTENT-003,,requirements_learning_data_dependency_integrated_v0_1.md,33,TABLE,requirements_learning_data_dependency_integrated_v0_1.md,1
REQ-LEARNING-STATE-001,CONCEPT,REQ-MASTERY-001,,requirements_data_dependency_integrated_v0_1.md,34,TABLE,requirements_data_dependency_integrated_v0_1.md;requirements_data_dependency_integrated_v0_2.md,2
REQ-LEARNING-STATE-001,CONCEPT,REQ-PROGRESS-001,,requirements_data_dependency_integrated_v0_1.md,33,TABLE,requirements_data_dependency_integrated_v0_1.md;requirements_data_dependency_integrated_v0_2.md,2
REQ-LEARNING-STATE-002,DATA,REQ-EVENT-003,1回以上取り組んだ事実を回答イベントから判定するため,requirements_weakness_mastery_review_need_dependency_integrated_v0_1.md,135,ARROW,requirements_weakness_mastery_review_need_dependency_integrated_v0_1.md,1
REQ-LEARNING-STATE-002,REFERENCE,REQ-CONTENT-001,取り組み済み状態を問題単位で保持するため,requirements_weakness_mastery_review_need_dependency_integrated_v0_1.md,137,ARROW,requirements_weakness_mastery_review_need_dependency_integrated_v0_1.md,1
REQ-LEARNING-STATE-003,CONCEPT,REQ-LEARNING-STATE-002,誤答やパスでも取り組み済み状態を保持するため,requirements_weakness_mastery_review_need_dependency_integrated_v0_1.md,108,ARROW,requirements_weakness_mastery_review_need_dependency_integrated_v0_1.md,1
REQ-LEARNING-STATE-003,DATA,REQ-EVENT-004,誤答またはパスの回答事実を学習実績として利用するため,requirements_weakness_mastery_review_need_dependency_integrated_v0_1.md,139,ARROW,requirements_weakness_mastery_review_need_dependency_integrated_v0_1.md,1
REQ-LEARNING-STATE-004,CONCEPT,REQ-LEARNING-STATE-001,,requirements_data_dependency_integrated_v0_1.md,50,TABLE,requirements_data_dependency_integrated_v0_1.md;requirements_data_dependency_integrated_v0_2.md;requirements_learning_data_dependency_integrated_v0_1.md,3
REQ-LEARNING-STATE-004,DATA,REQ-MASTERY-002,,requirements_data_dependency_integrated_v0_1.md,52,TABLE,requirements_data_dependency_integrated_v0_1.md;requirements_data_dependency_integrated_v0_2.md;requirements_learning_data_dependency_integrated_v0_1.md,3
REQ-LEARNING-STATE-004,DATA,REQ-PROGRESS-002,,requirements_data_dependency_integrated_v0_1.md,51,TABLE,requirements_data_dependency_integrated_v0_1.md;requirements_data_dependency_integrated_v0_2.md,2
REQ-LEARNING-STATE-005,CONCEPT,REQ-LEARNING-STATE-001,,requirements_data_dependency_integrated_v0_1.md,53,TABLE,requirements_data_dependency_integrated_v0_1.md;requirements_data_dependency_integrated_v0_2.md;requirements_learning_data_dependency_integrated_v0_1.md,3
REQ-LEARNING-STATE-005,DATA,REQ-MASTERY-002,,requirements_learning_data_dependency_integrated_v0_1.md,54,TABLE,requirements_learning_data_dependency_integrated_v0_1.md,1
REQ-LEARNING-STATE-005,DATA,REQ-MASTERY-003,,requirements_data_dependency_integrated_v0_1.md,54,TABLE,requirements_data_dependency_integrated_v0_1.md;requirements_data_dependency_integrated_v0_2.md,2
REQ-LEARNING-STATE-005,DATA,REQ-MASTERY-008,,requirements_data_dependency_integrated_v0_1.md,55,TABLE,requirements_data_dependency_integrated_v0_1.md;requirements_data_dependency_integrated_v0_2.md,2
REQ-LEARNING-STATE-006,CONCEPT,REQ-EVENT-006,不変の学習事実と再計算可能な派生状態を分離するため,requirements_weakness_mastery_review_need_dependency_integrated_v0_1.md,143,ARROW,requirements_weakness_mastery_review_need_dependency_integrated_v0_1.md,1
REQ-LEARNING-STATE-006,DATA,REQ-EVENT-006,学習量・復習必要性・定着状態を回答イベントから導出するため,requirements_weakness_mastery_review_need_dependency_integrated_v0_1.md,141,ARROW,requirements_weakness_mastery_review_need_dependency_integrated_v0_1.md,1
REQ-LEARNING-STATE-007,DATA,REQ-MASTERY-009,復習必要性を出題条件や表示へ利用するため,requirements_weakness_mastery_review_need_dependency_integrated_v0_1.md,112,ARROW,requirements_weakness_mastery_review_need_dependency_integrated_v0_1.md,1
REQ-LEARNING-STATE-007,DATA,REQ-MASTERY-014,学習量を表示・集計条件へ利用するため,requirements_weakness_mastery_review_need_dependency_integrated_v0_1.md,114,ARROW,requirements_weakness_mastery_review_need_dependency_integrated_v0_1.md,1
REQ-LEARNING-STATE-007,STRUCTURE,REQ-LEARNING-STATE-006,学習量・復習必要性・定着状態を別々の派生情報として扱うため,requirements_weakness_mastery_review_need_dependency_integrated_v0_1.md,110,ARROW,requirements_weakness_mastery_review_need_dependency_integrated_v0_1.md,1
REQ-MAP-001,STRUCTURE,REQ-VISUAL-003,地図を構造化された表示資料として扱うには、表示資料の種類として地図を扱える必要がある。,requirements_visual_print_file_output_e2_dependency_integrated_v0_1.md,77,TABLE,requirements_visual_print_file_output_e2_dependency_integrated_v0_1.md,1
REQ-MAP-002,REFERENCE,REQ-CATALOG-001,地図へ学習対象となる地域や歴史事象を配置するには、学習内容を体系的に識別できる必要がある。,requirements_visual_print_file_output_e2_dependency_integrated_v0_1.md,79,TABLE,requirements_visual_print_file_output_e2_dependency_integrated_v0_1.md,1
REQ-MAP-002,STRUCTURE,REQ-MAP-001,国境、河川、都市などを組み合わせるには、地図の表示レイヤーを管理できる必要がある。,requirements_visual_print_file_output_e2_dependency_integrated_v0_1.md,78,TABLE,requirements_visual_print_file_output_e2_dependency_integrated_v0_1.md,1
REQ-MASTERY-001,CONCEPT,REQ-CYCLE-001,短期周回管理と長期の弱点・定着管理を分離するため,requirements_weakness_mastery_review_need_dependency_integrated_v0_1.md,119,ARROW,requirements_weakness_mastery_review_need_dependency_integrated_v0_1.md,1
REQ-MASTERY-001,DATA,REQ-EVENT-003,長期状態の根拠となる回答イベントを利用するため,requirements_weakness_mastery_review_need_dependency_integrated_v0_1.md,121,ARROW,requirements_weakness_mastery_review_need_dependency_integrated_v0_1.md,1
REQ-MASTERY-002,CONCEPT,REQ-LEARNING-STATE-001,,requirements_learning_data_dependency_integrated_v0_1.md,47,TABLE,requirements_learning_data_dependency_integrated_v0_1.md,1
REQ-MASTERY-002,DATA,REQ-EVENT-006,,requirements_data_dependency_integrated_v0_1.md,44,TABLE,requirements_data_dependency_integrated_v0_1.md;requirements_data_dependency_integrated_v0_2.md;requirements_learning_data_dependency_integrated_v0_1.md,3
REQ-MASTERY-002,DATA,REQ-EVENT-007,,requirements_learning_data_dependency_integrated_v0_1.md,44,TABLE,requirements_learning_data_dependency_integrated_v0_1.md,1
REQ-MASTERY-002,DATA,REQ-PROGRESS-005,,requirements_learning_data_dependency_integrated_v0_1.md,46,TABLE,requirements_learning_data_dependency_integrated_v0_1.md,1
REQ-MASTERY-002,REFERENCE,REQ-QUESTION-001,,requirements_data_dependency_integrated_v0_1.md,45,TABLE,requirements_data_dependency_integrated_v0_1.md;requirements_data_dependency_integrated_v0_2.md,2
REQ-MASTERY-003,DATA,REQ-EVENT-004,,requirements_data_dependency_integrated_v0_1.md,47,TABLE,requirements_data_dependency_integrated_v0_1.md;requirements_data_dependency_integrated_v0_2.md;requirements_learning_data_dependency_integrated_v0_1.md,3
REQ-MASTERY-003,DATA,REQ-MASTERY-002,,requirements_data_dependency_integrated_v0_1.md,46,TABLE,requirements_data_dependency_integrated_v0_1.md;requirements_data_dependency_integrated_v0_2.md;requirements_learning_data_dependency_integrated_v0_1.md,3
REQ-MASTERY-004,CONCEPT,REQ-MASTERY-001,長期定着判定の基本方針を具体化するため,requirements_weakness_mastery_review_need_dependency_integrated_v0_1.md,76,ARROW,requirements_weakness_mastery_review_need_dependency_integrated_v0_1.md,1
REQ-MASTERY-004,DATA,REQ-MASTERY-005,短い再回答間隔を定着証拠として過大評価しないため,requirements_weakness_mastery_review_need_dependency_integrated_v0_1.md,78,ARROW,requirements_weakness_mastery_review_need_dependency_integrated_v0_1.md,1
REQ-MASTERY-005,CONCEPT,REQ-MASTERY-001,長期定着を時間経過を含めて評価するため,requirements_weakness_mastery_review_need_dependency_integrated_v0_1.md,80,ARROW,requirements_weakness_mastery_review_need_dependency_integrated_v0_1.md,1
REQ-MASTERY-005,DATA,REQ-EVENT-004,回答結果と回答日時を評価材料として利用するため,requirements_weakness_mastery_review_need_dependency_integrated_v0_1.md,123,ARROW,requirements_weakness_mastery_review_need_dependency_integrated_v0_1.md,1
REQ-MASTERY-006,DATA,REQ-EVENT-004,一定期間後の正答イベントを参照するため,requirements_weakness_mastery_review_need_dependency_integrated_v0_1.md,125,ARROW,requirements_weakness_mastery_review_need_dependency_integrated_v0_1.md,1
REQ-MASTERY-006,FUNCTION,REQ-MASTERY-005,経過時間を考慮した正答を定着証拠として評価するため,requirements_weakness_mastery_review_need_dependency_integrated_v0_1.md,82,ARROW,requirements_weakness_mastery_review_need_dependency_integrated_v0_1.md,1
REQ-MASTERY-007,DATA,REQ-EVENT-004,一定期間後の誤答またはパスを参照するため,requirements_weakness_mastery_review_need_dependency_integrated_v0_1.md,127,ARROW,requirements_weakness_mastery_review_need_dependency_integrated_v0_1.md,1
REQ-MASTERY-007,FUNCTION,REQ-MASTERY-005,経過時間を考慮した誤答・パスを忘却証拠として評価するため,requirements_weakness_mastery_review_need_dependency_integrated_v0_1.md,84,ARROW,requirements_weakness_mastery_review_need_dependency_integrated_v0_1.md,1
REQ-MASTERY-008,DATA,REQ-EVENT-004,,requirements_data_dependency_integrated_v0_1.md,49,TABLE,requirements_data_dependency_integrated_v0_1.md;requirements_data_dependency_integrated_v0_2.md,2
REQ-MASTERY-008,DATA,REQ-MASTERY-002,,requirements_data_dependency_integrated_v0_1.md,48,TABLE,requirements_data_dependency_integrated_v0_1.md;requirements_data_dependency_integrated_v0_2.md;requirements_learning_data_dependency_integrated_v0_1.md,3
REQ-MASTERY-009,DATA,REQ-MASTERY-013,確認間隔や忘却リスク閾値の規則を利用するため,requirements_weakness_mastery_review_need_dependency_integrated_v0_1.md,92,ARROW,requirements_weakness_mastery_review_need_dependency_integrated_v0_1.md,1
REQ-MASTERY-009,FUNCTION,REQ-MASTERY-005,経過時間を用いて次回確認時期を算出するため,requirements_weakness_mastery_review_need_dependency_integrated_v0_1.md,86,ARROW,requirements_weakness_mastery_review_need_dependency_integrated_v0_1.md,1
REQ-MASTERY-009,FUNCTION,REQ-MASTERY-006,長期定着を示す正答結果を次回確認時期へ反映するため,requirements_weakness_mastery_review_need_dependency_integrated_v0_1.md,88,ARROW,requirements_weakness_mastery_review_need_dependency_integrated_v0_1.md,1
REQ-MASTERY-009,FUNCTION,REQ-MASTERY-007,忘却を示す誤答・パスを復習優先度へ反映するため,requirements_weakness_mastery_review_need_dependency_integrated_v0_1.md,90,ARROW,requirements_weakness_mastery_review_need_dependency_integrated_v0_1.md,1
REQ-MASTERY-010,CONCEPT,REQ-LEARNING-STATE-006,定着状態や復習状態を再計算可能な派生情報として扱うため,requirements_weakness_mastery_review_need_dependency_integrated_v0_1.md,94,ARROW,requirements_weakness_mastery_review_need_dependency_integrated_v0_1.md,1
REQ-MASTERY-010,DATA,REQ-EVENT-006,変更されない回答イベントを再計算元とするため,requirements_weakness_mastery_review_need_dependency_integrated_v0_1.md,129,ARROW,requirements_weakness_mastery_review_need_dependency_integrated_v0_1.md,1
REQ-MASTERY-011,REFERENCE,REQ-MASTERY-010,再計算に使用した定着判定アルゴリズムを識別するため,requirements_weakness_mastery_review_need_dependency_integrated_v0_1.md,96,ARROW,requirements_weakness_mastery_review_need_dependency_integrated_v0_1.md,1
REQ-MASTERY-012,DATA,REQ-EVENT-006,保存済み回答イベントを再評価元として利用するため,requirements_weakness_mastery_review_need_dependency_integrated_v0_1.md,131,ARROW,requirements_weakness_mastery_review_need_dependency_integrated_v0_1.md,1
REQ-MASTERY-012,FUNCTION,REQ-MASTERY-010,保存済み回答イベントから全問題を再評価するため,requirements_weakness_mastery_review_need_dependency_integrated_v0_1.md,98,ARROW,requirements_weakness_mastery_review_need_dependency_integrated_v0_1.md,1
REQ-MASTERY-012,REFERENCE,REQ-MASTERY-011,変更後のアルゴリズム版を識別して再評価するため,requirements_weakness_mastery_review_need_dependency_integrated_v0_1.md,100,ARROW,requirements_weakness_mastery_review_need_dependency_integrated_v0_1.md,1
REQ-MASTERY-013,CONCEPT,REQ-MASTERY-001,定着判定の具体値を変更可能な規則として管理するため,requirements_weakness_mastery_review_need_dependency_integrated_v0_1.md,102,ARROW,requirements_weakness_mastery_review_need_dependency_integrated_v0_1.md,1
REQ-MASTERY-013,REFERENCE,REQ-MASTERY-011,規則の内容をアルゴリズム版と対応付けるため,requirements_weakness_mastery_review_need_dependency_integrated_v0_1.md,104,ARROW,requirements_weakness_mastery_review_need_dependency_integrated_v0_1.md,1
REQ-MASTERY-014,CONCEPT,REQ-LEARNING-STATE-006,学習量の集計値を再計算可能な派生情報として扱うため,requirements_weakness_mastery_review_need_dependency_integrated_v0_1.md,106,ARROW,requirements_weakness_mastery_review_need_dependency_integrated_v0_1.md,1
REQ-MASTERY-014,DATA,REQ-EVENT-006,正答・誤答・パス回数を回答イベントから再集計するため,requirements_weakness_mastery_review_need_dependency_integrated_v0_1.md,133,ARROW,requirements_weakness_mastery_review_need_dependency_integrated_v0_1.md,1
REQ-MATERIAL-LOAD-001,STRUCTURE,REQ-MATERIAL-SELECTION-001,教材の読込完了を確認するには、読込対象となる教材が確定している必要がある。,requirements_final_group_f1_dependency_integrated_v0_1.md,48,ARROW,requirements_final_group_f1_dependency_integrated_v0_1.md,1
REQ-MATERIAL-LOAD-001,VALIDATION,REQ-ENGINE-001,教材読込と学習機能初期化の完了前に学習を開始させないため、学習開始処理を制御できる必要がある。,requirements_final_group_f1_dependency_integrated_v0_1.md,50,ARROW,requirements_final_group_f1_dependency_integrated_v0_1.md,1
REQ-MATERIAL-LOAD-002,STRUCTURE,REQ-MATERIAL-LOAD-001,教材の必須要素を検証するには、教材データの読込処理が完了している必要がある。,requirements_final_group_f1_dependency_integrated_v0_1.md,52,ARROW,requirements_final_group_f1_dependency_integrated_v0_1.md,1
REQ-MATERIAL-LOAD-002,STRUCTURE,REQ-SCHEMA-001,教材の必須要素と任意要素を区別し、欠落時に継続可能かを判断するには、主要データの必須項目と任意項目が明示的に定義されている必要がある。,requirements_final_group_f1_dependency_integrated_v0_1.md,84,ARROW,requirements_final_group_f1_dependency_integrated_v0_1.md,1
REQ-MATERIAL-LOAD-002,VALIDATION,REQ-ASSET-005,必要な表示アセットや音声の欠落、参照不能または利用不能を検出するには、アセットの状態をデータ検証で確認できる必要がある。,requirements_final_group_f1_dependency_integrated_v0_1.md,86,ARROW,requirements_final_group_f1_dependency_integrated_v0_1.md,1
REQ-MATERIAL-LOAD-003,STRUCTURE,REQ-MATERIAL-LOAD-001,読込失敗時のデータを破棄するには、教材読込処理の開始と完了を区別できる必要がある。,requirements_final_group_f1_dependency_integrated_v0_1.md,54,ARROW,requirements_final_group_f1_dependency_integrated_v0_1.md,1
REQ-MATERIAL-LOAD-003,VALIDATION,REQ-MATERIAL-SELECTION-003,旧教材や途中読込データを新教材として使用しないため、教材切替中の状態を明確に管理する必要がある。,requirements_final_group_f1_dependency_integrated_v0_1.md,56,ARROW,requirements_final_group_f1_dependency_integrated_v0_1.md,1
REQ-MATERIAL-LOAD-003,VALIDATION,REQ-MULTI-MATERIAL-004,途中まで読み込まれた不完全な教材を使用しないため、教材管理情報と実データの不一致を検出できる必要がある。,requirements_final_group_f1_dependency_integrated_v0_1.md,58,ARROW,requirements_final_group_f1_dependency_integrated_v0_1.md,1
REQ-MATERIAL-LOAD-004,REFERENCE,REQ-ID-004,エラー対象教材を特定するには、教材を一意に識別できる必要がある。,requirements_final_group_f1_dependency_integrated_v0_1.md,62,ARROW,requirements_final_group_f1_dependency_integrated_v0_1.md,1
REQ-MATERIAL-LOAD-004,STRUCTURE,REQ-MATERIAL-LOAD-003,教材読込エラーの対象や失敗要素を表示するには、読込失敗を検出して処理を停止できる必要がある。,requirements_final_group_f1_dependency_integrated_v0_1.md,60,ARROW,requirements_final_group_f1_dependency_integrated_v0_1.md,1
REQ-MATERIAL-LOAD-005,REFERENCE,REQ-EVENT-001,完了済み学習セッションを保持するには、学習セッションを一意に識別して保存できる必要がある。,requirements_final_group_f1_dependency_integrated_v0_1.md,78,ARROW,requirements_final_group_f1_dependency_integrated_v0_1.md,1
REQ-MATERIAL-LOAD-005,REFERENCE,REQ-EVENT-003,保存済みの回答を保持するには、問題への回答を回答イベントとして保存できる必要がある。,requirements_final_group_f1_dependency_integrated_v0_1.md,80,ARROW,requirements_final_group_f1_dependency_integrated_v0_1.md,1
REQ-MATERIAL-LOAD-005,VALIDATION,REQ-EVENT-006,教材切替処理から回答履歴を保護するには、回答イベントを変更されない事実データとして扱う必要がある。,requirements_final_group_f1_dependency_integrated_v0_1.md,82,ARROW,requirements_final_group_f1_dependency_integrated_v0_1.md,1
REQ-MATERIAL-LOAD-005,VALIDATION,REQ-MATERIAL-LOAD-003,教材切替や再読込時に既存履歴を消去しないため、失敗した読込データと保存済みデータを分離する必要がある。,requirements_final_group_f1_dependency_integrated_v0_1.md,76,ARROW,requirements_final_group_f1_dependency_integrated_v0_1.md,1
REQ-MATERIAL-SELECTION-001,REFERENCE,REQ-ID-004,選択した教材と実際に読み込まれた教材を照合するには、教材を一意に識別できる必要がある。,requirements_final_group_f1_dependency_integrated_v0_1.md,38,ARROW,requirements_final_group_f1_dependency_integrated_v0_1.md,1
REQ-MATERIAL-SELECTION-001,REFERENCE,REQ-MULTI-MATERIAL-001,利用者が教材を選択するには、利用可能な複数教材を一覧管理し、選択対象として提示できる必要がある。,requirements_final_group_f1_dependency_integrated_v0_1.md,36,ARROW,requirements_final_group_f1_dependency_integrated_v0_1.md,1
REQ-MATERIAL-SELECTION-002,PRESENTATION,REQ-CONTENT-006,内部IDではなく教材名や対象範囲を表示するには、学習者が理解できる表示名称を扱える必要がある。,requirements_final_group_f1_dependency_integrated_v0_1.md,42,ARROW,requirements_final_group_f1_dependency_integrated_v0_1.md,1
REQ-MATERIAL-SELECTION-002,STRUCTURE,REQ-MATERIAL-SELECTION-001,現在の学習対象教材を表示するには、選択教材と読込対象教材が一致している必要がある。,requirements_final_group_f1_dependency_integrated_v0_1.md,40,ARROW,requirements_final_group_f1_dependency_integrated_v0_1.md,1
REQ-MATERIAL-SELECTION-003,STRUCTURE,REQ-MATERIAL-SELECTION-001,教材切替中の状態を管理するには、切替元と切替先の教材を識別できる必要がある。,requirements_final_group_f1_dependency_integrated_v0_1.md,44,ARROW,requirements_final_group_f1_dependency_integrated_v0_1.md,1
REQ-MATERIAL-SELECTION-003,VALIDATION,REQ-ENGINE-001,切替状態が確定するまで学習開始を防ぐには、学習処理を共通機能として制御できる必要がある。,requirements_final_group_f1_dependency_integrated_v0_1.md,46,ARROW,requirements_final_group_f1_dependency_integrated_v0_1.md,1
REQ-MATERIAL-SELECTION-004,REFERENCE,REQ-QUESTION-001,切替前の問題を切替後へ残さないため、問題を教材との関連を含めて識別できる必要がある。,requirements_final_group_f1_dependency_integrated_v0_1.md,68,ARROW,requirements_final_group_f1_dependency_integrated_v0_1.md,1
REQ-MATERIAL-SELECTION-004,STRUCTURE,REQ-MATERIAL-SELECTION-003,切替前の一時状態を残さないため、教材切替の開始から完了までを区別できる必要がある。,requirements_final_group_f1_dependency_integrated_v0_1.md,64,ARROW,requirements_final_group_f1_dependency_integrated_v0_1.md,1
REQ-MATERIAL-SELECTION-004,VALIDATION,REQ-MATERIAL-LOAD-003,旧教材や途中読込データを切替後へ残さないため、読込失敗時に不完全なデータを利用しない仕組みが必要である。,requirements_final_group_f1_dependency_integrated_v0_1.md,66,ARROW,requirements_final_group_f1_dependency_integrated_v0_1.md,1
REQ-MATERIAL-SELECTION-005,DATA,REQ-CYCLE-010,,requirements_data_dependency_integrated_v0_1.md,172,TABLE,requirements_data_dependency_integrated_v0_1.md;requirements_data_dependency_integrated_v0_2.md;requirements_remaining_data_dependency_integrated_v0_1.md,3
REQ-MATERIAL-SELECTION-005,DATA,REQ-PROGRESS-006,,requirements_data_dependency_integrated_v0_1.md,170,TABLE,requirements_data_dependency_integrated_v0_1.md;requirements_data_dependency_integrated_v0_2.md;requirements_remaining_data_dependency_integrated_v0_1.md,3
REQ-MATERIAL-SELECTION-005,DATA,REQ-RESUME-002,,requirements_data_dependency_integrated_v0_1.md,171,TABLE,requirements_data_dependency_integrated_v0_1.md;requirements_data_dependency_integrated_v0_2.md;requirements_remaining_data_dependency_integrated_v0_1.md,3
REQ-MATERIAL-SELECTION-005,REFERENCE,REQ-EVENT-004,,requirements_data_dependency_integrated_v0_1.md,169,TABLE,requirements_data_dependency_integrated_v0_1.md;requirements_data_dependency_integrated_v0_2.md;requirements_remaining_data_dependency_integrated_v0_1.md,3
REQ-MATERIAL-SELECTION-005,REFERENCE,REQ-MATERIAL-SELECTION-001,,requirements_data_dependency_integrated_v0_1.md,167,TABLE,requirements_data_dependency_integrated_v0_1.md;requirements_data_dependency_integrated_v0_2.md;requirements_remaining_data_dependency_integrated_v0_1.md,3
REQ-MATERIAL-SELECTION-005,VALIDATION,REQ-MATERIAL-SELECTION-004,,requirements_data_dependency_integrated_v0_1.md,168,TABLE,requirements_data_dependency_integrated_v0_1.md;requirements_data_dependency_integrated_v0_2.md;requirements_remaining_data_dependency_integrated_v0_1.md,3
REQ-MATERIAL-SELECTION-006,REFERENCE,REQ-STATUS-001,利用停止中の教材を判定するには、管理対象の利用可能状態を管理できる必要がある。,requirements_final_group_f1_dependency_integrated_v0_1.md,74,ARROW,requirements_final_group_f1_dependency_integrated_v0_1.md,1
REQ-MATERIAL-SELECTION-006,STRUCTURE,REQ-MATERIAL-SELECTION-001,選択教材が利用可能かを確認するには、対象教材が確定している必要がある。,requirements_final_group_f1_dependency_integrated_v0_1.md,70,ARROW,requirements_final_group_f1_dependency_integrated_v0_1.md,1
REQ-MATERIAL-SELECTION-006,VALIDATION,REQ-MATERIAL-LOAD-004,読込不能時に原因と対応方法を示すには、教材読込エラーの詳細を確認できる必要がある。,requirements_final_group_f1_dependency_integrated_v0_1.md,72,ARROW,requirements_final_group_f1_dependency_integrated_v0_1.md,1
REQ-MEDIA-001,STRUCTURE,REQ-VISUAL-001,根拠資料と学習者向け表示資料を分離するには、表示資料自体が問題本文とは独立したデータである必要がある。,requirements_visual_print_file_output_e1_dependency_integrated_v0_1.md,71,TABLE,requirements_visual_print_file_output_e1_dependency_integrated_v0_1.md,1
REQ-MEDIA-002,STRUCTURE,REQ-VISUAL-004,問題表示時・解答表示時・解説表示時を区別するには、表示資料ごとに問題内での役割を管理できる必要がある。,requirements_visual_print_file_output_e1_dependency_integrated_v0_1.md,72,TABLE,requirements_visual_print_file_output_e1_dependency_integrated_v0_1.md,1
REQ-MEDIA-004,STRUCTURE,REQ-ASSET-001,問題・解答・解説で画像を表示するには、画像の実体をアセットとして識別できる必要がある。,requirements_visual_print_file_output_e1_dependency_integrated_v0_1.md,73,TABLE,requirements_visual_print_file_output_e1_dependency_integrated_v0_1.md,1
REQ-MEDIA-004,STRUCTURE,REQ-MEDIA-002,画像を問題・解答・解説の各段階で表示するには、表示段階を区別して管理できる必要がある。,requirements_visual_print_file_output_e1_dependency_integrated_v0_1.md,74,TABLE,requirements_visual_print_file_output_e1_dependency_integrated_v0_1.md,1
REQ-MEDIA-004,STRUCTURE,REQ-VISUAL-003,画像を表示資料として扱うには、表示資料の種類として画像を扱える必要がある。,requirements_visual_print_file_output_e1_dependency_integrated_v0_1.md,75,TABLE,requirements_visual_print_file_output_e1_dependency_integrated_v0_1.md,1
REQ-MEDIA-005,STRUCTURE,REQ-VISUAL-004,表示順を指定するには、表示資料ごとの表示順を管理属性として保持できる必要がある。,requirements_visual_print_file_output_e1_dependency_integrated_v0_1.md,76,TABLE,requirements_visual_print_file_output_e1_dependency_integrated_v0_1.md,1
REQ-MEDIA-006,STRUCTURE,REQ-VISUAL-004,画像へ代替テキストを設定するには、表示資料ごとに代替テキストを管理できる必要がある。,requirements_visual_print_file_output_e1_dependency_integrated_v0_1.md,77,TABLE,requirements_visual_print_file_output_e1_dependency_integrated_v0_1.md,1
REQ-MEDIA-007,STRUCTURE,REQ-VISUAL-004,説明文やキャプションを設定するには、表示資料ごとに表題または説明を管理できる必要がある。,requirements_visual_print_file_output_e1_dependency_integrated_v0_1.md,78,TABLE,requirements_visual_print_file_output_e1_dependency_integrated_v0_1.md,1
REQ-MEDIA-008,PRESENTATION,REQ-MEDIA-004,画像の表示領域を制御するには、画像を問題・解答・解説で表示できる必要がある。,requirements_visual_print_file_output_e1_dependency_integrated_v0_1.md,80,TABLE,requirements_visual_print_file_output_e1_dependency_integrated_v0_1.md,1
REQ-MEDIA-008,PRESENTATION,REQ-NFR-001,スマートフォン画面から画像をはみ出させないためには、スマートフォンを主要利用端末とする前提が必要である。,requirements_visual_print_file_output_e1_dependency_integrated_v0_1.md,79,TABLE,requirements_visual_print_file_output_e1_dependency_integrated_v0_1.md,1
REQ-MEDIA-009,FUNCTION,REQ-MEDIA-004,画像の拡大表示を提供するには、画像を表示資料として表示できる必要がある。,requirements_visual_print_file_output_e1_dependency_integrated_v0_1.md,81,TABLE,requirements_visual_print_file_output_e1_dependency_integrated_v0_1.md,1
REQ-MEDIA-009,PRESENTATION,REQ-MEDIA-008,拡大前の通常表示を成立させるには、スマートフォン画面内に画像を収めて表示できる必要がある。,requirements_visual_print_file_output_e1_dependency_integrated_v0_1.md,82,TABLE,requirements_visual_print_file_output_e1_dependency_integrated_v0_1.md,1
REQ-MEDIA-010,STRUCTURE,REQ-GRAPH-001,構造化されたグラフを表示資料として扱うには、グラフの元データ・軸・単位・種類を管理できる必要がある。,requirements_visual_print_file_output_e1_dependency_integrated_v0_1.md,85,TABLE,requirements_visual_print_file_output_e1_dependency_integrated_v0_1.md,1
REQ-MEDIA-010,STRUCTURE,REQ-TABLE-001,構造化された表を表示資料として扱うには、表を列・行・見出し・単位を持つ構造として管理できる必要がある。,requirements_visual_print_file_output_e1_dependency_integrated_v0_1.md,84,TABLE,requirements_visual_print_file_output_e1_dependency_integrated_v0_1.md,1
REQ-MEDIA-010,STRUCTURE,REQ-VISUAL-003,表とグラフを表示資料として扱うには、表示資料の種類として表とグラフを扱える必要がある。,requirements_visual_print_file_output_e1_dependency_integrated_v0_1.md,83,TABLE,requirements_visual_print_file_output_e1_dependency_integrated_v0_1.md,1
REQ-MEDIA-011,REFERENCE,REQ-QUESTION-001,長文や会話文を問題と関連付けるには、問題が独立した管理対象として定義されている必要がある。,requirements_visual_print_file_output_e1_dependency_integrated_v0_1.md,87,TABLE,requirements_visual_print_file_output_e1_dependency_integrated_v0_1.md,1
REQ-MEDIA-011,STRUCTURE,REQ-VISUAL-003,長文や会話文を表示資料として扱うには、複数要素を組み合わせた資料を表示資料の種類として扱える必要がある。,requirements_visual_print_file_output_e1_dependency_integrated_v0_1.md,86,TABLE,requirements_visual_print_file_output_e1_dependency_integrated_v0_1.md,1
REQ-MEDIA-012,FUNCTION,REQ-AUDIO-001,音声を再生資料として扱うには、問題へ音声再生対象を関連付けられる必要がある。,requirements_visual_print_file_output_e1_dependency_integrated_v0_1.md,89,TABLE,requirements_visual_print_file_output_e1_dependency_integrated_v0_1.md,1
REQ-MEDIA-012,STRUCTURE,REQ-VISUAL-003,音声を表示・再生資料として扱うには、表示資料の種類を拡張可能な共通構造が必要である。,requirements_visual_print_file_output_e1_dependency_integrated_v0_1.md,88,TABLE,requirements_visual_print_file_output_e1_dependency_integrated_v0_1.md,1
REQ-MEDIA-013,STRUCTURE,REQ-ASSET-001,動画を表示資料として扱うには、動画ファイルの実体をアセットとして識別できる必要がある。,requirements_visual_print_file_output_e1_dependency_integrated_v0_1.md,90,TABLE,requirements_visual_print_file_output_e1_dependency_integrated_v0_1.md,1
REQ-MEDIA-013,STRUCTURE,REQ-VISUAL-003,動画を追加可能な表示資料として扱うには、表示資料を種類別に管理できる共通構造が必要である。,requirements_visual_print_file_output_e1_dependency_integrated_v0_1.md,91,TABLE,requirements_visual_print_file_output_e1_dependency_integrated_v0_1.md,1
REQ-MEDIA-014,REFERENCE,REQ-COPYRIGHT-003,表示画像を利用条件上問題のないものへ限定するには、資料ごとに公開可能・非公開・家庭内限定などの利用範囲を管理できる必要がある。,requirements_visual_print_file_output_e1_dependency_integrated_v0_1.md,92,TABLE,requirements_visual_print_file_output_e1_dependency_integrated_v0_1.md,1
REQ-MEDIA-014,VALIDATION,REQ-COPYRIGHT-004,利用可能な画像だけを表示対象とするには、資料やアセットの公開可能性を判定できる必要がある。,requirements_visual_print_file_output_e1_dependency_integrated_v0_1.md,93,TABLE,requirements_visual_print_file_output_e1_dependency_integrated_v0_1.md,1
REQ-MEDIA-014,VALIDATION,REQ-MEDIA-004,表示対象画像へ権利条件を適用するには、問題・解答・解説で使用する画像を識別できる必要がある。,requirements_visual_print_file_output_e1_dependency_integrated_v0_1.md,94,TABLE,requirements_visual_print_file_output_e1_dependency_integrated_v0_1.md,1
REQ-MIGRATION-001,REFERENCE,REQ-BACKUP-FORMAT-001,形式変更に伴う移行元と移行先を識別するには、データ形式の版を明示的に管理できる必要がある。,requirements_final_group_f5_dependency_integrated_v0_1.md,76,ARROW,requirements_final_group_f5_dependency_integrated_v0_1.md,1
REQ-MIGRATION-001,STRUCTURE,REQ-SCHEMA-001,移行元、移行先、変換規則を定義するには、主要データの構造と必須項目が定義されている必要がある。,requirements_final_group_f5_dependency_integrated_v0_1.md,74,ARROW,requirements_final_group_f5_dependency_integrated_v0_1.md,1
REQ-MIGRATION-002,STRUCTURE,REQ-MIGRATION-001,移行前に対象件数や変換内容を確認するには、移行元、移行先、変換規則が定義されている必要がある。,requirements_final_group_f5_dependency_integrated_v0_1.md,78,ARROW,requirements_final_group_f5_dependency_integrated_v0_1.md,1
REQ-MIGRATION-002,VALIDATION,REQ-INTEGRITY-002,変換不能データを事前に確認するには、必須項目や参照整合性などの不整合を検出できる必要がある。,requirements_final_group_f5_dependency_integrated_v0_1.md,80,ARROW,requirements_final_group_f5_dependency_integrated_v0_1.md,1
REQ-MIGRATION-003,STRUCTURE,REQ-MIGRATION-001,同じ入力への再実行を安全にするには、移行元、移行先、変換規則が明確である必要がある。,requirements_final_group_f5_dependency_integrated_v0_1.md,82,ARROW,requirements_final_group_f5_dependency_integrated_v0_1.md,1
REQ-MIGRATION-003,VALIDATION,REQ-PERSISTENCE-004,移行処理の再実行による重複登録を防ぐには、同一事実データを重複保存しない仕組みが必要である。,requirements_final_group_f5_dependency_integrated_v0_1.md,84,ARROW,requirements_final_group_f5_dependency_integrated_v0_1.md,1
REQ-MIGRATION-003,VALIDATION,REQ-PERSISTENCE-005,再実行によって一部だけが確定した破損状態を残さないため、関連データを不整合なく保存できる必要がある。,requirements_final_group_f5_dependency_integrated_v0_1.md,86,ARROW,requirements_final_group_f5_dependency_integrated_v0_1.md,1
REQ-MIGRATION-004,PRESENTATION,REQ-SAVE-STATUS-002,変換不能データが残ったことを利用者または管理者へ知らせるには、未処理データを分かる形で表示できる必要がある。,requirements_final_group_f5_dependency_integrated_v0_1.md,90,ARROW,requirements_final_group_f5_dependency_integrated_v0_1.md,1
REQ-MIGRATION-004,STRUCTURE,REQ-MIGRATION-002,変換不能または判断不能なデータを黙って破棄しないため、移行前に変換不能データを確認できる必要がある。,requirements_final_group_f5_dependency_integrated_v0_1.md,88,ARROW,requirements_final_group_f5_dependency_integrated_v0_1.md,1
REQ-MIGRATION-005,REFERENCE,REQ-MIGRATION-004,除外件数や警告件数を正しく示すには、変換不能または判断不能なデータを黙って破棄しない必要がある。,requirements_final_group_f5_dependency_integrated_v0_1.md,94,ARROW,requirements_final_group_f5_dependency_integrated_v0_1.md,1
REQ-MIGRATION-005,STRUCTURE,REQ-MIGRATION-002,成功、警告、失敗、除外の件数を集計するには、事前に対象件数と変換内容を把握できる必要がある。,requirements_final_group_f5_dependency_integrated_v0_1.md,92,ARROW,requirements_final_group_f5_dependency_integrated_v0_1.md,1
REQ-MIGRATION-006,DATA,REQ-MIGRATION-002,,requirements_backup_restore_dependency_integrated_v0_1.md,90,TABLE,requirements_backup_restore_dependency_integrated_v0_1.md;requirements_data_dependency_integrated_v0_1.md;requirements_data_dependency_integrated_v0_2.md,3
REQ-MIGRATION-006,DATA,REQ-MIGRATION-005,,requirements_backup_restore_dependency_integrated_v0_1.md,91,TABLE,requirements_backup_restore_dependency_integrated_v0_1.md;requirements_data_dependency_integrated_v0_1.md;requirements_data_dependency_integrated_v0_2.md,3
REQ-MIGRATION-006,VALIDATION,REQ-INTEGRITY-002,,requirements_backup_restore_dependency_integrated_v0_1.md,92,TABLE,requirements_backup_restore_dependency_integrated_v0_1.md;requirements_data_dependency_integrated_v0_1.md;requirements_data_dependency_integrated_v0_2.md,3
REQ-MIGRATION-006,VALIDATION,REQ-INTEGRITY-003,,requirements_backup_restore_dependency_integrated_v0_1.md,93,TABLE,requirements_backup_restore_dependency_integrated_v0_1.md;requirements_data_dependency_integrated_v0_1.md;requirements_data_dependency_integrated_v0_2.md,3
REQ-MIGRATION-006,VALIDATION,REQ-INTEGRITY-004,,requirements_backup_restore_dependency_integrated_v0_1.md,94,TABLE,requirements_backup_restore_dependency_integrated_v0_1.md;requirements_data_dependency_integrated_v0_1.md;requirements_data_dependency_integrated_v0_2.md,3
REQ-MIGRATION-007,REFERENCE,REQ-BACKUP-001,移行完了と検証終了まで元データを保全する手段として、復元可能なバックアップを利用できる必要がある。,requirements_final_group_f5_dependency_integrated_v0_1.md,100,ARROW,requirements_final_group_f5_dependency_integrated_v0_1.md,1
REQ-MIGRATION-007,STRUCTURE,REQ-MIGRATION-001,移行前データを保持するには、移行元と移行先を明確に区別できる必要がある。,requirements_final_group_f5_dependency_integrated_v0_1.md,96,ARROW,requirements_final_group_f5_dependency_integrated_v0_1.md,1
REQ-MIGRATION-007,VALIDATION,REQ-MIGRATION-005,移行前データを削除してよい時点を判断するには、移行結果の成功、警告、失敗、除外を確認できる必要がある。,requirements_final_group_f5_dependency_integrated_v0_1.md,98,ARROW,requirements_final_group_f5_dependency_integrated_v0_1.md,1
REQ-MIGRATION-008,REFERENCE,REQ-BACKUP-FORMAT-001,形式バージョンごとに移行手順を管理するには、バックアップ形式の版を明示的に識別できる必要がある。,requirements_final_group_f5_dependency_integrated_v0_1.md,104,ARROW,requirements_final_group_f5_dependency_integrated_v0_1.md,1
REQ-MIGRATION-008,REFERENCE,REQ-BACKUP-FORMAT-005,形式変更ごとの互換性と変更内容を移行手順へ反映するには、形式仕様と互換性が記録されている必要がある。,requirements_final_group_f5_dependency_integrated_v0_1.md,106,ARROW,requirements_final_group_f5_dependency_integrated_v0_1.md,1
REQ-MIGRATION-008,STRUCTURE,REQ-MIGRATION-001,正式リリース後の旧完成版データを移行するには、一般的な移行元、移行先、変換規則が定義されている必要がある。,requirements_final_group_f5_dependency_integrated_v0_1.md,102,ARROW,requirements_final_group_f5_dependency_integrated_v0_1.md,1
REQ-MIGRATION-009,CONCEPT,REQ-MIGRATION-001,旧試作データの自動移行を対象外とする判断は、完成版データ形式の変更に対する通常の移行手段と区別して管理する必要がある。,requirements_final_group_f5_dependency_integrated_v0_1.md,108,ARROW,requirements_final_group_f5_dependency_integrated_v0_1.md,1
REQ-MIGRATION-009,REFERENCE,REQ-BACKUP-FORMAT-001,旧バックアップversion 1～6を対象外として識別するには、完成版で利用する形式バージョン管理との区別が必要である。,requirements_final_group_f5_dependency_integrated_v0_1.md,110,ARROW,requirements_final_group_f5_dependency_integrated_v0_1.md,1
REQ-MOBILE-001,DATA,REQ-MOBILE-002,移動学習に適すると判定された問題だけを選択するため,requirements_mobile_audio_speaking_dependency_integrated_v0_1.md,80,ARROW,requirements_mobile_audio_speaking_dependency_integrated_v0_1.md,1
REQ-MOBILE-001,REFERENCE,REQ-PURPOSE-003,移動中・運動中の短時間演習という学習用途を利用するため,requirements_mobile_audio_speaking_dependency_integrated_v0_1.md,107,ARROW,requirements_mobile_audio_speaking_dependency_integrated_v0_1.md,1
REQ-MOBILE-002,DATA,REQ-QUESTION-001,問題形式および問題属性を適性判定に利用するため,requirements_mobile_audio_speaking_dependency_integrated_v0_1.md,109,ARROW,requirements_mobile_audio_speaking_dependency_integrated_v0_1.md,1
REQ-MOBILE-002,DATA,REQ-TAG-001,移動学習への適否を示す分類または属性を利用するため,requirements_mobile_audio_speaking_dependency_integrated_v0_1.md,111,ARROW,requirements_mobile_audio_speaking_dependency_integrated_v0_1.md,1
REQ-MOBILE-003,FUNCTION,REQ-MOBILE-002,移動学習に不適切と判定された問題を除外するため,requirements_mobile_audio_speaking_dependency_integrated_v0_1.md,82,ARROW,requirements_mobile_audio_speaking_dependency_integrated_v0_1.md,1
REQ-MOBILE-003,REFERENCE,REQ-QUESTION-001,書き取り・作図・英作文・長文読解等の問題形式を識別するため,requirements_mobile_audio_speaking_dependency_integrated_v0_1.md,115,ARROW,requirements_mobile_audio_speaking_dependency_integrated_v0_1.md,1
REQ-MOBILE-003,REFERENCE,REQ-QUESTION-DEPENDENCY-003,途中式や問題群を必要とする問題を除外するため,requirements_mobile_audio_speaking_dependency_integrated_v0_1.md,113,ARROW,requirements_mobile_audio_speaking_dependency_integrated_v0_1.md,1
REQ-MOBILE-004,FUNCTION,REQ-ANSWER-001,問題形式に応じた回答判定を少ない操作で行うため,requirements_mobile_audio_speaking_dependency_integrated_v0_1.md,119,ARROW,requirements_mobile_audio_speaking_dependency_integrated_v0_1.md,1
REQ-MOBILE-004,FUNCTION,REQ-MOBILE-001,移動学習用に選択された問題を少ない操作で実行するため,requirements_mobile_audio_speaking_dependency_integrated_v0_1.md,84,ARROW,requirements_mobile_audio_speaking_dependency_integrated_v0_1.md,1
REQ-MOBILE-004,FUNCTION,REQ-PLAYER-001,回答表示と判定を行う学習実行操作を提供するため,requirements_mobile_audio_speaking_dependency_integrated_v0_1.md,117,ARROW,requirements_mobile_audio_speaking_dependency_integrated_v0_1.md,1
REQ-MOBILE-004,PRESENTATION,REQ-ACCESS-001,スマートフォン縦向きの主要操作として利用可能にするため,requirements_mobile_audio_speaking_dependency_integrated_v0_1.md,121,ARROW,requirements_mobile_audio_speaking_dependency_integrated_v0_1.md,1
REQ-MODE-001,REFERENCE,REQ-COLLECTION-001,学習モードが参照する問題集合を定義するため,requirements_learning_execution_session_cycle_c1a_dependency_integrated_v0_1.md,105,ARROW,requirements_learning_execution_session_cycle_c1a_dependency_integrated_v0_1.md;requirements_learning_execution_session_cycle_dependency_integrated_v0_1.md;requirements_learning_execution_session_cycle_dependency_integrated_v0_2.md,3
REQ-MODE-001,STRUCTURE,REQ-CONTENT-003,問題集と学習実行方法を別概念として扱うため,requirements_learning_execution_session_cycle_c1a_dependency_integrated_v0_1.md,103,ARROW,requirements_learning_execution_session_cycle_c1a_dependency_integrated_v0_1.md;requirements_learning_execution_session_cycle_dependency_integrated_v0_1.md;requirements_learning_execution_session_cycle_dependency_integrated_v0_2.md,3
REQ-MODE-002,CONCEPT,REQ-MODE-001,共通の学習モード概念を前提とするため,requirements_learning_execution_session_cycle_c1a_dependency_integrated_v0_1.md,66,ARROW,requirements_learning_execution_session_cycle_c1a_dependency_integrated_v0_1.md;requirements_learning_execution_session_cycle_dependency_integrated_v0_1.md;requirements_learning_execution_session_cycle_dependency_integrated_v0_2.md,3
REQ-MODE-002,FUNCTION,REQ-QUIZ-001,通常練習の出題順を決定するため,requirements_learning_execution_session_cycle_c1a_dependency_integrated_v0_1.md,68,ARROW,requirements_learning_execution_session_cycle_c1a_dependency_integrated_v0_1.md;requirements_learning_execution_session_cycle_dependency_integrated_v0_1.md;requirements_learning_execution_session_cycle_dependency_integrated_v0_2.md,3
REQ-MODE-002,FUNCTION,REQ-QUIZ-003,通常練習の出題数を決定するため,requirements_learning_execution_session_cycle_c1a_dependency_integrated_v0_1.md,70,ARROW,requirements_learning_execution_session_cycle_c1a_dependency_integrated_v0_1.md;requirements_learning_execution_session_cycle_dependency_integrated_v0_1.md;requirements_learning_execution_session_cycle_dependency_integrated_v0_2.md,3
REQ-MODE-003,CONCEPT,REQ-MODE-001,共通の学習モード概念を前提とするため,requirements_learning_execution_session_cycle_c1a_dependency_integrated_v0_1.md,72,ARROW,requirements_learning_execution_session_cycle_c1a_dependency_integrated_v0_1.md;requirements_learning_execution_session_cycle_dependency_integrated_v0_1.md;requirements_learning_execution_session_cycle_dependency_integrated_v0_2.md,3
REQ-MODE-003,FUNCTION,REQ-CYCLE-001,周回練習として管理する機能を前提とするため,requirements_learning_execution_session_cycle_c1a_dependency_integrated_v0_1.md,107,ARROW,requirements_learning_execution_session_cycle_c1a_dependency_integrated_v0_1.md;requirements_learning_execution_session_cycle_dependency_integrated_v0_1.md;requirements_learning_execution_session_cycle_dependency_integrated_v0_2.md,3
REQ-MODE-003,FUNCTION,REQ-CYCLE-003,誤答・パスだけを次周へ残すため,requirements_learning_execution_session_cycle_c1a_dependency_integrated_v0_1.md,109,ARROW,requirements_learning_execution_session_cycle_c1a_dependency_integrated_v0_1.md;requirements_learning_execution_session_cycle_dependency_integrated_v0_1.md;requirements_learning_execution_session_cycle_dependency_integrated_v0_2.md,3
REQ-MODE-004,CONCEPT,REQ-MODE-001,共通の学習モード概念を前提とするため,requirements_learning_execution_session_cycle_c1a_dependency_integrated_v0_1.md,74,ARROW,requirements_learning_execution_session_cycle_c1a_dependency_integrated_v0_1.md;requirements_learning_execution_session_cycle_dependency_integrated_v0_1.md;requirements_learning_execution_session_cycle_dependency_integrated_v0_2.md,3
REQ-MODE-004,DATA,REQ-LEARNING-STATE-001,復習必要性と定着状態を区別して利用するため,requirements_learning_execution_session_cycle_c1a_dependency_integrated_v0_1.md,115,ARROW,requirements_learning_execution_session_cycle_c1a_dependency_integrated_v0_1.md;requirements_learning_execution_session_cycle_dependency_integrated_v0_1.md;requirements_learning_execution_session_cycle_dependency_integrated_v0_2.md,3
REQ-MODE-004,DATA,REQ-MASTERY-002,問題ごとの長期定着状態を参照するため,requirements_learning_execution_session_cycle_c1a_dependency_integrated_v0_1.md,111,ARROW,requirements_learning_execution_session_cycle_c1a_dependency_integrated_v0_1.md;requirements_learning_execution_session_cycle_dependency_integrated_v0_1.md;requirements_learning_execution_session_cycle_dependency_integrated_v0_2.md,3
REQ-MODE-004,DATA,REQ-MASTERY-009,復習時期または復習優先度を参照するため,requirements_learning_execution_session_cycle_c1a_dependency_integrated_v0_1.md,113,ARROW,requirements_learning_execution_session_cycle_c1a_dependency_integrated_v0_1.md;requirements_learning_execution_session_cycle_dependency_integrated_v0_1.md;requirements_learning_execution_session_cycle_dependency_integrated_v0_2.md,3
REQ-MODE-005,CONCEPT,REQ-MODE-001,共通の学習モード概念を前提とするため,requirements_learning_execution_session_cycle_c1a_dependency_integrated_v0_1.md,76,ARROW,requirements_learning_execution_session_cycle_c1a_dependency_integrated_v0_1.md;requirements_learning_execution_session_cycle_dependency_integrated_v0_1.md;requirements_learning_execution_session_cycle_dependency_integrated_v0_2.md,3
REQ-MODE-005,DATA,REQ-MASTERY-005,前回確認からの経過時間を参照するため,requirements_learning_execution_session_cycle_c1a_dependency_integrated_v0_1.md,117,ARROW,requirements_learning_execution_session_cycle_c1a_dependency_integrated_v0_1.md;requirements_learning_execution_session_cycle_dependency_integrated_v0_1.md;requirements_learning_execution_session_cycle_dependency_integrated_v0_2.md,3
REQ-MODE-005,DATA,REQ-MASTERY-009,次回確認時期を参照するため,requirements_learning_execution_session_cycle_c1a_dependency_integrated_v0_1.md,119,ARROW,requirements_learning_execution_session_cycle_c1a_dependency_integrated_v0_1.md;requirements_learning_execution_session_cycle_dependency_integrated_v0_1.md;requirements_learning_execution_session_cycle_dependency_integrated_v0_2.md,3
REQ-MODE-006,CONCEPT,REQ-MODE-001,共通の学習モード概念を前提とするため,requirements_learning_execution_session_cycle_c1a_dependency_integrated_v0_1.md,78,ARROW,requirements_learning_execution_session_cycle_c1a_dependency_integrated_v0_1.md;requirements_learning_execution_session_cycle_dependency_integrated_v0_1.md;requirements_learning_execution_session_cycle_dependency_integrated_v0_2.md,3
REQ-MODE-006,DATA,REQ-LEARNING-STATE-002,問題が未着手かどうかを判定するため,requirements_learning_execution_session_cycle_c1a_dependency_integrated_v0_1.md,121,ARROW,requirements_learning_execution_session_cycle_c1a_dependency_integrated_v0_1.md;requirements_learning_execution_session_cycle_dependency_integrated_v0_1.md;requirements_learning_execution_session_cycle_dependency_integrated_v0_2.md,3
REQ-MODE-007,CONCEPT,REQ-MODE-001,共通の学習モード概念を前提とするため,requirements_learning_execution_session_cycle_c1a_dependency_integrated_v0_1.md,80,ARROW,requirements_learning_execution_session_cycle_c1a_dependency_integrated_v0_1.md;requirements_learning_execution_session_cycle_dependency_integrated_v0_1.md;requirements_learning_execution_session_cycle_dependency_integrated_v0_2.md,3
REQ-MODE-007,FUNCTION,REQ-QUIZ-001,ランダム順の出題機能を利用するため,requirements_learning_execution_session_cycle_c1a_dependency_integrated_v0_1.md,82,ARROW,requirements_learning_execution_session_cycle_c1a_dependency_integrated_v0_1.md;requirements_learning_execution_session_cycle_dependency_integrated_v0_1.md;requirements_learning_execution_session_cycle_dependency_integrated_v0_2.md,3
REQ-MODE-008,DATA,REQ-MASTERY-013,定着段階や確認間隔の規則を参照するため,requirements_learning_execution_session_cycle_c1a_dependency_integrated_v0_1.md,123,ARROW,requirements_learning_execution_session_cycle_c1a_dependency_integrated_v0_1.md;requirements_learning_execution_session_cycle_dependency_integrated_v0_1.md;requirements_learning_execution_session_cycle_dependency_integrated_v0_2.md,3
REQ-MODE-008,FUNCTION,REQ-MODE-005,定着確認モードの条件を拡張するため,requirements_learning_execution_session_cycle_c1a_dependency_integrated_v0_1.md,84,ARROW,requirements_learning_execution_session_cycle_c1a_dependency_integrated_v0_1.md;requirements_learning_execution_session_cycle_dependency_integrated_v0_1.md;requirements_learning_execution_session_cycle_dependency_integrated_v0_2.md,3
REQ-MOTIVATION-001,PRESENTATION,REQ-MOTIVATION-006,内部状態や判定名称をそのまま表示せず、子ども向け表示名へ変換できる必要がある。,requirements_screen_interaction_progress_d4_dependency_integrated_v0_1.md,136,ARROW,requirements_screen_interaction_progress_d4_dependency_integrated_v0_1.md;requirements_screen_interaction_progress_d4_dependency_integrated_v0_2.md,2
REQ-MOTIVATION-001,STRUCTURE,REQ-CHILD-001,誤答や未定着を子ども向けに表現するには、管理用表示とは異なる子ども用画面が必要である。,requirements_screen_interaction_progress_d4_dependency_integrated_v0_1.md,134,ARROW,requirements_screen_interaction_progress_d4_dependency_integrated_v0_1.md;requirements_screen_interaction_progress_d4_dependency_integrated_v0_2.md,2
REQ-MOTIVATION-002,DATA,REQ-LEARNING-STATE-007,学習量、復習必要性、定着状態を区別して表示条件に利用できる必要がある。,requirements_screen_interaction_progress_d4_dependency_integrated_v0_1.md,140,ARROW,requirements_screen_interaction_progress_d4_dependency_integrated_v0_1.md;requirements_screen_interaction_progress_d4_dependency_integrated_v0_2.md,2
REQ-MOTIVATION-002,DATA,REQ-MASTERY-009,次に取り組む問題を示すには、復習時期または復習優先度を算出できる必要がある。,requirements_screen_interaction_progress_d4_dependency_integrated_v0_1.md,142,ARROW,requirements_screen_interaction_progress_d4_dependency_integrated_v0_1.md;requirements_screen_interaction_progress_d4_dependency_integrated_v0_2.md,2
REQ-MOTIVATION-002,PRESENTATION,REQ-MOTIVATION-001,行動につながる表現は、人格や能力の否定と受け取られにくい表現方針を前提とする。,requirements_screen_interaction_progress_d4_dependency_integrated_v0_1.md,138,ARROW,requirements_screen_interaction_progress_d4_dependency_integrated_v0_1.md;requirements_screen_interaction_progress_d4_dependency_integrated_v0_2.md,2
REQ-MOTIVATION-003,DATA,REQ-LEARNING-STATE-003,誤答またはパスでも、取り組んだ学習実績を失わないことが必要である。,requirements_screen_interaction_progress_d4_dependency_integrated_v0_1.md,148,ARROW,requirements_screen_interaction_progress_d4_dependency_integrated_v0_1.md;requirements_screen_interaction_progress_d4_dependency_integrated_v0_2.md,2
REQ-MOTIVATION-003,PRESENTATION,REQ-MOTIVATION-001,誤答を復習対象発見として表示するには、否定的に受け取られにくい表現方針が必要である。,requirements_screen_interaction_progress_d4_dependency_integrated_v0_1.md,144,ARROW,requirements_screen_interaction_progress_d4_dependency_integrated_v0_1.md;requirements_screen_interaction_progress_d4_dependency_integrated_v0_2.md,2
REQ-MOTIVATION-003,PRESENTATION,REQ-MOTIVATION-002,誤答後に、もう一度確認や復習ポイントなど次の行動を示せる必要がある。,requirements_screen_interaction_progress_d4_dependency_integrated_v0_1.md,146,ARROW,requirements_screen_interaction_progress_d4_dependency_integrated_v0_1.md;requirements_screen_interaction_progress_d4_dependency_integrated_v0_2.md,2
REQ-MOTIVATION-004,DATA,REQ-LEARNING-STATE-002,一度以上取り組んだ問題を未着手ではなく取り組み済みとして扱える必要がある。,requirements_screen_interaction_progress_d4_dependency_integrated_v0_1.md,152,ARROW,requirements_screen_interaction_progress_d4_dependency_integrated_v0_1.md;requirements_screen_interaction_progress_d4_dependency_integrated_v0_2.md,2
REQ-MOTIVATION-004,DATA,REQ-SUMMARY-001,未着手問題数と取り組み済み問題数を集計できる必要がある。,requirements_screen_interaction_progress_d4_dependency_integrated_v0_1.md,154,ARROW,requirements_screen_interaction_progress_d4_dependency_integrated_v0_1.md;requirements_screen_interaction_progress_d4_dependency_integrated_v0_2.md,2
REQ-MOTIVATION-004,STRUCTURE,REQ-DASHBOARD-001,学習量としての前進は、子ども用に必要な情報を優先する進捗表示の一部として提供する。,requirements_screen_interaction_progress_d4_dependency_integrated_v0_1.md,150,ARROW,requirements_screen_interaction_progress_d4_dependency_integrated_v0_1.md;requirements_screen_interaction_progress_d4_dependency_integrated_v0_2.md,2
REQ-MOTIVATION-005,DATA,REQ-LEARNING-STATE-003,誤答またはパスでも取り組んだ実績を保持できる必要がある。,requirements_screen_interaction_progress_d4_dependency_integrated_v0_1.md,158,ARROW,requirements_screen_interaction_progress_d4_dependency_integrated_v0_1.md;requirements_screen_interaction_progress_d4_dependency_integrated_v0_2.md,2
REQ-MOTIVATION-005,DATA,REQ-SUMMARY-001,定着済みとは別に取り組み済み問題数を集計できる必要がある。,requirements_screen_interaction_progress_d4_dependency_integrated_v0_1.md,160,ARROW,requirements_screen_interaction_progress_d4_dependency_integrated_v0_1.md;requirements_screen_interaction_progress_d4_dependency_integrated_v0_2.md,2
REQ-MOTIVATION-005,PRESENTATION,REQ-MOTIVATION-004,定着前の取り組みや再挑戦も、学習量としての前進として表示できる必要がある。,requirements_screen_interaction_progress_d4_dependency_integrated_v0_1.md,156,ARROW,requirements_screen_interaction_progress_d4_dependency_integrated_v0_1.md;requirements_screen_interaction_progress_d4_dependency_integrated_v0_2.md,2
REQ-MOTIVATION-006,DATA,REQ-LEARNING-STATE-001,着手状況、復習必要性、定着状態などの内部概念が分離されている必要がある。,requirements_screen_interaction_progress_d4_dependency_integrated_v0_1.md,164,ARROW,requirements_screen_interaction_progress_d4_dependency_integrated_v0_1.md;requirements_screen_interaction_progress_d4_dependency_integrated_v0_2.md,2
REQ-MOTIVATION-006,PRESENTATION,REQ-CONTENT-010,内部識別子と利用者向け表示名を分離する基本方針が必要である。,requirements_screen_interaction_progress_d4_dependency_integrated_v0_1.md,162,ARROW,requirements_screen_interaction_progress_d4_dependency_integrated_v0_1.md;requirements_screen_interaction_progress_d4_dependency_integrated_v0_2.md,2
REQ-MOTIVATION-007,DATA,REQ-SUMMARY-001,今日取り組んだ問題数を算出するための状態別集計が必要である。,requirements_screen_interaction_progress_d4_dependency_integrated_v0_1.md,168,ARROW,requirements_screen_interaction_progress_d4_dependency_integrated_v0_1.md;requirements_screen_interaction_progress_d4_dependency_integrated_v0_2.md,2
REQ-MOTIVATION-007,PRESENTATION,REQ-MOTIVATION-006,内部の集計状態を子ども向けの名称で表示できる必要がある。,requirements_screen_interaction_progress_d4_dependency_integrated_v0_1.md,170,ARROW,requirements_screen_interaction_progress_d4_dependency_integrated_v0_1.md;requirements_screen_interaction_progress_d4_dependency_integrated_v0_2.md,2
REQ-MOTIVATION-007,STRUCTURE,REQ-DASHBOARD-001,当日の取り組み数や完了課題数は、子ども向け進捗表示の一部として提供する。,requirements_screen_interaction_progress_d4_dependency_integrated_v0_1.md,166,ARROW,requirements_screen_interaction_progress_d4_dependency_integrated_v0_1.md;requirements_screen_interaction_progress_d4_dependency_integrated_v0_2.md,2
REQ-MOTIVATION-008,DATA,REQ-EVENT-002,学習日を判定するには学習セッションの開始・終了日時が必要である。,requirements_screen_interaction_progress_d4_dependency_integrated_v0_1.md,176,ARROW,requirements_screen_interaction_progress_d4_dependency_integrated_v0_1.md;requirements_screen_interaction_progress_d4_dependency_integrated_v0_2.md,2
REQ-MOTIVATION-008,DATA,REQ-SUMMARY-001,一定期間の取り組み実績を算出するための基本集計が必要である。,requirements_screen_interaction_progress_d4_dependency_integrated_v0_1.md,174,ARROW,requirements_screen_interaction_progress_d4_dependency_integrated_v0_1.md;requirements_screen_interaction_progress_d4_dependency_integrated_v0_2.md,2
REQ-MOTIVATION-008,PRESENTATION,REQ-MOTIVATION-001,連続学習が途切れた場合も過度に否定的に扱わない表現方針が必要である。,requirements_screen_interaction_progress_d4_dependency_integrated_v0_1.md,172,ARROW,requirements_screen_interaction_progress_d4_dependency_integrated_v0_1.md;requirements_screen_interaction_progress_d4_dependency_integrated_v0_2.md,2
REQ-MOTIVATION-009,DATA,REQ-MASTERY-009,問題ごとの復習優先度または次回確認時期を算出できる必要がある。,requirements_screen_interaction_progress_d4_dependency_integrated_v0_1.md,180,ARROW,requirements_screen_interaction_progress_d4_dependency_integrated_v0_1.md;requirements_screen_interaction_progress_d4_dependency_integrated_v0_2.md,2
REQ-MOTIVATION-009,DATA,REQ-SUMMARY-001,復習が必要な問題数を集計できる必要がある。,requirements_screen_interaction_progress_d4_dependency_integrated_v0_1.md,184,ARROW,requirements_screen_interaction_progress_d4_dependency_integrated_v0_1.md;requirements_screen_interaction_progress_d4_dependency_integrated_v0_2.md,2
REQ-MOTIVATION-009,PRESENTATION,REQ-MOTIVATION-006,内部の数値やアルゴリズム値を子ども向け表示へ変換できる必要がある。,requirements_screen_interaction_progress_d4_dependency_integrated_v0_1.md,182,ARROW,requirements_screen_interaction_progress_d4_dependency_integrated_v0_1.md;requirements_screen_interaction_progress_d4_dependency_integrated_v0_2.md,2
REQ-MOTIVATION-009,STRUCTURE,REQ-DASHBOARD-002,復習必要数や優先度は、子ども用進捗表示の一部として提供する。,requirements_screen_interaction_progress_d4_dependency_integrated_v0_1.md,178,ARROW,requirements_screen_interaction_progress_d4_dependency_integrated_v0_1.md;requirements_screen_interaction_progress_d4_dependency_integrated_v0_2.md,2
REQ-MULTI-MATERIAL-001,CONCEPT,REQ-SCOPE-004,複数教材を教科、検定、学年、級などから選択するには、学校教科と外部検定を同一基盤で扱う必要がある。,requirements_scope_architecture_dependency_integrated_v0_1.md,76,TABLE,requirements_scope_architecture_dependency_integrated_v0_1.md,1
REQ-MULTI-MATERIAL-001,REFERENCE,REQ-ID-004,複数教材を一覧管理するには、教材などの主要管理対象を一意に識別できる必要がある。,requirements_scope_architecture_dependency_integrated_v0_1.md,77,TABLE,requirements_scope_architecture_dependency_integrated_v0_1.md,1
REQ-MULTI-MATERIAL-001,STRUCTURE,REQ-CATALOG-006,対象教科・検定、学年・級、対象範囲などから教材を選択するには、対応する分類・表示情報を管理できる構造が必要である。,requirements_scope_architecture_dependency_integrated_v0_1.md,78,TABLE,requirements_scope_architecture_dependency_integrated_v0_1.md,1
REQ-MULTI-MATERIAL-002,CONCEPT,REQ-MULTI-MATERIAL-001,教材数増加時に一括読込を必須としない要求は、複数教材を一覧管理する規模拡張を前提とする。,requirements_scope_architecture_dependency_integrated_v0_1.md,79,TABLE,requirements_scope_architecture_dependency_integrated_v0_1.md,1
REQ-MULTI-MATERIAL-003,FUNCTION,REQ-MULTI-MATERIAL-002,学習に必要な教材データだけを読み込む機能は、全教材の一括読込を必須としない原則を具体化する。,requirements_scope_architecture_dependency_integrated_v0_1.md,80,TABLE,requirements_scope_architecture_dependency_integrated_v0_1.md,1
REQ-MULTI-MATERIAL-003,REFERENCE,REQ-MATERIAL-SELECTION-005,選択した教材に必要なデータだけを取得するには、教材切替後も履歴や進捗などが正しい教材や問題へ関連付けられる必要がある。,requirements_scope_architecture_dependency_integrated_v0_1.md,81,TABLE,requirements_scope_architecture_dependency_integrated_v0_1.md,1
REQ-MULTI-MATERIAL-004,VALIDATION,REQ-MATERIAL-LOAD-001,教材一覧にある教材が実際に利用可能か確認するには、教材読込と学習機能初期化の完了を確認できる必要がある。,requirements_scope_architecture_dependency_integrated_v0_1.md,84,TABLE,requirements_scope_architecture_dependency_integrated_v0_1.md,1
REQ-MULTI-MATERIAL-004,VALIDATION,REQ-MATERIAL-LOAD-002,利用可能とされた教材の実データ不足を検出するには、問題データや必須アセットなどの欠落時に学習開始を防止できる必要がある。,requirements_scope_architecture_dependency_integrated_v0_1.md,85,TABLE,requirements_scope_architecture_dependency_integrated_v0_1.md,1
REQ-MULTI-MATERIAL-004,VALIDATION,REQ-MULTI-MATERIAL-001,教材一覧と実際の教材データの不一致を検出するには、まず教材一覧の管理情報が存在する必要がある。,requirements_scope_architecture_dependency_integrated_v0_1.md,82,TABLE,requirements_scope_architecture_dependency_integrated_v0_1.md,1
REQ-MULTI-MATERIAL-004,VALIDATION,REQ-REGISTRATION-COMPLETE-002,実際に利用可能な教材データとの不一致を判定するには、教材を選択し問題開始からセッション完了まで確認できる完了条件が必要である。,requirements_scope_architecture_dependency_integrated_v0_1.md,83,TABLE,requirements_scope_architecture_dependency_integrated_v0_1.md,1
REQ-NAV-001,DATA,REQ-MULTI-MATERIAL-001,学校教科、検定、教材などから選択するには、複数教材を対象属性と利用可能状態で一覧管理できる必要がある。,requirements_screen_interaction_progress_d3_dependency_integrated_v0_1.md,136,ARROW,requirements_screen_interaction_progress_d3_dependency_integrated_v0_1.md,1
REQ-NAV-001,FUNCTION,REQ-MATERIAL-SELECTION-001,画面で選択した教材と実際に読み込む教材を一致させる必要がある。,requirements_screen_interaction_progress_d3_dependency_integrated_v0_1.md,138,ARROW,requirements_screen_interaction_progress_d3_dependency_integrated_v0_1.md,1
REQ-NAV-001,STRUCTURE,REQ-UI-002,教材から選ぶ画面を提供するには、学習開始入口として教材選択が定義されている必要がある。,requirements_screen_interaction_progress_d3_dependency_integrated_v0_1.md,134,ARROW,requirements_screen_interaction_progress_d3_dependency_integrated_v0_1.md,1
REQ-NAV-002,DATA,REQ-PURPOSE-003,定期テスト、検定、弱点補強、復習、本番形式、移動中学習の用途を目的別問題集として扱える必要がある。,requirements_screen_interaction_progress_d3_dependency_integrated_v0_1.md,142,ARROW,requirements_screen_interaction_progress_d3_dependency_integrated_v0_1.md,1
REQ-NAV-002,STRUCTURE,REQ-UI-002,目的から選ぶ画面を提供するには、学習開始入口として目的選択が定義されている必要がある。,requirements_screen_interaction_progress_d3_dependency_integrated_v0_1.md,140,ARROW,requirements_screen_interaction_progress_d3_dependency_integrated_v0_1.md,1
REQ-NAV-003,DATA,REQ-CATALOG-PATH-002,先取り対象を判定するには、学年または級ごとの新規学習内容を識別できる必要がある。,requirements_screen_interaction_progress_d3_dependency_integrated_v0_1.md,146,ARROW,requirements_screen_interaction_progress_d3_dependency_integrated_v0_1.md,1
REQ-NAV-003,DATA,REQ-CATALOG-PATH-004,次学年、上位級、後続単元への接続関係を表現できる必要がある。,requirements_screen_interaction_progress_d3_dependency_integrated_v0_1.md,148,ARROW,requirements_screen_interaction_progress_d3_dependency_integrated_v0_1.md,1
REQ-NAV-003,STRUCTURE,REQ-NAV-002,先取り学習を選択するには、目的から選ぶ画面の基本構造を前提とする。,requirements_screen_interaction_progress_d3_dependency_integrated_v0_1.md,144,ARROW,requirements_screen_interaction_progress_d3_dependency_integrated_v0_1.md,1
REQ-NAV-004,DATA,REQ-CATALOG-004,検定種別と級を基準に選択するには、検定カタログがその階層を管理できる必要がある。,requirements_screen_interaction_progress_d3_dependency_integrated_v0_1.md,152,ARROW,requirements_screen_interaction_progress_d3_dependency_integrated_v0_1.md,1
REQ-NAV-004,DATA,REQ-MULTI-MATERIAL-001,検定種別、級、対象範囲、利用可能状態から教材を選択できる必要がある。,requirements_screen_interaction_progress_d3_dependency_integrated_v0_1.md,154,ARROW,requirements_screen_interaction_progress_d3_dependency_integrated_v0_1.md,1
REQ-NAV-004,STRUCTURE,REQ-NAV-001,検定教材の選択は、教材から選ぶ画面の一部として提供される必要がある。,requirements_screen_interaction_progress_d3_dependency_integrated_v0_1.md,150,ARROW,requirements_screen_interaction_progress_d3_dependency_integrated_v0_1.md,1
REQ-NAV-005,DATA,REQ-CATALOG-004,語彙、読解、作文、リスニングなどの分野を検定カタログで管理できる必要がある。,requirements_screen_interaction_progress_d3_dependency_integrated_v0_1.md,158,ARROW,requirements_screen_interaction_progress_d3_dependency_integrated_v0_1.md,1
REQ-NAV-005,DATA,REQ-CATALOG-DIMENSION-005,測定技能と語彙・文法などの学習要素を分離して関連付けられる必要がある。,requirements_screen_interaction_progress_d3_dependency_integrated_v0_1.md,160,ARROW,requirements_screen_interaction_progress_d3_dependency_integrated_v0_1.md,1
REQ-NAV-005,STRUCTURE,REQ-NAV-004,検定級内の出題分野を選択するには、まず検定種別と級が選択されている必要がある。,requirements_screen_interaction_progress_d3_dependency_integrated_v0_1.md,156,ARROW,requirements_screen_interaction_progress_d3_dependency_integrated_v0_1.md,1
REQ-NAV-006,DATA,REQ-PURPOSE-009,学習目的、対象問題、出題順などを目的別問題集として管理できる必要がある。,requirements_screen_interaction_progress_d3_dependency_integrated_v0_1.md,166,ARROW,requirements_screen_interaction_progress_d3_dependency_integrated_v0_1.md,1
REQ-NAV-006,DATA,REQ-QUESTION-004,教科と対象範囲を識別するには、学校教科の問題へ教科、単元、教科書範囲、定期テスト範囲との関係を設定できる必要がある。,requirements_screen_interaction_progress_d3_dependency_integrated_v0_1.md,164,ARROW,requirements_screen_interaction_progress_d3_dependency_integrated_v0_1.md,1
REQ-NAV-006,STRUCTURE,REQ-NAV-002,定期テスト対策は、目的から選ぶ画面の選択肢として提供される必要がある。,requirements_screen_interaction_progress_d3_dependency_integrated_v0_1.md,162,ARROW,requirements_screen_interaction_progress_d3_dependency_integrated_v0_1.md,1
REQ-NAV-007,DATA,REQ-CATALOG-DIMENSION-001,問題が扱う学習内容と必要技能を別々に関連付けられる必要がある。,requirements_screen_interaction_progress_d3_dependency_integrated_v0_1.md,174,ARROW,requirements_screen_interaction_progress_d3_dependency_integrated_v0_1.md,1
REQ-NAV-007,DATA,REQ-CATALOG-DIMENSION-002,知識・技能と問題形式を分離して管理できる必要がある。,requirements_screen_interaction_progress_d3_dependency_integrated_v0_1.md,176,ARROW,requirements_screen_interaction_progress_d3_dependency_integrated_v0_1.md,1
REQ-NAV-007,DATA,REQ-CATALOG-PROGRESS-002,知識や技能などのカタログ項目ごとに正誤、定着状況、復習必要数を確認できる必要がある。,requirements_screen_interaction_progress_d3_dependency_integrated_v0_1.md,172,ARROW,requirements_screen_interaction_progress_d3_dependency_integrated_v0_1.md,1
REQ-NAV-007,DATA,REQ-MASTERY-002,通常教材と目的別問題集を横断した問題別定着状態を確認できる必要がある。,requirements_screen_interaction_progress_d3_dependency_integrated_v0_1.md,170,ARROW,requirements_screen_interaction_progress_d3_dependency_integrated_v0_1.md,1
REQ-NAV-007,STRUCTURE,REQ-NAV-002,弱点補強は、目的から選ぶ画面の選択肢として提供される必要がある。,requirements_screen_interaction_progress_d3_dependency_integrated_v0_1.md,168,ARROW,requirements_screen_interaction_progress_d3_dependency_integrated_v0_1.md,1
REQ-NAV-008,DATA,REQ-PURPOSE-009,指定内容を表示名、説明、学習目的、対象問題、公開状態などとともに管理できる必要がある。,requirements_screen_interaction_progress_d3_dependency_integrated_v0_1.md,180,ARROW,requirements_screen_interaction_progress_d3_dependency_integrated_v0_1.md,1
REQ-NAV-008,FUNCTION,REQ-PURPOSE-005,管理者が優先学習内容を指定するには、問題を明示選択した目的別問題集を作成できる必要がある。,requirements_screen_interaction_progress_d3_dependency_integrated_v0_1.md,178,ARROW,requirements_screen_interaction_progress_d3_dependency_integrated_v0_1.md,1
REQ-NAV-008,PRESENTATION,REQ-UI-003,管理者指定の優先学習内容を、今日のおすすめ候補として子ども用画面へ提示できる必要がある。,requirements_screen_interaction_progress_d3_dependency_integrated_v0_1.md,182,ARROW,requirements_screen_interaction_progress_d3_dependency_integrated_v0_1.md,1
REQ-NFR-001,CONCEPT,REQ-SCOPE-002,スマートフォンを主要利用端末とする要求は、移動中、車内、運動中など書くことが難しい場面でも学習できるという利用目的を前提とする。,requirements_scope_architecture_dependency_integrated_v0_1.md,89,TABLE,requirements_scope_architecture_dependency_integrated_v0_1.md,1
REQ-NFR-001,CONCEPT,REQ-SCOPE-003,スマートフォンを主要端末としながらも、机上学習や家庭学習にも利用できる対象範囲を前提とする。,requirements_scope_architecture_dependency_integrated_v0_1.md,90,TABLE,requirements_scope_architecture_dependency_integrated_v0_1.md,1
REQ-NFR-002,CONCEPT,REQ-ENGINE-002,教材追加をデータ追加で対応するには、教科・検定・問題形式などの固有情報が問題データと管理データで表現される必要がある。,requirements_scope_architecture_dependency_integrated_v0_1.md,87,TABLE,requirements_scope_architecture_dependency_integrated_v0_1.md,1
REQ-NFR-002,CONCEPT,REQ-ENGINE-004,教材追加時にアプリ本体の変更を不要とするには、新しい教科や問題形式を共通処理の大幅変更なしで追加できる必要がある。,requirements_scope_architecture_dependency_integrated_v0_1.md,88,TABLE,requirements_scope_architecture_dependency_integrated_v0_1.md,1
REQ-NFR-002,CONCEPT,REQ-SCOPE-006,教材追加のたびにアプリ本体を変更しないためには、アプリ本体を特定教材専用にせず、差異をデータで表現する原則が必要である。,requirements_scope_architecture_dependency_integrated_v0_1.md,86,TABLE,requirements_scope_architecture_dependency_integrated_v0_1.md,1
REQ-NFR-003,CONCEPT,REQ-CATALOG-002,,requirements_data_dependency_integrated_v0_1.md,142,TABLE,requirements_data_dependency_integrated_v0_1.md;requirements_data_dependency_integrated_v0_2.md;requirements_remaining_data_dependency_integrated_v0_1.md,3
REQ-NFR-003,CONCEPT,REQ-CONTENT-001,,requirements_data_dependency_integrated_v0_1.md,140,TABLE,requirements_data_dependency_integrated_v0_1.md;requirements_data_dependency_integrated_v0_2.md;requirements_remaining_data_dependency_integrated_v0_1.md,3
REQ-NFR-003,CONCEPT,REQ-CONTENT-003,,requirements_data_dependency_integrated_v0_1.md,139,TABLE,requirements_data_dependency_integrated_v0_1.md;requirements_data_dependency_integrated_v0_2.md;requirements_remaining_data_dependency_integrated_v0_1.md,3
REQ-NFR-003,CONCEPT,REQ-SOURCE-002,,requirements_data_dependency_integrated_v0_1.md,141,TABLE,requirements_data_dependency_integrated_v0_1.md;requirements_data_dependency_integrated_v0_2.md;requirements_remaining_data_dependency_integrated_v0_1.md,3
REQ-NFR-004,CONCEPT,REQ-COPYRIGHT-001,公開できない原本資料を公開場所へ保存しないためには、教材や資料の権利状態を区別して管理できる必要がある。,requirements_scope_architecture_dependency_integrated_v0_1.md,91,TABLE,requirements_scope_architecture_dependency_integrated_v0_1.md,1
REQ-NFR-004,VALIDATION,REQ-ASSET-005,公開アセットへ保存してよいかを判定するには、表示アセットの参照先や管理状態について整合性を確認できる必要がある。,requirements_scope_architecture_dependency_integrated_v0_1.md,93,TABLE,requirements_scope_architecture_dependency_integrated_v0_1.md,1
REQ-NFR-004,VALIDATION,REQ-COPYRIGHT-004,非公開原本が公開アセットや公開リポジトリへ混入しないようにするには、公開可能性を判定・確認できる必要がある。,requirements_scope_architecture_dependency_integrated_v0_1.md,92,TABLE,requirements_scope_architecture_dependency_integrated_v0_1.md,1
REQ-NFR-005,CONCEPT,REQ-CONTENT-010,利用者向け表示名と内部識別情報を分離する原則は、主要管理対象の内部識別子と表示名を分離する内容モデルを前提とする。,requirements_scope_architecture_dependency_integrated_v0_1.md,71,TABLE,requirements_scope_architecture_dependency_integrated_v0_1.md,1
REQ-NFR-005,VALIDATION,REQ-ID-001,画面や業務ロジックをID文字列構造へ依存させないためには、IDを意味判断に使用しない原則が必要である。,requirements_scope_architecture_dependency_integrated_v0_1.md,72,TABLE,requirements_scope_architecture_dependency_integrated_v0_1.md,1
REQ-PAPER-001,REFERENCE,REQ-SPACE-001,問題用紙へ解答欄、途中式欄、作図欄を出力するには、問題ごとの記入スペースが定義されている必要がある。,requirements_visual_print_file_output_e4_dependency_integrated_v0_1.md,57,TABLE,requirements_visual_print_file_output_e4_dependency_integrated_v0_1.md,1
REQ-PAPER-001,REFERENCE,REQ-VISUAL-003,問題用紙へ図、表、グラフを出力するには、それらを表示資料として扱える必要がある。,requirements_visual_print_file_output_e4_dependency_integrated_v0_1.md,58,TABLE,requirements_visual_print_file_output_e4_dependency_integrated_v0_1.md,1
REQ-PAPER-001,STRUCTURE,REQ-PRINT-001,問題用紙を生成するには、問題データから印刷出力を生成できる必要がある。,requirements_visual_print_file_output_e4_dependency_integrated_v0_1.md,56,TABLE,requirements_visual_print_file_output_e4_dependency_integrated_v0_1.md,1
REQ-PAPER-002,FUNCTION,REQ-PAPER-001,解答用紙を問題用紙とは別に生成するには、問題用紙を独立した出力物として生成できる必要がある。,requirements_visual_print_file_output_e4_dependency_integrated_v0_1.md,59,TABLE,requirements_visual_print_file_output_e4_dependency_integrated_v0_1.md,1
REQ-PAPER-003,REFERENCE,REQ-SCORING-003,解答用紙へ採点欄を出力するには、採点表で記録する項目が定義されている必要がある。,requirements_visual_print_file_output_e4_dependency_integrated_v0_1.md,62,TABLE,requirements_visual_print_file_output_e4_dependency_integrated_v0_1.md,1
REQ-PAPER-003,REFERENCE,REQ-SPACE-001,記述欄、作文欄、途中式欄などを解答用紙へ出力するには、記入スペースの要否と大きさが定義されている必要がある。,requirements_visual_print_file_output_e4_dependency_integrated_v0_1.md,61,TABLE,requirements_visual_print_file_output_e4_dependency_integrated_v0_1.md,1
REQ-PAPER-003,STRUCTURE,REQ-PAPER-002,解答用紙へ各種解答欄を出力するには、解答用紙を独立した出力物として扱える必要がある。,requirements_visual_print_file_output_e4_dependency_integrated_v0_1.md,60,TABLE,requirements_visual_print_file_output_e4_dependency_integrated_v0_1.md,1
REQ-PAPER-004,REFERENCE,REQ-QUESTION-001,解答用紙の要否を問題単位で設定するには、対象問題を一意に識別できる必要がある。,requirements_visual_print_file_output_e4_dependency_integrated_v0_1.md,64,TABLE,requirements_visual_print_file_output_e4_dependency_integrated_v0_1.md,1
REQ-PAPER-004,STRUCTURE,REQ-PAPER-002,問題ごとに解答用紙の要否を設定するには、解答用紙が独立した出力物として定義されている必要がある。,requirements_visual_print_file_output_e4_dependency_integrated_v0_1.md,63,TABLE,requirements_visual_print_file_output_e4_dependency_integrated_v0_1.md,1
REQ-PAPER-005,REFERENCE,REQ-QUESTION-001,問題形式に応じて解答欄を変えるには、対象問題とその形式を識別できる必要がある。,requirements_visual_print_file_output_e4_dependency_integrated_v0_1.md,67,TABLE,requirements_visual_print_file_output_e4_dependency_integrated_v0_1.md,1
REQ-PAPER-005,STRUCTURE,REQ-SPACE-001,問題形式に適した解答欄を生成するには、記入スペースの種類と大きさを設定できる必要がある。,requirements_visual_print_file_output_e4_dependency_integrated_v0_1.md,65,TABLE,requirements_visual_print_file_output_e4_dependency_integrated_v0_1.md,1
REQ-PAPER-005,STRUCTURE,REQ-SPACE-005,記述量や作業量に応じた広さを確保するには、問題ごとに必要な印刷スペースを変えられる必要がある。,requirements_visual_print_file_output_e4_dependency_integrated_v0_1.md,66,TABLE,requirements_visual_print_file_output_e4_dependency_integrated_v0_1.md,1
REQ-PERSISTENCE-001,DATA,REQ-EVENT-001,,requirements_data_dependency_integrated_v0_1.md,145,TABLE,requirements_data_dependency_integrated_v0_1.md;requirements_data_dependency_integrated_v0_2.md;requirements_remaining_data_dependency_integrated_v0_1.md,3
REQ-PERSISTENCE-001,DATA,REQ-EVENT-003,,requirements_data_dependency_integrated_v0_1.md,146,TABLE,requirements_data_dependency_integrated_v0_1.md;requirements_data_dependency_integrated_v0_2.md;requirements_remaining_data_dependency_integrated_v0_1.md,3
REQ-PERSISTENCE-002,DATA,REQ-PERSISTENCE-001,,requirements_data_dependency_integrated_v0_1.md,147,TABLE,requirements_data_dependency_integrated_v0_1.md;requirements_data_dependency_integrated_v0_2.md;requirements_remaining_data_dependency_integrated_v0_1.md,3
REQ-PERSISTENCE-003,DATA,REQ-LEARNING-STATE-006,保存完了前の結果と保存済みの学習状態を区別するには、事実データから派生状態を算出する構造が必要である。,requirements_final_group_f2_dependency_integrated_v0_1.md,36,ARROW,requirements_final_group_f2_dependency_integrated_v0_1.md,1
REQ-PERSISTENCE-003,REFERENCE,REQ-EVENT-003,未保存の学習結果を保存済みと表示しないため、保存対象となる回答を回答イベントとして識別できる必要がある。,requirements_final_group_f2_dependency_integrated_v0_1.md,34,ARROW,requirements_final_group_f2_dependency_integrated_v0_1.md,1
REQ-PERSISTENCE-004,REFERENCE,REQ-EVENT-001,再試行時に同一学習セッションを重複登録しないため、学習セッションを一意に識別できる必要がある。,requirements_final_group_f2_dependency_integrated_v0_1.md,38,ARROW,requirements_final_group_f2_dependency_integrated_v0_1.md,1
REQ-PERSISTENCE-004,REFERENCE,REQ-ID-005,保存再試行時に同一データを識別するには、学習イベントを一意に識別できる必要がある。,requirements_final_group_f2_dependency_integrated_v0_1.md,42,ARROW,requirements_final_group_f2_dependency_integrated_v0_1.md,1
REQ-PERSISTENCE-004,VALIDATION,REQ-EVENT-006,同一の回答事実を重複登録しないため、回答イベントを変更されない事実データとして扱う必要がある。,requirements_final_group_f2_dependency_integrated_v0_1.md,40,ARROW,requirements_final_group_f2_dependency_integrated_v0_1.md,1
REQ-PERSISTENCE-005,STRUCTURE,REQ-EVENT-001,関連する複数データを一体として保存するには、回答や状態が属する学習セッションを識別できる必要がある。,requirements_final_group_f2_dependency_integrated_v0_1.md,44,ARROW,requirements_final_group_f2_dependency_integrated_v0_1.md,1
REQ-PERSISTENCE-005,STRUCTURE,REQ-EVENT-003,一部だけ確定する不整合を防ぐには、保存対象となる回答イベントを明確に管理できる必要がある。,requirements_final_group_f2_dependency_integrated_v0_1.md,46,ARROW,requirements_final_group_f2_dependency_integrated_v0_1.md,1
REQ-PERSISTENCE-005,VALIDATION,REQ-INTEGRITY-002,部分的な保存によって無効な参照や必須項目欠落を残さないため、主要な不整合を検出できる必要がある。,requirements_final_group_f2_dependency_integrated_v0_1.md,48,ARROW,requirements_final_group_f2_dependency_integrated_v0_1.md,1
REQ-PERSISTENCE-006,DATA,REQ-LEARNING-STATE-006,保存済みデータと画面表示状態の不一致を検出するには、保存された事実データから学習状態を再計算できる必要がある。,requirements_final_group_f2_dependency_integrated_v0_1.md,50,ARROW,requirements_final_group_f2_dependency_integrated_v0_1.md,1
REQ-PERSISTENCE-006,PRESENTATION,REQ-LEARNING-STATE-007,保存済みデータから再計算した学習状態と画面表示を照合するには、学習量、復習必要性、定着状態をそれぞれ表示へ利用できる必要がある。,requirements_final_group_f2_dependency_integrated_v0_1.md,54,ARROW,requirements_final_group_f2_dependency_integrated_v0_1.md,1
REQ-PERSISTENCE-006,VALIDATION,REQ-INTEGRITY-002,読込結果と表示状態の不一致を確認するには、参照や状態値などの不整合を検出できる必要がある。,requirements_final_group_f2_dependency_integrated_v0_1.md,52,ARROW,requirements_final_group_f2_dependency_integrated_v0_1.md,1
REQ-PERSISTENCE-007,STRUCTURE,REQ-PERSISTENCE-005,保存失敗時に再試行や保留を選べるようにするには、一部だけ確定した状態を残さず、保存処理の成否を確定できる必要がある。,requirements_final_group_f2_dependency_integrated_v0_1.md,56,ARROW,requirements_final_group_f2_dependency_integrated_v0_1.md,1
REQ-PERSISTENCE-007,VALIDATION,REQ-PERSISTENCE-004,再試行による重複登録を防ぎながら利用者へ再試行手段を提供するには、保存処理を再実行しても安全である必要がある。,requirements_final_group_f2_dependency_integrated_v0_1.md,58,ARROW,requirements_final_group_f2_dependency_integrated_v0_1.md,1
REQ-PLAYER-001,DATA,REQ-EVENT-003,1問ごとの判定結果を学習の流れへ組み込むには、問題への1回の回答を回答イベントとして保存できる必要がある。,requirements_screen_interaction_progress_d2_dependency_integrated_v0_1.md,122,ARROW,requirements_screen_interaction_progress_d2_dependency_integrated_v0_1.md;requirements_screen_interaction_progress_d2_dependency_integrated_v0_2.md,2
REQ-PLAYER-001,FUNCTION,REQ-ANSWER-001,問題形式に応じた回答と判定を行うには、複数の解答方式を扱える必要がある。,requirements_screen_interaction_progress_d2_dependency_integrated_v0_1.md,124,ARROW,requirements_screen_interaction_progress_d2_dependency_integrated_v0_1.md;requirements_screen_interaction_progress_d2_dependency_integrated_v0_2.md,2
REQ-PLAYER-001,FUNCTION,REQ-ENGINE-001,問題表示、回答表示、判定、次問題への移動を一貫して提供するには、これらの学習処理が共通機能として定義されている必要がある。,requirements_screen_interaction_progress_d2_dependency_integrated_v0_1.md,120,ARROW,requirements_screen_interaction_progress_d2_dependency_integrated_v0_1.md;requirements_screen_interaction_progress_d2_dependency_integrated_v0_2.md,2
REQ-PLAYER-002,DATA,REQ-EVENT-005,判定操作として正解、不正解、パスを提供するには、それらが判定結果として区別されている必要がある。,requirements_screen_interaction_progress_d2_dependency_integrated_v0_1.md,128,ARROW,requirements_screen_interaction_progress_d2_dependency_integrated_v0_1.md;requirements_screen_interaction_progress_d2_dependency_integrated_v0_2.md,2
REQ-PLAYER-002,FUNCTION,REQ-PLAYER-001,正解、不正解、パスの判定ボタンを提供するには、学習画面の基本的な回答・判定フローが定義されている必要がある。,requirements_screen_interaction_progress_d2_dependency_integrated_v0_1.md,126,ARROW,requirements_screen_interaction_progress_d2_dependency_integrated_v0_1.md;requirements_screen_interaction_progress_d2_dependency_integrated_v0_2.md,2
REQ-PLAYER-003,CONCEPT,REQ-SCOPE-002,移動中・運動中向け表示を提供するには、書くことが難しい場面でも学習できるという利用目的を前提とする。,requirements_screen_interaction_progress_d2_dependency_integrated_v0_1.md,132,ARROW,requirements_screen_interaction_progress_d2_dependency_integrated_v0_1.md;requirements_screen_interaction_progress_d2_dependency_integrated_v0_2.md,2
REQ-PLAYER-003,FUNCTION,REQ-MOBILE-002,移動中・運動中向けの画面へ適切な問題だけを出すには、問題がその利用場面に適するかを判定できる必要がある。,requirements_screen_interaction_progress_d2_dependency_integrated_v0_1.md,134,ARROW,requirements_screen_interaction_progress_d2_dependency_integrated_v0_1.md;requirements_screen_interaction_progress_d2_dependency_integrated_v0_2.md,2
REQ-PLAYER-003,FUNCTION,REQ-MOBILE-003,簡略操作に適さない問題を除外するには、書き取り、作図、長文などを除外できる必要がある。,requirements_screen_interaction_progress_d2_dependency_integrated_v0_1.md,136,ARROW,requirements_screen_interaction_progress_d2_dependency_integrated_v0_1.md;requirements_screen_interaction_progress_d2_dependency_integrated_v0_2.md,2
REQ-PLAYER-003,FUNCTION,REQ-PLAYER-001,移動中・運動中向けの簡略表示でも、通常の問題表示・回答・判定フローを維持する必要がある。,requirements_screen_interaction_progress_d2_dependency_integrated_v0_1.md,130,ARROW,requirements_screen_interaction_progress_d2_dependency_integrated_v0_1.md;requirements_screen_interaction_progress_d2_dependency_integrated_v0_2.md,2
REQ-PLAYER-004,DATA,REQ-VISUAL-001,画像、表、グラフなどを読みやすく表示するには、表示資料が問題本文から分離されたデータとして管理されている必要がある。,requirements_screen_interaction_progress_d2_dependency_integrated_v0_1.md,138,ARROW,requirements_screen_interaction_progress_d2_dependency_integrated_v0_1.md;requirements_screen_interaction_progress_d2_dependency_integrated_v0_2.md,2
REQ-PLAYER-004,DATA,REQ-VISUAL-003,画像、表、グラフ、地図などを表示するには、扱える表示資料の種類が定義されている必要がある。,requirements_screen_interaction_progress_d2_dependency_integrated_v0_1.md,140,ARROW,requirements_screen_interaction_progress_d2_dependency_integrated_v0_1.md;requirements_screen_interaction_progress_d2_dependency_integrated_v0_2.md,2
REQ-PLAYER-004,PRESENTATION,REQ-VISUAL-005,問題文と表示資料を読みやすく組み合わせるには、資料の配置位置を指定できる必要がある。,requirements_screen_interaction_progress_d2_dependency_integrated_v0_1.md,142,ARROW,requirements_screen_interaction_progress_d2_dependency_integrated_v0_1.md;requirements_screen_interaction_progress_d2_dependency_integrated_v0_2.md,2
REQ-PLAYER-005,DATA,REQ-MEDIA-012,音声を問題画面で再生するには、音声を表示・再生資料として扱える必要がある。,requirements_screen_interaction_progress_d2_dependency_integrated_v0_1.md,148,ARROW,requirements_screen_interaction_progress_d2_dependency_integrated_v0_1.md;requirements_screen_interaction_progress_d2_dependency_integrated_v0_2.md,2
REQ-PLAYER-005,FUNCTION,REQ-AUDIO-003,通常再生と繰り返し再生を提供するには、音声の再生方法としてそれらを扱える必要がある。,requirements_screen_interaction_progress_d2_dependency_integrated_v0_1.md,146,ARROW,requirements_screen_interaction_progress_d2_dependency_integrated_v0_1.md;requirements_screen_interaction_progress_d2_dependency_integrated_v0_2.md,2
REQ-PLAYER-005,FUNCTION,REQ-PLAYER-001,音声問題の再生操作を問題画面へ組み込むには、通常の学習画面の操作フローを前提とする。,requirements_screen_interaction_progress_d2_dependency_integrated_v0_1.md,144,ARROW,requirements_screen_interaction_progress_d2_dependency_integrated_v0_1.md;requirements_screen_interaction_progress_d2_dependency_integrated_v0_2.md,2
REQ-PLAYER-006,FUNCTION,REQ-PLAYER-001,図表を伴う問題でも同じ回答・判定の流れを維持するには、通常問題の基本操作フローを前提とする。,requirements_screen_interaction_progress_d2_dependency_integrated_v0_1.md,150,ARROW,requirements_screen_interaction_progress_d2_dependency_integrated_v0_1.md;requirements_screen_interaction_progress_d2_dependency_integrated_v0_2.md,2
REQ-PLAYER-006,PRESENTATION,REQ-PLAYER-004,図表を伴う問題の回答フローを維持するには、図表を画面幅に合わせて読みやすく表示できる必要がある。,requirements_screen_interaction_progress_d2_dependency_integrated_v0_1.md,152,ARROW,requirements_screen_interaction_progress_d2_dependency_integrated_v0_1.md;requirements_screen_interaction_progress_d2_dependency_integrated_v0_2.md,2
REQ-PLAYER-006,STRUCTURE,REQ-ENGINE-005,図表問題固有の表示があっても共通操作を維持するには、共通処理と問題形式固有処理の境界が定義されている必要がある。,requirements_screen_interaction_progress_d2_dependency_integrated_v0_1.md,154,ARROW,requirements_screen_interaction_progress_d2_dependency_integrated_v0_1.md;requirements_screen_interaction_progress_d2_dependency_integrated_v0_2.md,2
REQ-PLAYER-007,DATA,REQ-VISUAL-003,画像、地図、グラフを拡大対象として扱うには、表示資料の種類としてそれらを管理できる必要がある。,requirements_screen_interaction_progress_d2_dependency_integrated_v0_1.md,160,ARROW,requirements_screen_interaction_progress_d2_dependency_integrated_v0_1.md;requirements_screen_interaction_progress_d2_dependency_integrated_v0_2.md,2
REQ-PLAYER-007,FUNCTION,REQ-MEDIA-009,画像の細部を確認する拡大操作には、画像の拡大表示機能が必要である。,requirements_screen_interaction_progress_d2_dependency_integrated_v0_1.md,158,ARROW,requirements_screen_interaction_progress_d2_dependency_integrated_v0_1.md;requirements_screen_interaction_progress_d2_dependency_integrated_v0_2.md,2
REQ-PLAYER-007,FUNCTION,REQ-PLAYER-004,画像、地図、グラフを拡大表示するには、まずそれらを問題画面へ通常表示できる必要がある。,requirements_screen_interaction_progress_d2_dependency_integrated_v0_1.md,156,ARROW,requirements_screen_interaction_progress_d2_dependency_integrated_v0_1.md;requirements_screen_interaction_progress_d2_dependency_integrated_v0_2.md,2
REQ-PLAYER-008,FUNCTION,REQ-PLAYER-001,問題表示中の一時停止と再開を行うには、通常の学習画面の問題進行フローを前提とする。,requirements_screen_interaction_progress_d2_dependency_integrated_v0_1.md,162,ARROW,requirements_screen_interaction_progress_d2_dependency_integrated_v0_1.md;requirements_screen_interaction_progress_d2_dependency_integrated_v0_2.md,2
REQ-PLAYER-008,FUNCTION,REQ-TIME-005,回答表示後に一時停止を不要とするには、回答表示後から判定までを問題所要時間へ含めない規則を前提とする。,requirements_screen_interaction_progress_d2_dependency_integrated_v0_1.md,164,ARROW,requirements_screen_interaction_progress_d2_dependency_integrated_v0_1.md;requirements_screen_interaction_progress_d2_dependency_integrated_v0_2.md,2
REQ-PORTABILITY-001,CONCEPT,REQ-DATA-OUTPUT-001,持ち出しを通常の永続保存と混同しないため、通常保存と明示的なデータ出力を異なる目的として扱う必要がある。,requirements_final_group_f4_dependency_integrated_v0_1.md,34,ARROW,requirements_final_group_f4_dependency_integrated_v0_1.md,1
REQ-PORTABILITY-001,FUNCTION,REQ-BACKUP-001,利用者が自身の学習データをシステム外へ持ち出すには、管理データを復元可能な形で出力できる必要がある。,requirements_final_group_f4_dependency_integrated_v0_1.md,32,ARROW,requirements_final_group_f4_dependency_integrated_v0_1.md,1
REQ-PORTABILITY-001,STRUCTURE,REQ-BACKUP-002,持ち出し対象となる学習データを定義するには、バックアップへ含められるデータ範囲が明確である必要がある。,requirements_final_group_f4_dependency_integrated_v0_1.md,36,ARROW,requirements_final_group_f4_dependency_integrated_v0_1.md,1
REQ-PORTABILITY-002,CONCEPT,REQ-BACKUP-FORMAT-007,,requirements_data_dependency_integrated_v0_1.md,150,TABLE,requirements_data_dependency_integrated_v0_1.md;requirements_data_dependency_integrated_v0_2.md;requirements_remaining_data_dependency_integrated_v0_1.md,3
REQ-PORTABILITY-002,FUNCTION,REQ-BACKUP-001,,requirements_data_dependency_integrated_v0_1.md,151,TABLE,requirements_data_dependency_integrated_v0_1.md;requirements_data_dependency_integrated_v0_2.md;requirements_remaining_data_dependency_integrated_v0_1.md,3
REQ-PORTABILITY-002,FUNCTION,REQ-PORTABILITY-001,,requirements_data_dependency_integrated_v0_1.md,149,TABLE,requirements_data_dependency_integrated_v0_1.md;requirements_data_dependency_integrated_v0_2.md;requirements_remaining_data_dependency_integrated_v0_1.md,3
REQ-PORTABILITY-003,FUNCTION,REQ-PORTABILITY-001,削除前に持ち出し用バックアップを作成するには、利用者が自身のデータをシステム外へ持ち出せる必要がある。,requirements_final_group_f4_dependency_integrated_v0_1.md,38,ARROW,requirements_final_group_f4_dependency_integrated_v0_1.md,1
REQ-PORTABILITY-003,VALIDATION,REQ-BACKUP-004,削除前に必要な範囲だけを持ち出せるようにするには、完全バックアップと選択バックアップを区別できる必要がある。,requirements_final_group_f4_dependency_integrated_v0_1.md,40,ARROW,requirements_final_group_f4_dependency_integrated_v0_1.md,1
REQ-PORTABILITY-004,PRESENTATION,REQ-BACKUP-007,再配布できない教材原本などが持ち出し対象に関係する場合、無条件にバックアップへ含めない制約が必要である。,requirements_final_group_f4_dependency_integrated_v0_1.md,46,ARROW,requirements_final_group_f4_dependency_integrated_v0_1.md,1
REQ-PORTABILITY-004,PRESENTATION,REQ-COPYRIGHT-003,非公開教材や家庭内限定資料が含まれることを利用者へ示すには、資料ごとの利用範囲を管理できる必要がある。,requirements_final_group_f4_dependency_integrated_v0_1.md,44,ARROW,requirements_final_group_f4_dependency_integrated_v0_1.md,1
REQ-PORTABILITY-004,REFERENCE,REQ-BACKUP-006,持ち出しデータの対象利用者や対象範囲を説明するには、バックアップの管理情報が含まれている必要がある。,requirements_final_group_f4_dependency_integrated_v0_1.md,42,ARROW,requirements_final_group_f4_dependency_integrated_v0_1.md,1
REQ-PORTABILITY-005,REFERENCE,REQ-BACKUP-006,保護対象の利用者や対象範囲を判定するには、バックアップの管理情報を参照できる必要がある。,requirements_final_group_f4_dependency_integrated_v0_1.md,50,ARROW,requirements_final_group_f4_dependency_integrated_v0_1.md,1
REQ-PORTABILITY-005,STRUCTURE,REQ-PORTABILITY-001,持ち出しデータを第三者から保護するには、保護対象となるシステム外出力が定義されている必要がある。,requirements_final_group_f4_dependency_integrated_v0_1.md,48,ARROW,requirements_final_group_f4_dependency_integrated_v0_1.md,1
REQ-PORTABILITY-005,VALIDATION,REQ-COPYRIGHT-003,非公開教材を含む持ち出しデータへ適切な保護を求めるには、資料の利用範囲を判定できる必要がある。,requirements_final_group_f4_dependency_integrated_v0_1.md,52,ARROW,requirements_final_group_f4_dependency_integrated_v0_1.md,1
REQ-PRINT-001,PRESENTATION,REQ-VISUAL-006,同じ資料を画面用と印刷用で利用するには、画面用と印刷用のサイズ・配置を分離して設定できる必要がある。,requirements_visual_print_file_output_e3_dependency_integrated_v0_1.md,52,TABLE,requirements_visual_print_file_output_e3_dependency_integrated_v0_1.md,1
REQ-PRINT-001,STRUCTURE,REQ-QUESTION-001,同じ問題データから画面用と印刷用を生成するには、問題が共通の管理単位として定義されている必要がある。,requirements_visual_print_file_output_e3_dependency_integrated_v0_1.md,51,TABLE,requirements_visual_print_file_output_e3_dependency_integrated_v0_1.md,1
REQ-PRINT-002,REFERENCE,REQ-QUESTION-001,印刷可否を問題単位で保持するには、各問題を一意に識別できる必要がある。,requirements_visual_print_file_output_e3_dependency_integrated_v0_1.md,54,TABLE,requirements_visual_print_file_output_e3_dependency_integrated_v0_1.md,1
REQ-PRINT-002,STRUCTURE,REQ-PRINT-001,問題ごとの印刷可否を設定するには、同じ問題データを印刷出力へ利用できる必要がある。,requirements_visual_print_file_output_e3_dependency_integrated_v0_1.md,53,TABLE,requirements_visual_print_file_output_e3_dependency_integrated_v0_1.md,1
REQ-PRINT-003,FUNCTION,REQ-PRINT-001,各種印刷物を個別に生成するには、問題データを印刷出力へ変換できる共通機能が必要である。,requirements_visual_print_file_output_e3_dependency_integrated_v0_1.md,55,TABLE,requirements_visual_print_file_output_e3_dependency_integrated_v0_1.md,1
REQ-PRINT-003,REFERENCE,REQ-PAPER-001,問題用紙を生成するには、問題用紙へ出力する構成要素が定義されている必要がある。,requirements_visual_print_file_output_e3_dependency_integrated_v0_1.md,56,TABLE,requirements_visual_print_file_output_e3_dependency_integrated_v0_1.md,1
REQ-PRINT-003,REFERENCE,REQ-PAPER-002,解答用紙を個別に生成するには、解答用紙を問題用紙とは別の出力物として扱える必要がある。,requirements_visual_print_file_output_e3_dependency_integrated_v0_1.md,57,TABLE,requirements_visual_print_file_output_e3_dependency_integrated_v0_1.md,1
REQ-PRINT-003,REFERENCE,REQ-SCORING-001,解答一覧を生成するには、正答、別解、配点などの出力項目が定義されている必要がある。,requirements_visual_print_file_output_e3_dependency_integrated_v0_1.md,58,TABLE,requirements_visual_print_file_output_e3_dependency_integrated_v0_1.md,1
REQ-PRINT-003,REFERENCE,REQ-SCORING-002,解答・解説を生成するには、正答、根拠、注意点などの出力項目が定義されている必要がある。,requirements_visual_print_file_output_e3_dependency_integrated_v0_1.md,59,TABLE,requirements_visual_print_file_output_e3_dependency_integrated_v0_1.md,1
REQ-PRINT-003,REFERENCE,REQ-SCORING-003,採点表を生成するには、正誤、得点、再テスト対象などの記録項目が定義されている必要がある。,requirements_visual_print_file_output_e3_dependency_integrated_v0_1.md,60,TABLE,requirements_visual_print_file_output_e3_dependency_integrated_v0_1.md,1
REQ-PRINT-004,FUNCTION,REQ-PRINT-003,複数の印刷物を1つの出力パックへまとめるには、各印刷物を個別に生成できる必要がある。,requirements_visual_print_file_output_e3_dependency_integrated_v0_1.md,61,TABLE,requirements_visual_print_file_output_e3_dependency_integrated_v0_1.md,1
REQ-PRINT-006,FUNCTION,REQ-PRINT-001,対象範囲、問題数、問題順を指定して印刷するには、問題データから印刷物を生成できる必要がある。,requirements_visual_print_file_output_e3_dependency_integrated_v0_1.md,62,TABLE,requirements_visual_print_file_output_e3_dependency_integrated_v0_1.md,1
REQ-PRINT-006,REFERENCE,REQ-QUESTION-001,問題数と問題順を指定するには、印刷対象となる問題を一意に識別できる必要がある。,requirements_visual_print_file_output_e3_dependency_integrated_v0_1.md,64,TABLE,requirements_visual_print_file_output_e3_dependency_integrated_v0_1.md,1
REQ-PRINT-006,REFERENCE,REQ-TARGET-001,印刷対象範囲を指定するには、学習対象範囲を識別できる必要がある。,requirements_visual_print_file_output_e3_dependency_integrated_v0_1.md,63,TABLE,requirements_visual_print_file_output_e3_dependency_integrated_v0_1.md,1
REQ-PRINT-007,REFERENCE,REQ-PRINT-006,対象範囲、問題数などの基本情報を出力するには、印刷条件として対象範囲と問題数が確定している必要がある。,requirements_visual_print_file_output_e3_dependency_integrated_v0_1.md,66,TABLE,requirements_visual_print_file_output_e3_dependency_integrated_v0_1.md,1
REQ-PRINT-007,STRUCTURE,REQ-PRINT-001,印刷物へタイトルや氏名欄などを出力するには、印刷物を生成する共通構造が必要である。,requirements_visual_print_file_output_e3_dependency_integrated_v0_1.md,65,TABLE,requirements_visual_print_file_output_e3_dependency_integrated_v0_1.md,1
REQ-PRINT-008,FUNCTION,REQ-PRINT-006,出力順に応じて問題番号を付け直すには、印刷対象の問題順が確定している必要がある。,requirements_visual_print_file_output_e3_dependency_integrated_v0_1.md,67,TABLE,requirements_visual_print_file_output_e3_dependency_integrated_v0_1.md,1
REQ-PRINT-008,VALIDATION,REQ-ID-001,内部IDを問題番号として使用しないためには、内部IDが表示用番号とは異なる一意識別子として定義されている必要がある。,requirements_visual_print_file_output_e3_dependency_integrated_v0_1.md,68,TABLE,requirements_visual_print_file_output_e3_dependency_integrated_v0_1.md,1
REQ-PRINT-NAV-001,STRUCTURE,REQ-ADMIN-001,印刷対象を選択する導線では、管理用画面から教材、問題、目的別問題集、学習分類を確認できる必要がある。,requirements_screen_interaction_progress_d5_dependency_integrated_v0_1.md,46,ARROW,requirements_screen_interaction_progress_d5_dependency_integrated_v0_1.md,1
REQ-PRINT-NAV-001,STRUCTURE,REQ-UI-005,印刷機能を学習開始操作から独立させるには、学習開始、印刷、進捗確認、教材管理を混同しない独立導線が必要である。,requirements_screen_interaction_progress_d5_dependency_integrated_v0_1.md,44,ARROW,requirements_screen_interaction_progress_d5_dependency_integrated_v0_1.md,1
REQ-PRINT-NAV-002,DATA,REQ-EXAM-PART-001,本番形式問題集を印刷対象として選択するには、試験全体と試験区分の構成を管理できる必要がある。,requirements_screen_interaction_progress_d5_dependency_integrated_v0_1.md,54,ARROW,requirements_screen_interaction_progress_d5_dependency_integrated_v0_1.md,1
REQ-PRINT-NAV-002,DATA,REQ-MODE-004,弱点問題を印刷対象として選択するには、定着度、忘却リスク、復習時期から弱点対象を識別できる必要がある。,requirements_screen_interaction_progress_d5_dependency_integrated_v0_1.md,52,ARROW,requirements_screen_interaction_progress_d5_dependency_integrated_v0_1.md,1
REQ-PRINT-NAV-002,DATA,REQ-PURPOSE-001,目的別問題集を印刷対象として選択するには、教材とは別に目的別問題集を管理できる必要がある。,requirements_screen_interaction_progress_d5_dependency_integrated_v0_1.md,50,ARROW,requirements_screen_interaction_progress_d5_dependency_integrated_v0_1.md,1
REQ-PRINT-NAV-002,STRUCTURE,REQ-PRINT-NAV-001,教材や目的別問題集などの印刷対象選択は、画面学習とは独立した印刷導線を前提とする。,requirements_screen_interaction_progress_d5_dependency_integrated_v0_1.md,48,ARROW,requirements_screen_interaction_progress_d5_dependency_integrated_v0_1.md,1
REQ-PRINT-NAV-002,VALIDATION,REQ-COPYRIGHT-006,印刷対象を確定する前に、含まれる資料の利用範囲に問題がないことを検証できる必要がある。,requirements_screen_interaction_progress_d5_dependency_integrated_v0_1.md,56,ARROW,requirements_screen_interaction_progress_d5_dependency_integrated_v0_1.md,1
REQ-PRINT-NAV-003,FUNCTION,REQ-FILE-003,問題用紙と解答・解説を別ファイルとして生成できる必要がある。,requirements_screen_interaction_progress_d5_dependency_integrated_v0_1.md,66,ARROW,requirements_screen_interaction_progress_d5_dependency_integrated_v0_1.md,1
REQ-PRINT-NAV-003,FUNCTION,REQ-PRINT-003,問題用紙、解答用紙、解答一覧、解答・解説を個別に生成できる必要がある。,requirements_screen_interaction_progress_d5_dependency_integrated_v0_1.md,62,ARROW,requirements_screen_interaction_progress_d5_dependency_integrated_v0_1.md,1
REQ-PRINT-NAV-003,FUNCTION,REQ-PRINT-004,複数の印刷物を一式の出力パックとしてまとめて生成できる必要がある。,requirements_screen_interaction_progress_d5_dependency_integrated_v0_1.md,64,ARROW,requirements_screen_interaction_progress_d5_dependency_integrated_v0_1.md,1
REQ-PRINT-NAV-003,STRUCTURE,REQ-PRINT-NAV-001,出力物の選択は、画面学習とは独立した印刷導線を前提とする。,requirements_screen_interaction_progress_d5_dependency_integrated_v0_1.md,58,ARROW,requirements_screen_interaction_progress_d5_dependency_integrated_v0_1.md,1
REQ-PRINT-NAV-003,STRUCTURE,REQ-PRINT-NAV-002,問題用紙や解答類を選択する前に、元となる印刷対象が選択されている必要がある。,requirements_screen_interaction_progress_d5_dependency_integrated_v0_1.md,60,ARROW,requirements_screen_interaction_progress_d5_dependency_integrated_v0_1.md,1
REQ-PROGRESS-001,CONCEPT,REQ-LEARNING-STATE-006,進捗を回答イベントから導出可能な状態として扱うため,requirements_purpose_progress_analysis_output_dependency_integrated_v0_1.md,121,ARROW,requirements_purpose_progress_analysis_output_dependency_integrated_v0_1.md,1
REQ-PROGRESS-001,DATA,REQ-EVENT-003,問題ごとの回答イベントを進捗の根拠とするため,requirements_purpose_progress_analysis_output_dependency_integrated_v0_1.md,119,ARROW,requirements_purpose_progress_analysis_output_dependency_integrated_v0_1.md,1
REQ-PROGRESS-001,REFERENCE,REQ-CONTENT-001,進捗を問題単位で永続的に関連付けるため,requirements_purpose_progress_analysis_output_dependency_integrated_v0_1.md,117,ARROW,requirements_purpose_progress_analysis_output_dependency_integrated_v0_1.md,1
REQ-PROGRESS-002,CONCEPT,REQ-CONTENT-001,,requirements_learning_data_dependency_integrated_v0_1.md,37,TABLE,requirements_learning_data_dependency_integrated_v0_1.md,1
REQ-PROGRESS-002,CONCEPT,REQ-CONTENT-002,,requirements_learning_data_dependency_integrated_v0_1.md,38,TABLE,requirements_learning_data_dependency_integrated_v0_1.md,1
REQ-PROGRESS-002,DATA,REQ-PROGRESS-001,,requirements_data_dependency_integrated_v0_1.md,37,TABLE,requirements_data_dependency_integrated_v0_1.md;requirements_data_dependency_integrated_v0_2.md,2
REQ-PROGRESS-002,REFERENCE,REQ-QUESTION-001,,requirements_data_dependency_integrated_v0_1.md,38,TABLE,requirements_data_dependency_integrated_v0_1.md;requirements_data_dependency_integrated_v0_2.md,2
REQ-PROGRESS-003,DATA,REQ-PROGRESS-002,,requirements_data_dependency_integrated_v0_1.md,63,TABLE,requirements_data_dependency_integrated_v0_1.md;requirements_data_dependency_integrated_v0_2.md;requirements_learning_data_dependency_integrated_v0_1.md,3
REQ-PROGRESS-003,REFERENCE,REQ-CATALOG-REF-001,,requirements_data_dependency_integrated_v0_1.md,64,TABLE,requirements_data_dependency_integrated_v0_1.md,1
REQ-PROGRESS-003,REFERENCE,REQ-CONTENT-007,,requirements_data_dependency_integrated_v0_2.md,69,TABLE,requirements_data_dependency_integrated_v0_2.md,1
REQ-PROGRESS-003,STRUCTURE,REQ-CATALOG-STRUCTURE-003,,requirements_learning_data_dependency_integrated_v0_1.md,64,TABLE,requirements_learning_data_dependency_integrated_v0_1.md,1
REQ-PROGRESS-004,FUNCTION,REQ-PROGRESS-001,問題ごとの進捗を複数の単位へ集約するため,requirements_purpose_progress_analysis_output_dependency_integrated_v0_1.md,74,ARROW,requirements_purpose_progress_analysis_output_dependency_integrated_v0_1.md,1
REQ-PROGRESS-004,REFERENCE,REQ-CATALOG-001,学習テーマや出題分野単位で進捗を集計するため,requirements_purpose_progress_analysis_output_dependency_integrated_v0_1.md,125,ARROW,requirements_purpose_progress_analysis_output_dependency_integrated_v0_1.md,1
REQ-PROGRESS-004,REFERENCE,REQ-COLLECTION-001,問題集単位で進捗を集計するため,requirements_purpose_progress_analysis_output_dependency_integrated_v0_1.md,127,ARROW,requirements_purpose_progress_analysis_output_dependency_integrated_v0_1.md,1
REQ-PROGRESS-004,REFERENCE,REQ-ID-004,教材を一意に識別し、教材単位で進捗を集計するため,requirements_purpose_progress_analysis_output_dependency_integrated_v0_1.md,123,ARROW,requirements_purpose_progress_analysis_output_dependency_integrated_v0_1.md,1
REQ-PROGRESS-005,CONCEPT,REQ-LEARNING-STATE-001,,requirements_learning_data_dependency_integrated_v0_1.md,40,TABLE,requirements_learning_data_dependency_integrated_v0_1.md,1
REQ-PROGRESS-005,CONCEPT,REQ-PROGRESS-002,,requirements_data_dependency_integrated_v0_1.md,39,TABLE,requirements_data_dependency_integrated_v0_1.md;requirements_data_dependency_integrated_v0_2.md,2
REQ-PROGRESS-005,CONCEPT,REQ-PROGRESS-006,,requirements_data_dependency_integrated_v0_1.md,40,TABLE,requirements_data_dependency_integrated_v0_1.md;requirements_data_dependency_integrated_v0_2.md,2
REQ-PROGRESS-005,DATA,REQ-PROGRESS-002,,requirements_learning_data_dependency_integrated_v0_1.md,39,TABLE,requirements_learning_data_dependency_integrated_v0_1.md,1
REQ-PROGRESS-006,CONCEPT,REQ-CONTENT-003,,requirements_learning_data_dependency_integrated_v0_1.md,41,TABLE,requirements_learning_data_dependency_integrated_v0_1.md,1
REQ-PROGRESS-006,CONCEPT,REQ-CYCLE-010,,requirements_learning_data_dependency_integrated_v0_1.md,43,TABLE,requirements_learning_data_dependency_integrated_v0_1.md,1
REQ-PROGRESS-006,DATA,REQ-CYCLE-001,,requirements_data_dependency_integrated_v0_1.md,43,TABLE,requirements_data_dependency_integrated_v0_1.md;requirements_data_dependency_integrated_v0_2.md,2
REQ-PROGRESS-006,DATA,REQ-EVENT-004,,requirements_data_dependency_integrated_v0_1.md,42,TABLE,requirements_data_dependency_integrated_v0_1.md;requirements_data_dependency_integrated_v0_2.md;requirements_learning_data_dependency_integrated_v0_1.md,3
REQ-PROGRESS-006,DATA,REQ-PURPOSE-001,,requirements_data_dependency_integrated_v0_1.md,41,TABLE,requirements_data_dependency_integrated_v0_1.md;requirements_data_dependency_integrated_v0_2.md,2
REQ-PROGRESS-007,CONCEPT,REQ-MASTERY-001,長期定着状態と短期目的達成を分離するため,requirements_purpose_progress_analysis_output_dependency_integrated_v0_1.md,165,ARROW,requirements_purpose_progress_analysis_output_dependency_integrated_v0_1.md,1
REQ-PROGRESS-007,CONCEPT,REQ-PROGRESS-001,問題ごとの長期進捗を独立して扱うため,requirements_purpose_progress_analysis_output_dependency_integrated_v0_1.md,98,ARROW,requirements_purpose_progress_analysis_output_dependency_integrated_v0_1.md,1
REQ-PROGRESS-007,CONCEPT,REQ-PURPOSE-001,目的別問題集固有の達成状況を別管理するため,requirements_purpose_progress_analysis_output_dependency_integrated_v0_1.md,100,ARROW,requirements_purpose_progress_analysis_output_dependency_integrated_v0_1.md,1
REQ-PROGRESS-008,DATA,REQ-EVENT-003,目的別問題集での回答も共通の回答イベントとして保存するため,requirements_purpose_progress_analysis_output_dependency_integrated_v0_1.md,167,ARROW,requirements_purpose_progress_analysis_output_dependency_integrated_v0_1.md,1
REQ-PROGRESS-008,FUNCTION,REQ-MASTERY-010,目的別問題集の回答を長期定着状態の再計算へ反映するため,requirements_purpose_progress_analysis_output_dependency_integrated_v0_1.md,169,ARROW,requirements_purpose_progress_analysis_output_dependency_integrated_v0_1.md,1
REQ-PROGRESS-008,FUNCTION,REQ-PROGRESS-007,目的別達成状況と長期進捗を分離したまま連携するため,requirements_purpose_progress_analysis_output_dependency_integrated_v0_1.md,102,ARROW,requirements_purpose_progress_analysis_output_dependency_integrated_v0_1.md,1
REQ-PROGRESS-009,CONCEPT,REQ-EVENT-006,長期回答履歴を変更されない学習事実として保持するため,requirements_purpose_progress_analysis_output_dependency_integrated_v0_1.md,173,ARROW,requirements_purpose_progress_analysis_output_dependency_integrated_v0_1.md,1
REQ-PROGRESS-009,CONCEPT,REQ-MASTERY-001,長期定着状態を目的別達成状況と分離するため,requirements_purpose_progress_analysis_output_dependency_integrated_v0_1.md,175,ARROW,requirements_purpose_progress_analysis_output_dependency_integrated_v0_1.md,1
REQ-PROGRESS-009,CONCEPT,REQ-PROGRESS-007,目的別達成状況だけをリセット対象とするため,requirements_purpose_progress_analysis_output_dependency_integrated_v0_1.md,104,ARROW,requirements_purpose_progress_analysis_output_dependency_integrated_v0_1.md,1
REQ-PROGRESS-009,FUNCTION,REQ-RESET-003,周回や目的固有状態のリセットで回答事実を削除しないため,requirements_purpose_progress_analysis_output_dependency_integrated_v0_1.md,171,ARROW,requirements_purpose_progress_analysis_output_dependency_integrated_v0_1.md,1
REQ-PURPOSE-001,CONCEPT,REQ-COLLECTION-001,既存問題を束ねる問題集合の概念を利用するため,requirements_purpose_progress_analysis_output_dependency_integrated_v0_1.md,129,ARROW,requirements_purpose_progress_analysis_output_dependency_integrated_v0_1.md,1
REQ-PURPOSE-001,REFERENCE,REQ-CONTENT-001,目的別問題集から既存問題を参照するため,requirements_purpose_progress_analysis_output_dependency_integrated_v0_1.md,131,ARROW,requirements_purpose_progress_analysis_output_dependency_integrated_v0_1.md,1
REQ-PURPOSE-002,REFERENCE,REQ-CONTENT-001,再利用される問題を一意に参照するため,requirements_purpose_progress_analysis_output_dependency_integrated_v0_1.md,133,ARROW,requirements_purpose_progress_analysis_output_dependency_integrated_v0_1.md,1
REQ-PURPOSE-002,STRUCTURE,REQ-PURPOSE-001,同一問題を複数の目的別問題集へ関連付けるため,requirements_purpose_progress_analysis_output_dependency_integrated_v0_1.md,76,ARROW,requirements_purpose_progress_analysis_output_dependency_integrated_v0_1.md,1
REQ-PURPOSE-003,CONCEPT,REQ-PURPOSE-001,目的別問題集が扱う学習用途を定義するため,requirements_purpose_progress_analysis_output_dependency_integrated_v0_1.md,78,ARROW,requirements_purpose_progress_analysis_output_dependency_integrated_v0_1.md,1
REQ-PURPOSE-003,REFERENCE,REQ-SCOPE-001,学校学習・検定・補強などの対象範囲と整合させるため,requirements_purpose_progress_analysis_output_dependency_integrated_v0_1.md,135,ARROW,requirements_purpose_progress_analysis_output_dependency_integrated_v0_1.md,1
REQ-PURPOSE-004,FUNCTION,REQ-PURPOSE-003,目的別問題集の用途へ先取り学習を追加するため,requirements_purpose_progress_analysis_output_dependency_integrated_v0_1.md,80,ARROW,requirements_purpose_progress_analysis_output_dependency_integrated_v0_1.md,1
REQ-PURPOSE-005,FUNCTION,REQ-PURPOSE-001,管理者が明示的に選択した問題集合を作成するため,requirements_purpose_progress_analysis_output_dependency_integrated_v0_1.md,82,ARROW,requirements_purpose_progress_analysis_output_dependency_integrated_v0_1.md,1
REQ-PURPOSE-005,REFERENCE,REQ-ADMIN-001,目的別問題集を作成する管理者権限を前提とするため,requirements_purpose_progress_analysis_output_dependency_integrated_v0_1.md,139,ARROW,requirements_purpose_progress_analysis_output_dependency_integrated_v0_1.md,1
REQ-PURPOSE-005,REFERENCE,REQ-CONTENT-001,選択対象となる既存問題を参照するため,requirements_purpose_progress_analysis_output_dependency_integrated_v0_1.md,137,ARROW,requirements_purpose_progress_analysis_output_dependency_integrated_v0_1.md,1
REQ-PURPOSE-006,DATA,REQ-EVENT-003,学習履歴による問題抽出を行うため,requirements_purpose_progress_analysis_output_dependency_integrated_v0_1.md,147,ARROW,requirements_purpose_progress_analysis_output_dependency_integrated_v0_1.md,1
REQ-PURPOSE-006,DATA,REQ-QUESTION-001,問題形式や難易度による抽出を行うため,requirements_purpose_progress_analysis_output_dependency_integrated_v0_1.md,145,ARROW,requirements_purpose_progress_analysis_output_dependency_integrated_v0_1.md,1
REQ-PURPOSE-006,DATA,REQ-SOURCE-001,出典範囲による問題抽出を行うため,requirements_purpose_progress_analysis_output_dependency_integrated_v0_1.md,143,ARROW,requirements_purpose_progress_analysis_output_dependency_integrated_v0_1.md,1
REQ-PURPOSE-006,DATA,REQ-TAG-001,分類条件による問題抽出を行うため,requirements_purpose_progress_analysis_output_dependency_integrated_v0_1.md,141,ARROW,requirements_purpose_progress_analysis_output_dependency_integrated_v0_1.md,1
REQ-PURPOSE-006,FUNCTION,REQ-PURPOSE-001,抽出条件から目的別問題集を動的に構成するため,requirements_purpose_progress_analysis_output_dependency_integrated_v0_1.md,84,ARROW,requirements_purpose_progress_analysis_output_dependency_integrated_v0_1.md,1
REQ-PURPOSE-007,FUNCTION,REQ-PURPOSE-005,明示選択した問題集合を構成要素として利用するため,requirements_purpose_progress_analysis_output_dependency_integrated_v0_1.md,86,ARROW,requirements_purpose_progress_analysis_output_dependency_integrated_v0_1.md,1
REQ-PURPOSE-007,FUNCTION,REQ-PURPOSE-006,抽出条件で選択した問題集合を構成要素として利用するため,requirements_purpose_progress_analysis_output_dependency_integrated_v0_1.md,88,ARROW,requirements_purpose_progress_analysis_output_dependency_integrated_v0_1.md,1
REQ-PURPOSE-008,REFERENCE,REQ-CONTENT-001,教材をまたいで問題を参照するため,requirements_purpose_progress_analysis_output_dependency_integrated_v0_1.md,151,ARROW,requirements_purpose_progress_analysis_output_dependency_integrated_v0_1.md,1
REQ-PURPOSE-008,REFERENCE,REQ-ID-004,複数の教材を一意に識別して問題参照を保持するため,requirements_purpose_progress_analysis_output_dependency_integrated_v0_1.md,149,ARROW,requirements_purpose_progress_analysis_output_dependency_integrated_v0_1.md,1
REQ-PURPOSE-008,STRUCTURE,REQ-PURPOSE-001,目的別問題集が複数教材の問題参照を保持できるようにするため,requirements_purpose_progress_analysis_output_dependency_integrated_v0_1.md,90,ARROW,requirements_purpose_progress_analysis_output_dependency_integrated_v0_1.md,1
REQ-PURPOSE-008,VALIDATION,REQ-VALIDATION-001,複数教材参照の存在確認や参照整合性を機械的に検証するため,requirements_purpose_progress_analysis_output_dependency_integrated_v0_1.md,153,ARROW,requirements_purpose_progress_analysis_output_dependency_integrated_v0_1.md,1
REQ-PURPOSE-009,DATA,REQ-PRINT-001,印刷設定を保持するため,requirements_purpose_progress_analysis_output_dependency_integrated_v0_1.md,161,ARROW,requirements_purpose_progress_analysis_output_dependency_integrated_v0_1.md,1
REQ-PURPOSE-009,DATA,REQ-PURPOSE-003,学習目的を管理項目として保持するため,requirements_purpose_progress_analysis_output_dependency_integrated_v0_1.md,94,ARROW,requirements_purpose_progress_analysis_output_dependency_integrated_v0_1.md,1
REQ-PURPOSE-009,DATA,REQ-QUIZ-001,出題順設定を保持するため,requirements_purpose_progress_analysis_output_dependency_integrated_v0_1.md,155,ARROW,requirements_purpose_progress_analysis_output_dependency_integrated_v0_1.md,1
REQ-PURPOSE-009,DATA,REQ-QUIZ-003,出題数設定を保持するため,requirements_purpose_progress_analysis_output_dependency_integrated_v0_1.md,157,ARROW,requirements_purpose_progress_analysis_output_dependency_integrated_v0_1.md,1
REQ-PURPOSE-009,DATA,REQ-TIMER-003,タイマー設定を保持するため,requirements_purpose_progress_analysis_output_dependency_integrated_v0_1.md,159,ARROW,requirements_purpose_progress_analysis_output_dependency_integrated_v0_1.md,1
REQ-PURPOSE-009,STRUCTURE,REQ-PURPOSE-001,目的別問題集が保持する管理項目を定義するため,requirements_purpose_progress_analysis_output_dependency_integrated_v0_1.md,92,ARROW,requirements_purpose_progress_analysis_output_dependency_integrated_v0_1.md,1
REQ-PURPOSE-010,FUNCTION,REQ-PURPOSE-009,目的別問題集の公開状態を参照するため,requirements_purpose_progress_analysis_output_dependency_integrated_v0_1.md,96,ARROW,requirements_purpose_progress_analysis_output_dependency_integrated_v0_1.md,1
REQ-PURPOSE-010,REFERENCE,REQ-CHILD-008,開始できない目的別問題集を子ども用画面の通常候補から除外するため,requirements_purpose_progress_analysis_output_dependency_integrated_v0_1.md,163,ARROW,requirements_purpose_progress_analysis_output_dependency_integrated_v0_1.md,1
REQ-QUALITY-REVIEW-001,FUNCTION,REQ-AUTHORING-004,人による内容レビューを機械検証と区別するには、問題作成後に内容、出典、分類、正解、解説を確認する工程が必要である。,requirements_coverage_material_composition_quality_review_dependency_integrated_v0_1.md,54,TABLE,requirements_coverage_material_composition_quality_review_dependency_integrated_v0_1.md,1
REQ-QUALITY-REVIEW-001,VALIDATION,REQ-VALIDATION-001,機械的な検証と人による内容レビューを別工程として扱うには、教材登録時に行う機械検証が独立した処理として定義されている必要がある。,requirements_coverage_material_composition_quality_review_dependency_integrated_v0_1.md,55,TABLE,requirements_coverage_material_composition_quality_review_dependency_integrated_v0_1.md,1
REQ-QUALITY-REVIEW-002,CONCEPT,REQ-QUALITY-REVIEW-001,機械検証で確認する具体的な項目を定義するには、機械検証と人による内容レビューが別工程として定義されている必要がある。,requirements_coverage_material_composition_quality_review_dependency_integrated_v0_1.md,62,TABLE,requirements_coverage_material_composition_quality_review_dependency_integrated_v0_1.md,1
REQ-QUALITY-REVIEW-002,VALIDATION,REQ-VALIDATION-001,必須項目、ID、参照、集計値、状態値などを確認するには、教材登録時の共通機械検証が定義されている必要がある。,requirements_coverage_material_composition_quality_review_dependency_integrated_v0_1.md,63,TABLE,requirements_coverage_material_composition_quality_review_dependency_integrated_v0_1.md,1
REQ-QUALITY-REVIEW-003,CONCEPT,REQ-QUALITY-REVIEW-001,人による内容レビューの具体的な観点を定義するには、機械検証とは別の内容レビュー工程が定義されている必要がある。,requirements_coverage_material_composition_quality_review_dependency_integrated_v0_1.md,64,TABLE,requirements_coverage_material_composition_quality_review_dependency_integrated_v0_1.md,1
REQ-QUALITY-REVIEW-003,DATA,REQ-QUESTION-001,問題文の曖昧さ、選択肢、正答、解説の十分性を確認するには、問題文、解答、解説、選択肢などが分離して管理されている必要がある。,requirements_coverage_material_composition_quality_review_dependency_integrated_v0_1.md,65,TABLE,requirements_coverage_material_composition_quality_review_dependency_integrated_v0_1.md,1
REQ-QUALITY-REVIEW-003,FUNCTION,REQ-AUTHORING-004,出題範囲、正答、問題文、分類、解説などを人が確認するには、問題作成後に内容、出典、分類、正解、解説を検証できる必要がある。,requirements_coverage_material_composition_quality_review_dependency_integrated_v0_1.md,66,TABLE,requirements_coverage_material_composition_quality_review_dependency_integrated_v0_1.md,1
REQ-QUALITY-REVIEW-003,REFERENCE,REQ-TAG-006,設定された難易度が適切かを確認するには、問題へ難易度を設定できる必要がある。,requirements_coverage_material_composition_quality_review_dependency_integrated_v0_1.md,67,TABLE,requirements_coverage_material_composition_quality_review_dependency_integrated_v0_1.md,1
REQ-QUALITY-REVIEW-003,VALIDATION,REQ-ANSWER-001,正答の妥当性や答えが一意に定まるかを確認するには、問題形式に応じた解答方式と採点方法を扱える必要がある。,requirements_coverage_material_composition_quality_review_dependency_integrated_v0_1.md,68,TABLE,requirements_coverage_material_composition_quality_review_dependency_integrated_v0_1.md,1
REQ-QUALITY-REVIEW-003,VALIDATION,REQ-COPYRIGHT-001,著作権上の問題を内容レビューで確認するには、問題、本文、画像、図表、音声などの出典と権利状態を管理できる必要がある。,requirements_coverage_material_composition_quality_review_dependency_integrated_v0_1.md,69,TABLE,requirements_coverage_material_composition_quality_review_dependency_integrated_v0_1.md,1
REQ-QUALITY-REVIEW-004,CONCEPT,REQ-QUALITY-REVIEW-001,採用、要修正、保留、不採用などのレビュー状態を管理するには、機械検証と人による内容レビューを分離した品質レビュー工程が定義されている必要がある。,requirements_coverage_material_composition_quality_review_dependency_integrated_v0_1.md,78,TABLE,requirements_coverage_material_composition_quality_review_dependency_integrated_v0_1.md,1
REQ-QUALITY-REVIEW-005,DATA,REQ-QUALITY-REVIEW-004,レビュー状態の変更について判断理由、確認者、確認日時を記録するには、採用、要修正、保留、不採用などのレビュー状態が管理対象として定義されている必要がある。,requirements_coverage_material_composition_quality_review_dependency_integrated_v0_1.md,81,TABLE,requirements_coverage_material_composition_quality_review_dependency_integrated_v0_1.md,1
REQ-QUALITY-REVIEW-006,FUNCTION,REQ-QUALITY-REVIEW-004,大幅変更後に再レビューが必要であることを識別するには、問題または教材のレビュー状態を管理できる必要がある。,requirements_coverage_material_composition_quality_review_dependency_integrated_v0_1.md,82,TABLE,requirements_coverage_material_composition_quality_review_dependency_integrated_v0_1.md,1
REQ-QUALITY-REVIEW-006,VALIDATION,REQ-STATUS-003,内容を大きく変更した問題を識別するには、軽微な誤字修正と問題の意味が変わる修正を区別できる必要がある。,requirements_coverage_material_composition_quality_review_dependency_integrated_v0_1.md,83,TABLE,requirements_coverage_material_composition_quality_review_dependency_integrated_v0_1.md,1
REQ-QUALITY-REVIEW-007,VALIDATION,REQ-QUALITY-REVIEW-002,機械検証への合格だけでは完成または公開可能と判定しないためには、機械検証で確認する内容が明示されている必要がある。,requirements_coverage_material_composition_quality_review_dependency_integrated_v0_1.md,79,TABLE,requirements_coverage_material_composition_quality_review_dependency_integrated_v0_1.md,1
REQ-QUALITY-REVIEW-007,VALIDATION,REQ-QUALITY-REVIEW-003,機械検証とは別に人による確認を要求するには、内容レビューで確認する観点が明示されている必要がある。,requirements_coverage_material_composition_quality_review_dependency_integrated_v0_1.md,80,TABLE,requirements_coverage_material_composition_quality_review_dependency_integrated_v0_1.md,1
REQ-QUESTION-001,CONCEPT,REQ-CONTENT-001,,requirements_foundation_dependency_integrated_v0_1.md,23,TABLE,requirements_foundation_dependency_integrated_v0_1.md;requirements_foundation_dependency_integrated_v0_2.md;requirements_foundation_dependency_integrated_v0_3.md,3
REQ-QUESTION-002,PRESENTATION,REQ-CONTENT-010,学習者向けの短い表示名を設定するには、内部識別子と利用者向け表示名を分離して管理する必要がある。,requirements_question_metadata_dependency_integrated_v0_1.md,67,TABLE,requirements_question_metadata_dependency_integrated_v0_1.md,1
REQ-QUESTION-002,STRUCTURE,REQ-QUESTION-001,問題ごとの表示名を共通メタデータとして持つには、問題本体とメタデータを分離管理できる共通問題構造が必要である。,requirements_question_metadata_dependency_integrated_v0_1.md,68,TABLE,requirements_question_metadata_dependency_integrated_v0_1.md,1
REQ-QUESTION-003,CONCEPT,REQ-SCOPE-004,問題が学校教科、検定、または両方に関連することを表現するには、学校教科と外部検定を同一基盤で扱う必要がある。,requirements_question_metadata_dependency_integrated_v0_1.md,69,TABLE,requirements_question_metadata_dependency_integrated_v0_1.md,1
REQ-QUESTION-003,STRUCTURE,REQ-QUESTION-001,学校教科・検定との関連を問題メタデータとして持つには、分類や出典などを問題本体から分離管理できる必要がある。,requirements_question_metadata_dependency_integrated_v0_1.md,70,TABLE,requirements_question_metadata_dependency_integrated_v0_1.md,1
REQ-QUESTION-004,CONCEPT,REQ-QUESTION-003,学校教科固有の属性を管理するには、その問題が学校教科に関連することを表現できる必要がある。,requirements_question_metadata_dependency_integrated_v0_1.md,71,TABLE,requirements_question_metadata_dependency_integrated_v0_1.md,1
REQ-QUESTION-004,REFERENCE,REQ-CATALOG-006,教科、学年、学習テーマを問題へ関連付けるには、カタログ項目に対象教科、学年、表示名などを保持できる必要がある。,requirements_question_metadata_dependency_integrated_v0_1.md,73,TABLE,requirements_question_metadata_dependency_integrated_v0_1.md,1
REQ-QUESTION-004,REFERENCE,REQ-SOURCE-001,学校教科の問題へ教科書範囲を設定するには、対応する教科書ページまたは範囲情報を管理できる必要がある。,requirements_question_metadata_dependency_integrated_v0_1.md,74,TABLE,requirements_question_metadata_dependency_integrated_v0_1.md,1
REQ-QUESTION-004,STRUCTURE,REQ-CONTENT-007,教科、学年、単元などの学校教科固有属性を扱うには、学校教科と検定で異なる分類構造を扱える必要がある。,requirements_question_metadata_dependency_integrated_v0_1.md,72,TABLE,requirements_question_metadata_dependency_integrated_v0_1.md,1
REQ-QUESTION-005,CONCEPT,REQ-QUESTION-003,検定固有の属性を管理するには、その問題が検定に関連することを表現できる必要がある。,requirements_question_metadata_dependency_integrated_v0_1.md,75,TABLE,requirements_question_metadata_dependency_integrated_v0_1.md,1
REQ-QUESTION-005,REFERENCE,REQ-CATALOG-006,検定種別や級を問題へ関連付けるには、カタログ項目に対象検定や級などを保持できる必要がある。,requirements_question_metadata_dependency_integrated_v0_1.md,77,TABLE,requirements_question_metadata_dependency_integrated_v0_1.md,1
REQ-QUESTION-005,REFERENCE,REQ-EXAM-PART-001,検定問題へ試験区分を設定するには、検定内の複数の試験区分を識別して管理できる必要がある。,requirements_question_metadata_dependency_integrated_v0_1.md,78,TABLE,requirements_question_metadata_dependency_integrated_v0_1.md,1
REQ-QUESTION-005,STRUCTURE,REQ-CATALOG-DIMENSION-002,検定問題の出題形式を管理するには、学習内容・技能と問題形式を分離して管理できる必要がある。,requirements_question_metadata_dependency_integrated_v0_1.md,79,TABLE,requirements_question_metadata_dependency_integrated_v0_1.md,1
REQ-QUESTION-005,STRUCTURE,REQ-CONTENT-007,検定種別、級、試験区分などの属性を扱うには、学校教科と検定で異なる分類構造を扱える必要がある。,requirements_question_metadata_dependency_integrated_v0_1.md,76,TABLE,requirements_question_metadata_dependency_integrated_v0_1.md,1
REQ-QUESTION-006,STRUCTURE,REQ-QUESTION-001,,requirements_foundation_dependency_integrated_v0_2.md,33,TABLE,requirements_foundation_dependency_integrated_v0_2.md;requirements_foundation_dependency_integrated_v0_3.md,2
REQ-QUESTION-DEPENDENCY-001,STRUCTURE,REQ-QUESTION-001,単独出題可能な問題を他問題なしで理解できる文面にするには、問題文を独立した問題本体として管理できる必要がある。,requirements_question_metadata_dependency_integrated_v0_1.md,93,TABLE,requirements_question_metadata_dependency_integrated_v0_1.md,1
REQ-QUESTION-DEPENDENCY-002,REFERENCE,REQ-ID-004,前問や共通資料への依存関係を明示するには、依存元と依存先の問題・資料を一意に識別できる必要がある。,requirements_question_metadata_dependency_integrated_v0_1.md,94,TABLE,requirements_question_metadata_dependency_integrated_v0_1.md,1
REQ-QUESTION-DEPENDENCY-002,STRUCTURE,REQ-COMPOSITE-001,共通本文、共通資料、共通設問への依存を表現するには、複数要素からなる問題を構造化して管理できる必要がある。,requirements_question_metadata_dependency_integrated_v0_1.md,95,TABLE,requirements_question_metadata_dependency_integrated_v0_1.md,1
REQ-QUESTION-DEPENDENCY-003,FUNCTION,REQ-QUIZ-001,依存問題群を必要な順序で出題するには、固定順を選択できる出題機能が必要である。,requirements_question_metadata_dependency_integrated_v0_1.md,97,TABLE,requirements_question_metadata_dependency_integrated_v0_1.md,1
REQ-QUESTION-DEPENDENCY-003,REFERENCE,REQ-QUESTION-DEPENDENCY-002,依存関係を持つ複数問題の順序とまとまりを保つには、問題間の依存関係が明示されている必要がある。,requirements_question_metadata_dependency_integrated_v0_1.md,96,TABLE,requirements_question_metadata_dependency_integrated_v0_1.md,1
REQ-QUESTION-DEPENDENCY-003,STRUCTURE,REQ-COMPOSITE-001,複数問題のまとまりを維持するには、共通本文や設問を含む複合問題を構造化して管理できる必要がある。,requirements_question_metadata_dependency_integrated_v0_1.md,98,TABLE,requirements_question_metadata_dependency_integrated_v0_1.md,1
REQ-QUESTION-DEPENDENCY-004,REFERENCE,REQ-QUESTION-DEPENDENCY-002,依存情報なしでの単独出題を防止するには、共通本文や資料への依存関係が明示されている必要がある。,requirements_question_metadata_dependency_integrated_v0_1.md,99,TABLE,requirements_question_metadata_dependency_integrated_v0_1.md,1
REQ-QUESTION-DEPENDENCY-004,VALIDATION,REQ-COMPOSITE-001,共通本文や共通資料を欠いた単独出題を防ぐには、複合問題の構成要素を識別できる必要がある。,requirements_question_metadata_dependency_integrated_v0_1.md,100,TABLE,requirements_question_metadata_dependency_integrated_v0_1.md,1
REQ-QUESTION-DEPENDENCY-005,STRUCTURE,REQ-COLLECTION-001,問題集作成時に問題群の整合性を検証するには、問題集が既存問題の参照集合として管理されている必要がある。,requirements_question_metadata_dependency_integrated_v0_1.md,103,TABLE,requirements_question_metadata_dependency_integrated_v0_1.md,1
REQ-QUESTION-DEPENDENCY-005,VALIDATION,REQ-QUESTION-DEPENDENCY-001,問題集作成時に単独出題可能な問題を判定するには、他問題を先に見なくても理解できるという独立性条件が必要である。,requirements_question_metadata_dependency_integrated_v0_1.md,101,TABLE,requirements_question_metadata_dependency_integrated_v0_1.md,1
REQ-QUESTION-DEPENDENCY-005,VALIDATION,REQ-QUESTION-DEPENDENCY-002,問題群として扱う必要がある問題を判定するには、問題間依存が明示されている必要がある。,requirements_question_metadata_dependency_integrated_v0_1.md,102,TABLE,requirements_question_metadata_dependency_integrated_v0_1.md,1
REQ-QUIZ-001,DATA,REQ-ID-007,固定順を明示的な順序情報から得るため,requirements_learning_execution_session_cycle_c1a_dependency_integrated_v0_1.md,127,ARROW,requirements_learning_execution_session_cycle_c1a_dependency_integrated_v0_1.md;requirements_learning_execution_session_cycle_dependency_integrated_v0_1.md;requirements_learning_execution_session_cycle_dependency_integrated_v0_2.md,3
REQ-QUIZ-001,REFERENCE,REQ-COLLECTION-001,出題対象となる問題集合を参照するため,requirements_learning_execution_session_cycle_c1a_dependency_integrated_v0_1.md,125,ARROW,requirements_learning_execution_session_cycle_c1a_dependency_integrated_v0_1.md;requirements_learning_execution_session_cycle_dependency_integrated_v0_1.md;requirements_learning_execution_session_cycle_dependency_integrated_v0_2.md,3
REQ-QUIZ-002,DATA,REQ-CATALOG-REF-001,学習内容順を構成するため,requirements_learning_execution_session_cycle_c1a_dependency_integrated_v0_1.md,131,ARROW,requirements_learning_execution_session_cycle_c1a_dependency_integrated_v0_1.md;requirements_learning_execution_session_cycle_dependency_integrated_v0_1.md;requirements_learning_execution_session_cycle_dependency_integrated_v0_2.md,3
REQ-QUIZ-002,DATA,REQ-EVENT-004,最近の誤答を判定するため,requirements_learning_execution_session_cycle_c1a_dependency_integrated_v0_1.md,133,ARROW,requirements_learning_execution_session_cycle_c1a_dependency_integrated_v0_1.md;requirements_learning_execution_session_cycle_dependency_integrated_v0_1.md;requirements_learning_execution_session_cycle_dependency_integrated_v0_2.md,3
REQ-QUIZ-002,DATA,REQ-MASTERY-009,弱点・復習優先度順を構成するため,requirements_learning_execution_session_cycle_c1a_dependency_integrated_v0_1.md,135,ARROW,requirements_learning_execution_session_cycle_c1a_dependency_integrated_v0_1.md;requirements_learning_execution_session_cycle_dependency_integrated_v0_1.md;requirements_learning_execution_session_cycle_dependency_integrated_v0_2.md,3
REQ-QUIZ-002,DATA,REQ-TAG-006,難易度順を構成するため,requirements_learning_execution_session_cycle_c1a_dependency_integrated_v0_1.md,129,ARROW,requirements_learning_execution_session_cycle_c1a_dependency_integrated_v0_1.md;requirements_learning_execution_session_cycle_dependency_integrated_v0_1.md;requirements_learning_execution_session_cycle_dependency_integrated_v0_2.md,3
REQ-QUIZ-002,FUNCTION,REQ-QUIZ-001,基本の出題順選択を拡張するため,requirements_learning_execution_session_cycle_c1a_dependency_integrated_v0_1.md,86,ARROW,requirements_learning_execution_session_cycle_c1a_dependency_integrated_v0_1.md;requirements_learning_execution_session_cycle_dependency_integrated_v0_1.md;requirements_learning_execution_session_cycle_dependency_integrated_v0_2.md,3
REQ-QUIZ-003,REFERENCE,REQ-COLLECTION-001,全問または指定問数の母集団を得るため,requirements_learning_execution_session_cycle_c1a_dependency_integrated_v0_1.md,137,ARROW,requirements_learning_execution_session_cycle_c1a_dependency_integrated_v0_1.md;requirements_learning_execution_session_cycle_dependency_integrated_v0_1.md;requirements_learning_execution_session_cycle_dependency_integrated_v0_2.md,3
REQ-QUIZ-004,DATA,REQ-CATALOG-DIMENSION-001,学習内容や技能の区分を利用するため,requirements_learning_execution_session_cycle_c1a_dependency_integrated_v0_1.md,141,ARROW,requirements_learning_execution_session_cycle_c1a_dependency_integrated_v0_1.md;requirements_learning_execution_session_cycle_dependency_integrated_v0_1.md;requirements_learning_execution_session_cycle_dependency_integrated_v0_2.md,3
REQ-QUIZ-004,DATA,REQ-TAG-001,分類別の出題数を割り当てるため,requirements_learning_execution_session_cycle_c1a_dependency_integrated_v0_1.md,139,ARROW,requirements_learning_execution_session_cycle_c1a_dependency_integrated_v0_1.md;requirements_learning_execution_session_cycle_dependency_integrated_v0_1.md;requirements_learning_execution_session_cycle_dependency_integrated_v0_2.md,3
REQ-QUIZ-004,FUNCTION,REQ-QUIZ-003,全体問数指定を分類別割当へ拡張するため,requirements_learning_execution_session_cycle_c1a_dependency_integrated_v0_1.md,88,ARROW,requirements_learning_execution_session_cycle_c1a_dependency_integrated_v0_1.md;requirements_learning_execution_session_cycle_dependency_integrated_v0_1.md;requirements_learning_execution_session_cycle_dependency_integrated_v0_2.md,3
REQ-QUIZ-005,DATA,REQ-EXAM-PART-002,試験区分の問題数・時間・形式を参照するため,requirements_learning_execution_session_cycle_c1a_dependency_integrated_v0_1.md,143,ARROW,requirements_learning_execution_session_cycle_c1a_dependency_integrated_v0_1.md;requirements_learning_execution_session_cycle_dependency_integrated_v0_1.md;requirements_learning_execution_session_cycle_dependency_integrated_v0_2.md,3
REQ-QUIZ-005,FUNCTION,REQ-QUIZ-001,本番形式の固定問題順を扱うため,requirements_learning_execution_session_cycle_c1a_dependency_integrated_v0_1.md,90,ARROW,requirements_learning_execution_session_cycle_c1a_dependency_integrated_v0_1.md;requirements_learning_execution_session_cycle_dependency_integrated_v0_1.md;requirements_learning_execution_session_cycle_dependency_integrated_v0_2.md,3
REQ-QUIZ-005,FUNCTION,REQ-QUIZ-003,本番形式の固定問題数を扱うため,requirements_learning_execution_session_cycle_c1a_dependency_integrated_v0_1.md,92,ARROW,requirements_learning_execution_session_cycle_c1a_dependency_integrated_v0_1.md;requirements_learning_execution_session_cycle_dependency_integrated_v0_1.md;requirements_learning_execution_session_cycle_dependency_integrated_v0_2.md,3
REQ-QUIZ-005,FUNCTION,REQ-TIMER-003,本番形式の制限時間設定を扱うため,requirements_learning_execution_session_cycle_c1a_dependency_integrated_v0_1.md,94,ARROW,requirements_learning_execution_session_cycle_c1a_dependency_integrated_v0_1.md;requirements_learning_execution_session_cycle_dependency_integrated_v0_1.md;requirements_learning_execution_session_cycle_dependency_integrated_v0_2.md,3
REQ-QUIZ-005,STRUCTURE,REQ-QUESTION-DEPENDENCY-003,問題群の必要な順序とまとまりを保持するため,requirements_learning_execution_session_cycle_c1a_dependency_integrated_v0_1.md,145,ARROW,requirements_learning_execution_session_cycle_c1a_dependency_integrated_v0_1.md;requirements_learning_execution_session_cycle_dependency_integrated_v0_1.md;requirements_learning_execution_session_cycle_dependency_integrated_v0_2.md,3
REQ-REASONING-001,REFERENCE,REQ-CATALOG-001,時間・因果・比較などの関係を設定する学習内容をカタログ上で識別して参照するため,requirements_inquiry_evidence_thinking_exam_partition_dependency_integrated_v0_1.md,181,ARROW,requirements_inquiry_evidence_thinking_exam_partition_dependency_integrated_v0_1.md,1
REQ-REASONING-002,FUNCTION,REQ-REASONING-001,複数の学習内容を横断した変化や因果関係を問うため,requirements_inquiry_evidence_thinking_exam_partition_dependency_integrated_v0_1.md,108,ARROW,requirements_inquiry_evidence_thinking_exam_partition_dependency_integrated_v0_1.md,1
REQ-REASONING-002,REFERENCE,REQ-CONTENT-001,横断して扱う複数の学習内容または問題を参照するため,requirements_inquiry_evidence_thinking_exam_partition_dependency_integrated_v0_1.md,161,ARROW,requirements_inquiry_evidence_thinking_exam_partition_dependency_integrated_v0_1.md,1
REQ-REASONING-003,FUNCTION,REQ-EVIDENCE-004,複数資料を比較して判断する問題を構成するため,requirements_inquiry_evidence_thinking_exam_partition_dependency_integrated_v0_1.md,112,ARROW,requirements_inquiry_evidence_thinking_exam_partition_dependency_integrated_v0_1.md,1
REQ-REASONING-003,FUNCTION,REQ-REASONING-001,複数の立場・観点・条件を関係付けて判断させるため,requirements_inquiry_evidence_thinking_exam_partition_dependency_integrated_v0_1.md,110,ARROW,requirements_inquiry_evidence_thinking_exam_partition_dependency_integrated_v0_1.md,1
REQ-REASONING-004,FUNCTION,REQ-ANSWER-005,根拠、利点、課題、実現可能性を採点基準として扱うため,requirements_inquiry_evidence_thinking_exam_partition_dependency_integrated_v0_1.md,163,ARROW,requirements_inquiry_evidence_thinking_exam_partition_dependency_integrated_v0_1.md,1
REQ-REASONING-004,FUNCTION,REQ-REASONING-003,判断または提案について評価観点を設定するため,requirements_inquiry_evidence_thinking_exam_partition_dependency_integrated_v0_1.md,114,ARROW,requirements_inquiry_evidence_thinking_exam_partition_dependency_integrated_v0_1.md,1
REQ-REFERENCE-001,STRUCTURE,REQ-QUESTION-001,,requirements_foundation_dependency_integrated_v0_1.md,32,TABLE,requirements_foundation_dependency_integrated_v0_1.md;requirements_foundation_dependency_integrated_v0_2.md;requirements_foundation_dependency_integrated_v0_3.md,3
REQ-REFERENCE-001,STRUCTURE,REQ-STATUS-001,,requirements_foundation_dependency_integrated_v0_1.md,33,TABLE,requirements_foundation_dependency_integrated_v0_1.md;requirements_foundation_dependency_integrated_v0_2.md;requirements_foundation_dependency_integrated_v0_3.md,3
REQ-REFERENCE-002,STRUCTURE,REQ-QUESTION-001,,requirements_foundation_dependency_integrated_v0_1.md,34,TABLE,requirements_foundation_dependency_integrated_v0_1.md;requirements_foundation_dependency_integrated_v0_2.md;requirements_foundation_dependency_integrated_v0_3.md,3
REQ-REFERENCE-002,STRUCTURE,REQ-VISUAL-001,,requirements_foundation_dependency_integrated_v0_1.md,35,TABLE,requirements_foundation_dependency_integrated_v0_1.md;requirements_foundation_dependency_integrated_v0_2.md;requirements_foundation_dependency_integrated_v0_3.md,3
REQ-REFERENCE-003,STRUCTURE,REQ-CATALOG-005,学習分類の親子関係を検証するには、階層構造を持つ分類モデルが定義されている必要がある。,requirements_question_metadata_dependency_integrated_v0_1.md,55,TABLE,requirements_question_metadata_dependency_integrated_v0_1.md,1
REQ-REFERENCE-003,VALIDATION,REQ-CATALOG-007,分類の親子関係の整合性を検証するには、分類階層の循環や不正な参照を検出できる制約が必要である。,requirements_question_metadata_dependency_integrated_v0_1.md,56,TABLE,requirements_question_metadata_dependency_integrated_v0_1.md,1
REQ-REFERENCE-004,DATA,REQ-STATUS-001,利用停止または置き換え済みの問題を識別するには、問題の公開・利用停止・置換などの状態を区別して管理できる必要がある。,requirements_question_metadata_dependency_integrated_v0_1.md,58,TABLE,requirements_question_metadata_dependency_integrated_v0_1.md,1
REQ-REFERENCE-004,REFERENCE,REQ-CONTENT-002,利用停止または置換済み問題を問題集へ含めるか管理者が判断するには、問題を複製せず問題集から参照する構造が必要である。,requirements_question_metadata_dependency_integrated_v0_1.md,57,TABLE,requirements_question_metadata_dependency_integrated_v0_1.md,1
REQ-REGISTRATION-002,REFERENCE,REQ-COPYRIGHT-003,教材、問題、本文、図表、音声などの公開範囲を登録前に確認するには、資料ごとに公開可能、非公開、家庭内限定などの利用範囲を設定できる必要がある。,requirements_authoring_registration_tracking_dependency_integrated_v0_1.md,64,TABLE,requirements_authoring_registration_tracking_dependency_integrated_v0_1.md;requirements_authoring_registration_tracking_dependency_integrated_v0_2.md,2
REQ-REGISTRATION-003,FUNCTION,REQ-REGISTRATION-001,必要となるメタデータ、表示資料、印刷設定、音声設定の有無を判断するには、教材登録前にその教材で利用する学習方法と機能を確認できる必要がある。,requirements_authoring_registration_tracking_dependency_integrated_v0_1.md,71,TABLE,requirements_authoring_registration_tracking_dependency_integrated_v0_1.md;requirements_authoring_registration_tracking_dependency_integrated_v0_2.md,2
REQ-REGISTRATION-003,FUNCTION,REQ-REGISTRATION-004,利用機能に応じて必要な属性や設定を判断するには、利用予定のない機能に関する属性を一律に必須入力としない方針が必要である。,requirements_authoring_registration_tracking_dependency_integrated_v0_1.md,72,TABLE,requirements_authoring_registration_tracking_dependency_integrated_v0_1.md;requirements_authoring_registration_tracking_dependency_integrated_v0_2.md,2
REQ-REGISTRATION-004,FUNCTION,REQ-REGISTRATION-001,どの機能の属性を必須としないか判断するには、教材登録前に、その教材を利用する学習方法と機能を確認できる必要がある。,requirements_authoring_registration_tracking_dependency_integrated_v0_1.md,65,TABLE,requirements_authoring_registration_tracking_dependency_integrated_v0_1.md;requirements_authoring_registration_tracking_dependency_integrated_v0_2.md,2
REQ-REGISTRATION-004,STRUCTURE,REQ-SCHEMA-001,利用予定のない機能の属性を一律に必須入力としないためには、主要データについて必須項目と任意項目を明示的に区別できる必要がある。,requirements_authoring_registration_tracking_dependency_integrated_v0_1.md,66,TABLE,requirements_authoring_registration_tracking_dependency_integrated_v0_1.md;requirements_authoring_registration_tracking_dependency_integrated_v0_2.md,2
REQ-REGISTRATION-005,FUNCTION,REQ-PRINT-001,印刷用出力の関連データを独立して検証するには、同じ問題データから画面学習用と印刷用の両方を生成できる必要がある。,requirements_authoring_registration_tracking_dependency_integrated_v0_1.md,82,TABLE,requirements_authoring_registration_tracking_dependency_integrated_v0_1.md;requirements_authoring_registration_tracking_dependency_integrated_v0_2.md,2
REQ-REGISTRATION-005,STRUCTURE,REQ-COLLECTION-001,通常教材の関連データを独立して検証するには、問題集を既存問題の参照集合として識別できる必要がある。,requirements_authoring_registration_tracking_dependency_integrated_v0_1.md,83,TABLE,requirements_authoring_registration_tracking_dependency_integrated_v0_1.md;requirements_authoring_registration_tracking_dependency_integrated_v0_2.md,2
REQ-REGISTRATION-005,STRUCTURE,REQ-MEDIA-001,表示アセットの関連データを独立して検証するには、問題作成の根拠資料と学習者へ表示する資料を分離して管理できる必要がある。,requirements_authoring_registration_tracking_dependency_integrated_v0_1.md,84,TABLE,requirements_authoring_registration_tracking_dependency_integrated_v0_1.md;requirements_authoring_registration_tracking_dependency_integrated_v0_2.md,2
REQ-REGISTRATION-005,STRUCTURE,REQ-PURPOSE-001,目的別問題集の関連データを独立して検証するには、教材とは別に、学習目的に応じて既存問題を束ねた目的別問題集を管理できる必要がある。,requirements_authoring_registration_tracking_dependency_integrated_v0_1.md,85,TABLE,requirements_authoring_registration_tracking_dependency_integrated_v0_1.md;requirements_authoring_registration_tracking_dependency_integrated_v0_2.md,2
REQ-REGISTRATION-005,VALIDATION,REQ-VALIDATION-001,通常教材、目的別問題集、印刷用出力、表示アセットを別々に検証する場合も、必須項目、重複、参照先などを確認する共通検証機能が必要である。,requirements_authoring_registration_tracking_dependency_integrated_v0_1.md,86,TABLE,requirements_authoring_registration_tracking_dependency_integrated_v0_1.md;requirements_authoring_registration_tracking_dependency_integrated_v0_2.md,2
REQ-REGISTRATION-COMPLETE-001,FUNCTION,REQ-REGISTRATION-COMPLETE-008,利用者が実際に利用できることまで含めて教材登録完了を確認するには、教材の種類と利用機能に応じて完了条件を設定できる必要がある。,requirements_authoring_registration_tracking_dependency_integrated_v0_1.md,94,TABLE,requirements_authoring_registration_tracking_dependency_integrated_v0_1.md;requirements_authoring_registration_tracking_dependency_integrated_v0_2.md,2
REQ-REGISTRATION-COMPLETE-001,VALIDATION,REQ-AUTHORING-005,機械検証の成功だけで教材登録完了とみなさないためには、比較対象となる教材登録前の機械検証を実施できる必要がある。,requirements_authoring_registration_tracking_dependency_integrated_v0_1.md,95,TABLE,requirements_authoring_registration_tracking_dependency_integrated_v0_1.md;requirements_authoring_registration_tracking_dependency_integrated_v0_2.md,2
REQ-REGISTRATION-COMPLETE-002,FUNCTION,REQ-EVENT-001,学習セッションを完了できることを確認するには、1回の学習実行を学習セッションとして一意に識別し保存できる必要がある。,requirements_authoring_registration_tracking_dependency_integrated_v0_1.md,96,TABLE,requirements_authoring_registration_tracking_dependency_integrated_v0_1.md;requirements_authoring_registration_tracking_dependency_integrated_v0_2.md,2
REQ-REGISTRATION-COMPLETE-002,FUNCTION,REQ-EVENT-003,回答を記録できることを確認するには、問題への1回の回答を回答イベントとして保存できる必要がある。,requirements_authoring_registration_tracking_dependency_integrated_v0_1.md,97,TABLE,requirements_authoring_registration_tracking_dependency_integrated_v0_1.md;requirements_authoring_registration_tracking_dependency_integrated_v0_2.md,2
REQ-REGISTRATION-COMPLETE-002,FUNCTION,REQ-MATERIAL-SELECTION-001,教材を選択して利用できることを確認するには、利用者が選択した教材と実際に読み込まれた教材が一致する必要がある。,requirements_authoring_registration_tracking_dependency_integrated_v0_1.md,98,TABLE,requirements_authoring_registration_tracking_dependency_integrated_v0_1.md;requirements_authoring_registration_tracking_dependency_integrated_v0_2.md,2
REQ-REGISTRATION-COMPLETE-002,FUNCTION,REQ-MODE-002,問題を開始し画面学習を完了できることを確認するには、通常練習モードで対象問題を出題できる必要がある。,requirements_authoring_registration_tracking_dependency_integrated_v0_1.md,99,TABLE,requirements_authoring_registration_tracking_dependency_integrated_v0_1.md;requirements_authoring_registration_tracking_dependency_integrated_v0_2.md,2
REQ-REGISTRATION-COMPLETE-002,FUNCTION,REQ-REGISTRATION-COMPLETE-001,画面学習用教材の利用可能性確認は、機械検証だけでなく、利用者が実際に利用できることを登録完了条件とする総合方針を前提とする。,requirements_authoring_registration_tracking_dependency_integrated_v0_1.md,100,TABLE,requirements_authoring_registration_tracking_dependency_integrated_v0_1.md;requirements_authoring_registration_tracking_dependency_integrated_v0_2.md,2
REQ-REGISTRATION-COMPLETE-003,DATA,REQ-EVENT-004,回答イベントを教材ごとに識別するには、回答イベントへ学習セッション、問題、学習モード、実行した問題集などを保存できる必要がある。,requirements_authoring_registration_tracking_dependency_integrated_v0_1.md,101,TABLE,requirements_authoring_registration_tracking_dependency_integrated_v0_1.md;requirements_authoring_registration_tracking_dependency_integrated_v0_2.md,2
REQ-REGISTRATION-COMPLETE-003,DATA,REQ-PROGRESS-001,新しく登録した教材の進捗が他教材と混在しないことを確認するには、問題ごとの進捗を永続的に保存できる必要がある。,requirements_authoring_registration_tracking_dependency_integrated_v0_1.md,102,TABLE,requirements_authoring_registration_tracking_dependency_integrated_v0_1.md;requirements_authoring_registration_tracking_dependency_integrated_v0_2.md,2
REQ-REGISTRATION-COMPLETE-003,FUNCTION,REQ-REGISTRATION-COMPLETE-001,新規教材の履歴が正しく利用できることの確認は、実利用可能性を含む登録完了方針を前提とする。,requirements_authoring_registration_tracking_dependency_integrated_v0_1.md,103,TABLE,requirements_authoring_registration_tracking_dependency_integrated_v0_1.md;requirements_authoring_registration_tracking_dependency_integrated_v0_2.md,2
REQ-REGISTRATION-COMPLETE-003,VALIDATION,REQ-MATERIAL-SELECTION-005,教材切替後も回答イベント、進捗、履歴が正しい教材または問題へ関連付けられることは、教材間の混在防止を確認する直接前提である。,requirements_authoring_registration_tracking_dependency_integrated_v0_1.md,104,TABLE,requirements_authoring_registration_tracking_dependency_integrated_v0_1.md;requirements_authoring_registration_tracking_dependency_integrated_v0_2.md,2
REQ-REGISTRATION-COMPLETE-004,FUNCTION,REQ-BACKUP-001,新規教材がバックアップ対象となることを確認するには、管理データを復元可能なバックアップとして出力できる必要がある。,requirements_authoring_registration_tracking_dependency_integrated_v0_1.md,105,TABLE,requirements_authoring_registration_tracking_dependency_integrated_v0_1.md;requirements_authoring_registration_tracking_dependency_integrated_v0_2.md,2
REQ-REGISTRATION-COMPLETE-004,FUNCTION,REQ-REGISTRATION-COMPLETE-001,バックアップ・復元・同期の利用可能性確認は、実際に利用できることまで確認する登録完了方針を前提とする。,requirements_authoring_registration_tracking_dependency_integrated_v0_1.md,106,TABLE,requirements_authoring_registration_tracking_dependency_integrated_v0_1.md;requirements_authoring_registration_tracking_dependency_integrated_v0_2.md,2
REQ-REGISTRATION-COMPLETE-004,FUNCTION,REQ-RESTORE-001,新規教材が復元対象となることを確認するには、対応するバックアップから管理対象データを復元できる必要がある。,requirements_authoring_registration_tracking_dependency_integrated_v0_1.md,107,TABLE,requirements_authoring_registration_tracking_dependency_integrated_v0_1.md;requirements_authoring_registration_tracking_dependency_integrated_v0_2.md,2
REQ-REGISTRATION-COMPLETE-004,FUNCTION,REQ-SYNC-001,新規教材に関する学習履歴と進捗が同期対象となることを確認するには、それらを特定端末だけに依存せず利用できる必要がある。,requirements_authoring_registration_tracking_dependency_integrated_v0_1.md,108,TABLE,requirements_authoring_registration_tracking_dependency_integrated_v0_1.md;requirements_authoring_registration_tracking_dependency_integrated_v0_2.md,2
REQ-REGISTRATION-COMPLETE-005,FUNCTION,REQ-REGISTRATION-COMPLETE-001,目的別問題集で実際に利用可能であることの確認は、実利用可能性を含む登録完了方針を前提とする。,requirements_authoring_registration_tracking_dependency_integrated_v0_1.md,109,TABLE,requirements_authoring_registration_tracking_dependency_integrated_v0_1.md;requirements_authoring_registration_tracking_dependency_integrated_v0_2.md,2
REQ-REGISTRATION-COMPLETE-005,REFERENCE,REQ-STATUS-001,参照先問題の利用可能状態を確認するには、問題や問題集について作成中、利用可能、利用停止などの状態を区別できる必要がある。,requirements_authoring_registration_tracking_dependency_integrated_v0_1.md,110,TABLE,requirements_authoring_registration_tracking_dependency_integrated_v0_1.md;requirements_authoring_registration_tracking_dependency_integrated_v0_2.md,2
REQ-REGISTRATION-COMPLETE-005,STRUCTURE,REQ-PURPOSE-001,教材の問題を目的別問題集へ含めて確認するには、目的別問題集を既存問題を束ねる管理対象として扱える必要がある。,requirements_authoring_registration_tracking_dependency_integrated_v0_1.md,111,TABLE,requirements_authoring_registration_tracking_dependency_integrated_v0_1.md;requirements_authoring_registration_tracking_dependency_integrated_v0_2.md,2
REQ-REGISTRATION-COMPLETE-005,VALIDATION,REQ-REFERENCE-001,参照先問題の存在と参照可能性を確認するには、問題集が参照する問題が登録済みかつ参照可能である必要がある。,requirements_authoring_registration_tracking_dependency_integrated_v0_1.md,112,TABLE,requirements_authoring_registration_tracking_dependency_integrated_v0_1.md;requirements_authoring_registration_tracking_dependency_integrated_v0_2.md,2
REQ-REGISTRATION-COMPLETE-005,VALIDATION,REQ-VALIDATION-001,目的別問題集内の重複や無効な参照を確認するには、登録時の共通機械検証を利用できる必要がある。,requirements_authoring_registration_tracking_dependency_integrated_v0_1.md,113,TABLE,requirements_authoring_registration_tracking_dependency_integrated_v0_1.md;requirements_authoring_registration_tracking_dependency_integrated_v0_2.md,2
REQ-REGISTRATION-COMPLETE-006,FUNCTION,REQ-PAPER-001,問題用紙、解答欄、図表を確認するには、問題用紙へ問題文、図表、解答欄などを出力できる必要がある。,requirements_authoring_registration_tracking_dependency_integrated_v0_1.md,114,TABLE,requirements_authoring_registration_tracking_dependency_integrated_v0_1.md;requirements_authoring_registration_tracking_dependency_integrated_v0_2.md,2
REQ-REGISTRATION-COMPLETE-006,FUNCTION,REQ-PRINT-003,問題用紙や解答・解説などを確認するには、各印刷出力物を個別に生成できる必要がある。,requirements_authoring_registration_tracking_dependency_integrated_v0_1.md,115,TABLE,requirements_authoring_registration_tracking_dependency_integrated_v0_1.md;requirements_authoring_registration_tracking_dependency_integrated_v0_2.md,2
REQ-REGISTRATION-COMPLETE-006,FUNCTION,REQ-REGISTRATION-COMPLETE-001,印刷対象教材の出力物を実際に利用できることの確認は、実利用可能性を含む登録完了方針を前提とする。,requirements_authoring_registration_tracking_dependency_integrated_v0_1.md,116,TABLE,requirements_authoring_registration_tracking_dependency_integrated_v0_1.md;requirements_authoring_registration_tracking_dependency_integrated_v0_2.md,2
REQ-REGISTRATION-COMPLETE-006,FUNCTION,REQ-SCORING-002,解答と解説を確認するには、正答、解き方、注意点などを含む解答・解説を出力できる必要がある。,requirements_authoring_registration_tracking_dependency_integrated_v0_1.md,117,TABLE,requirements_authoring_registration_tracking_dependency_integrated_v0_1.md;requirements_authoring_registration_tracking_dependency_integrated_v0_2.md,2
REQ-REGISTRATION-COMPLETE-006,FUNCTION,REQ-SPACE-001,印刷物の記入欄を確認するには、問題ごとに必要な記入スペースの要否と大きさを設定できる必要がある。,requirements_authoring_registration_tracking_dependency_integrated_v0_1.md,118,TABLE,requirements_authoring_registration_tracking_dependency_integrated_v0_1.md;requirements_authoring_registration_tracking_dependency_integrated_v0_2.md,2
REQ-REGISTRATION-COMPLETE-006,VALIDATION,REQ-COPYRIGHT-006,印刷物の著作権上の利用可否を確認するには、生成前に含まれる資料の利用範囲を検証できる必要がある。,requirements_authoring_registration_tracking_dependency_integrated_v0_1.md,119,TABLE,requirements_authoring_registration_tracking_dependency_integrated_v0_1.md;requirements_authoring_registration_tracking_dependency_integrated_v0_2.md,2
REQ-REGISTRATION-COMPLETE-007,FUNCTION,REQ-ASSET-004,アセット欠落時の扱いを確認するには、取得・表示失敗時に欠落を明示し、可能な場合は代替テキストを表示できる必要がある。,requirements_authoring_registration_tracking_dependency_integrated_v0_1.md,120,TABLE,requirements_authoring_registration_tracking_dependency_integrated_v0_1.md;requirements_authoring_registration_tracking_dependency_integrated_v0_2.md,2
REQ-REGISTRATION-COMPLETE-007,FUNCTION,REQ-MATERIAL-LOAD-002,必須アセット欠落時の教材利用可否を確認するには、必須要素が不足する不完全な教材を開始させず、任意要素欠落時の継続可否を定義できる必要がある。,requirements_authoring_registration_tracking_dependency_integrated_v0_1.md,121,TABLE,requirements_authoring_registration_tracking_dependency_integrated_v0_1.md;requirements_authoring_registration_tracking_dependency_integrated_v0_2.md,2
REQ-REGISTRATION-COMPLETE-007,FUNCTION,REQ-REGISTRATION-COMPLETE-001,図表・音声を含む教材が実際に利用可能であることの確認は、実利用可能性を含む登録完了方針を前提とする。,requirements_authoring_registration_tracking_dependency_integrated_v0_1.md,122,TABLE,requirements_authoring_registration_tracking_dependency_integrated_v0_1.md;requirements_authoring_registration_tracking_dependency_integrated_v0_2.md,2
REQ-REGISTRATION-COMPLETE-007,STRUCTURE,REQ-ASSET-001,関連アセットが利用可能か確認するには、表示資料の実体を一意に識別可能なアセットとして管理できる必要がある。,requirements_authoring_registration_tracking_dependency_integrated_v0_1.md,123,TABLE,requirements_authoring_registration_tracking_dependency_integrated_v0_1.md;requirements_authoring_registration_tracking_dependency_integrated_v0_2.md,2
REQ-REGISTRATION-COMPLETE-007,VALIDATION,REQ-ASSET-005,関連アセットが存在し参照・利用可能か確認するには、存在しない、参照不能、利用許可がない状態をデータ検証で検出できる必要がある。,requirements_authoring_registration_tracking_dependency_integrated_v0_1.md,124,TABLE,requirements_authoring_registration_tracking_dependency_integrated_v0_1.md;requirements_authoring_registration_tracking_dependency_integrated_v0_2.md,2
REQ-REGISTRATION-COMPLETE-008,FUNCTION,REQ-REGISTRATION-001,教材の利用機能に応じて登録完了条件を設定するには、登録前にその教材を利用する学習方法と機能を確認できる必要がある。,requirements_authoring_registration_tracking_dependency_integrated_v0_1.md,87,TABLE,requirements_authoring_registration_tracking_dependency_integrated_v0_1.md;requirements_authoring_registration_tracking_dependency_integrated_v0_2.md,2
REQ-REGISTRATION-COMPLETE-008,FUNCTION,REQ-REGISTRATION-003,教材種類と利用機能に応じた完了条件を設定するには、必要となるメタデータ、参照情報、表示資料、印刷設定、音声設定の有無を判断できる必要がある。,requirements_authoring_registration_tracking_dependency_integrated_v0_1.md,88,TABLE,requirements_authoring_registration_tracking_dependency_integrated_v0_1.md;requirements_authoring_registration_tracking_dependency_integrated_v0_2.md,2
REQ-RESET-001,REFERENCE,REQ-CYCLE-006,周回状態を管理単位ごとに確認するため,requirements_learning_execution_session_cycle_c1c_dependency_integrated_v0_1.md,98,ARROW,requirements_learning_execution_session_cycle_c1c_dependency_integrated_v0_1.md;requirements_learning_execution_session_cycle_dependency_integrated_v0_1.md;requirements_learning_execution_session_cycle_dependency_integrated_v0_2.md,3
REQ-RESET-001,REFERENCE,REQ-EVENT-001,学習履歴の管理対象を確認するため,requirements_learning_execution_session_cycle_c1c_dependency_integrated_v0_1.md,135,ARROW,requirements_learning_execution_session_cycle_c1c_dependency_integrated_v0_1.md;requirements_learning_execution_session_cycle_dependency_integrated_v0_1.md;requirements_learning_execution_session_cycle_dependency_integrated_v0_2.md,3
REQ-RESET-001,REFERENCE,REQ-PROGRESS-006,目的別達成状況を確認するため,requirements_learning_execution_session_cycle_c1c_dependency_integrated_v0_1.md,137,ARROW,requirements_learning_execution_session_cycle_c1c_dependency_integrated_v0_1.md;requirements_learning_execution_session_cycle_dependency_integrated_v0_1.md;requirements_learning_execution_session_cycle_dependency_integrated_v0_2.md,3
REQ-RESET-002,CONCEPT,REQ-CONTENT-003,,requirements_learning_data_dependency_integrated_v0_1.md,59,TABLE,requirements_learning_data_dependency_integrated_v0_1.md,1
REQ-RESET-002,CONCEPT,REQ-CYCLE-001,,requirements_data_dependency_integrated_v0_1.md,61,TABLE,requirements_data_dependency_integrated_v0_1.md;requirements_data_dependency_integrated_v0_2.md,2
REQ-RESET-002,CONCEPT,REQ-CYCLE-010,,requirements_learning_data_dependency_integrated_v0_1.md,62,TABLE,requirements_learning_data_dependency_integrated_v0_1.md,1
REQ-RESET-002,CONCEPT,REQ-EVENT-006,,requirements_data_dependency_integrated_v0_1.md,62,TABLE,requirements_data_dependency_integrated_v0_1.md;requirements_data_dependency_integrated_v0_2.md,2
REQ-RESET-002,CONCEPT,REQ-PROGRESS-005,,requirements_data_dependency_integrated_v0_1.md,59,TABLE,requirements_data_dependency_integrated_v0_1.md;requirements_data_dependency_integrated_v0_2.md,2
REQ-RESET-002,CONCEPT,REQ-PROGRESS-006,,requirements_data_dependency_integrated_v0_1.md,60,TABLE,requirements_data_dependency_integrated_v0_1.md;requirements_data_dependency_integrated_v0_2.md,2
REQ-RESET-002,DATA,REQ-EVENT-006,,requirements_learning_data_dependency_integrated_v0_1.md,60,TABLE,requirements_learning_data_dependency_integrated_v0_1.md,1
REQ-RESET-002,DATA,REQ-PROGRESS-006,,requirements_learning_data_dependency_integrated_v0_1.md,61,TABLE,requirements_learning_data_dependency_integrated_v0_1.md,1
REQ-RESET-003,CONCEPT,REQ-EVENT-006,回答イベントを変更されない事実として保持するため,requirements_learning_execution_session_cycle_c1c_dependency_integrated_v0_1.md,139,ARROW,requirements_learning_execution_session_cycle_c1c_dependency_integrated_v0_1.md;requirements_learning_execution_session_cycle_dependency_integrated_v0_1.md;requirements_learning_execution_session_cycle_dependency_integrated_v0_2.md,3
REQ-RESET-003,CONCEPT,REQ-MASTERY-001,長期定着状態を周回状態と分離するため,requirements_learning_execution_session_cycle_c1c_dependency_integrated_v0_1.md,141,ARROW,requirements_learning_execution_session_cycle_c1c_dependency_integrated_v0_1.md;requirements_learning_execution_session_cycle_dependency_integrated_v0_1.md;requirements_learning_execution_session_cycle_dependency_integrated_v0_2.md,3
REQ-RESET-003,FUNCTION,REQ-RESET-001,確認済みの周回状態だけをリセットするため,requirements_learning_execution_session_cycle_c1c_dependency_integrated_v0_1.md,100,ARROW,requirements_learning_execution_session_cycle_c1c_dependency_integrated_v0_1.md;requirements_learning_execution_session_cycle_dependency_integrated_v0_1.md;requirements_learning_execution_session_cycle_dependency_integrated_v0_2.md,3
REQ-RESET-004,DATA,REQ-EVENT-006,変更されない回答イベントを再構築元とするため,requirements_learning_execution_session_cycle_c1c_dependency_integrated_v0_1.md,143,ARROW,requirements_learning_execution_session_cycle_c1c_dependency_integrated_v0_1.md;requirements_learning_execution_session_cycle_dependency_integrated_v0_1.md;requirements_learning_execution_session_cycle_dependency_integrated_v0_2.md,3
REQ-RESET-004,FUNCTION,REQ-MASTERY-010,回答イベントから定着状態を再計算するため,requirements_learning_execution_session_cycle_c1c_dependency_integrated_v0_1.md,145,ARROW,requirements_learning_execution_session_cycle_c1c_dependency_integrated_v0_1.md;requirements_learning_execution_session_cycle_dependency_integrated_v0_1.md;requirements_learning_execution_session_cycle_dependency_integrated_v0_2.md,3
REQ-RESET-005,FUNCTION,REQ-RESET-001,削除対象と管理単位を事前確認するため,requirements_learning_execution_session_cycle_c1c_dependency_integrated_v0_1.md,102,ARROW,requirements_learning_execution_session_cycle_c1c_dependency_integrated_v0_1.md;requirements_learning_execution_session_cycle_dependency_integrated_v0_1.md;requirements_learning_execution_session_cycle_dependency_integrated_v0_2.md,3
REQ-RESET-005,VALIDATION,REQ-STATUS-002,参照される学習事実の安易な削除を防ぐため,requirements_learning_execution_session_cycle_c1c_dependency_integrated_v0_1.md,147,ARROW,requirements_learning_execution_session_cycle_c1c_dependency_integrated_v0_1.md;requirements_learning_execution_session_cycle_dependency_integrated_v0_1.md;requirements_learning_execution_session_cycle_dependency_integrated_v0_2.md,3
REQ-RESET-006,DATA,REQ-EVENT-006,残存する回答イベントを再計算元とするため,requirements_learning_execution_session_cycle_c1c_dependency_integrated_v0_1.md,149,ARROW,requirements_learning_execution_session_cycle_c1c_dependency_integrated_v0_1.md;requirements_learning_execution_session_cycle_dependency_integrated_v0_1.md;requirements_learning_execution_session_cycle_dependency_integrated_v0_2.md,3
REQ-RESET-006,FUNCTION,REQ-MASTERY-010,残存イベントから定着状態を再評価するため,requirements_learning_execution_session_cycle_c1c_dependency_integrated_v0_1.md,151,ARROW,requirements_learning_execution_session_cycle_c1c_dependency_integrated_v0_1.md;requirements_learning_execution_session_cycle_dependency_integrated_v0_1.md;requirements_learning_execution_session_cycle_dependency_integrated_v0_2.md,3
REQ-RESET-006,FUNCTION,REQ-RESET-005,確認済みの履歴削除後に再計算するため,requirements_learning_execution_session_cycle_c1c_dependency_integrated_v0_1.md,104,ARROW,requirements_learning_execution_session_cycle_c1c_dependency_integrated_v0_1.md;requirements_learning_execution_session_cycle_dependency_integrated_v0_1.md;requirements_learning_execution_session_cycle_dependency_integrated_v0_2.md,3
REQ-RESTORE-001,FUNCTION,REQ-BACKUP-001,,requirements_backup_restore_dependency_integrated_v0_1.md,58,TABLE,requirements_backup_restore_dependency_integrated_v0_1.md;requirements_data_dependency_integrated_v0_1.md;requirements_data_dependency_integrated_v0_2.md,3
REQ-RESTORE-001,REFERENCE,REQ-BACKUP-FORMAT-003,,requirements_backup_restore_dependency_integrated_v0_1.md,60,TABLE,requirements_backup_restore_dependency_integrated_v0_1.md;requirements_data_dependency_integrated_v0_1.md;requirements_data_dependency_integrated_v0_2.md,3
REQ-RESTORE-001,VALIDATION,REQ-BACKUP-FORMAT-002,,requirements_backup_restore_dependency_integrated_v0_1.md,59,TABLE,requirements_backup_restore_dependency_integrated_v0_1.md;requirements_data_dependency_integrated_v0_1.md;requirements_data_dependency_integrated_v0_2.md,3
REQ-RESTORE-002,DATA,REQ-BACKUP-006,,requirements_backup_restore_dependency_integrated_v0_1.md,61,TABLE,requirements_backup_restore_dependency_integrated_v0_1.md;requirements_data_dependency_integrated_v0_1.md;requirements_data_dependency_integrated_v0_2.md,3
REQ-RESTORE-002,PRESENTATION,REQ-ADMIN-008,,requirements_backup_restore_dependency_integrated_v0_1.md,66,TABLE,requirements_backup_restore_dependency_integrated_v0_1.md;requirements_data_dependency_integrated_v0_1.md;requirements_data_dependency_integrated_v0_2.md,3
REQ-RESTORE-002,VALIDATION,REQ-BACKUP-FORMAT-002,,requirements_backup_restore_dependency_integrated_v0_1.md,62,TABLE,requirements_backup_restore_dependency_integrated_v0_1.md;requirements_data_dependency_integrated_v0_1.md;requirements_data_dependency_integrated_v0_2.md,3
REQ-RESTORE-002,VALIDATION,REQ-COPYRIGHT-001,,requirements_backup_restore_dependency_integrated_v0_1.md,64,TABLE,requirements_backup_restore_dependency_integrated_v0_1.md;requirements_data_dependency_integrated_v0_1.md;requirements_data_dependency_integrated_v0_2.md,3
REQ-RESTORE-002,VALIDATION,REQ-INTEGRITY-002,,requirements_backup_restore_dependency_integrated_v0_1.md,63,TABLE,requirements_backup_restore_dependency_integrated_v0_1.md;requirements_data_dependency_integrated_v0_1.md;requirements_data_dependency_integrated_v0_2.md,3
REQ-RESTORE-002,VALIDATION,REQ-SYNC-008,,requirements_backup_restore_dependency_integrated_v0_1.md,65,TABLE,requirements_backup_restore_dependency_integrated_v0_1.md;requirements_data_dependency_integrated_v0_1.md;requirements_data_dependency_integrated_v0_2.md,3
REQ-RESTORE-003,DATA,REQ-RESTORE-002,,requirements_backup_restore_dependency_integrated_v0_1.md,67,TABLE,requirements_backup_restore_dependency_integrated_v0_1.md;requirements_data_dependency_integrated_v0_1.md;requirements_data_dependency_integrated_v0_2.md,3
REQ-RESTORE-003,PRESENTATION,REQ-ADMIN-008,,requirements_backup_restore_dependency_integrated_v0_1.md,68,TABLE,requirements_backup_restore_dependency_integrated_v0_1.md;requirements_data_dependency_integrated_v0_1.md;requirements_data_dependency_integrated_v0_2.md,3
REQ-RESTORE-004,FUNCTION,REQ-RESTORE-001,,requirements_backup_restore_dependency_integrated_v0_1.md,69,TABLE,requirements_backup_restore_dependency_integrated_v0_1.md;requirements_data_dependency_integrated_v0_1.md;requirements_data_dependency_integrated_v0_2.md,3
REQ-RESTORE-005,FUNCTION,REQ-RESTORE-004,,requirements_backup_restore_dependency_integrated_v0_1.md,70,TABLE,requirements_backup_restore_dependency_integrated_v0_1.md;requirements_data_dependency_integrated_v0_1.md;requirements_data_dependency_integrated_v0_2.md,3
REQ-RESTORE-005,REFERENCE,REQ-BACKUP-FORMAT-003,,requirements_backup_restore_dependency_integrated_v0_1.md,71,TABLE,requirements_backup_restore_dependency_integrated_v0_1.md;requirements_data_dependency_integrated_v0_1.md;requirements_data_dependency_integrated_v0_2.md,3
REQ-RESTORE-005,VALIDATION,REQ-INTEGRITY-006,,requirements_backup_restore_dependency_integrated_v0_1.md,72,TABLE,requirements_backup_restore_dependency_integrated_v0_1.md;requirements_data_dependency_integrated_v0_1.md;requirements_data_dependency_integrated_v0_2.md,3
REQ-RESTORE-006,FUNCTION,REQ-PERSISTENCE-005,,requirements_backup_restore_dependency_integrated_v0_1.md,77,TABLE,requirements_backup_restore_dependency_integrated_v0_1.md;requirements_data_dependency_integrated_v0_1.md;requirements_data_dependency_integrated_v0_2.md,3
REQ-RESTORE-006,FUNCTION,REQ-RESTORE-001,,requirements_backup_restore_dependency_integrated_v0_1.md,76,TABLE,requirements_backup_restore_dependency_integrated_v0_1.md;requirements_data_dependency_integrated_v0_1.md;requirements_data_dependency_integrated_v0_2.md,3
REQ-RESTORE-007,DATA,REQ-BACKUP-006,,requirements_backup_restore_dependency_integrated_v0_1.md,81,TABLE,requirements_backup_restore_dependency_integrated_v0_1.md;requirements_data_dependency_integrated_v0_1.md;requirements_data_dependency_integrated_v0_2.md,3
REQ-RESTORE-007,FUNCTION,REQ-RESTORE-001,,requirements_backup_restore_dependency_integrated_v0_1.md,78,TABLE,requirements_backup_restore_dependency_integrated_v0_1.md;requirements_data_dependency_integrated_v0_1.md;requirements_data_dependency_integrated_v0_2.md,3
REQ-RESTORE-007,VALIDATION,REQ-INTEGRITY-001,,requirements_backup_restore_dependency_integrated_v0_1.md,79,TABLE,requirements_backup_restore_dependency_integrated_v0_1.md;requirements_data_dependency_integrated_v0_1.md;requirements_data_dependency_integrated_v0_2.md,3
REQ-RESTORE-007,VALIDATION,REQ-INTEGRITY-002,,requirements_backup_restore_dependency_integrated_v0_1.md,80,TABLE,requirements_backup_restore_dependency_integrated_v0_1.md;requirements_data_dependency_integrated_v0_1.md;requirements_data_dependency_integrated_v0_2.md,3
REQ-RESTORE-008,DATA,REQ-CATALOG-PROGRESS-001,,requirements_backup_restore_dependency_integrated_v0_1.md,84,TABLE,requirements_backup_restore_dependency_integrated_v0_1.md;requirements_data_dependency_integrated_v0_1.md;requirements_data_dependency_integrated_v0_2.md,3
REQ-RESTORE-008,DATA,REQ-EVENT-006,,requirements_backup_restore_dependency_integrated_v0_1.md,82,TABLE,requirements_backup_restore_dependency_integrated_v0_1.md;requirements_data_dependency_integrated_v0_1.md;requirements_data_dependency_integrated_v0_2.md,3
REQ-RESTORE-008,DATA,REQ-MASTERY-002,,requirements_backup_restore_dependency_integrated_v0_1.md,83,TABLE,requirements_backup_restore_dependency_integrated_v0_1.md;requirements_data_dependency_integrated_v0_1.md;requirements_data_dependency_integrated_v0_2.md,3
REQ-RESTORE-008,VALIDATION,REQ-INTEGRITY-004,,requirements_backup_restore_dependency_integrated_v0_1.md,85,TABLE,requirements_backup_restore_dependency_integrated_v0_1.md;requirements_data_dependency_integrated_v0_1.md;requirements_data_dependency_integrated_v0_2.md,3
REQ-RESTORE-009,DATA,REQ-RESTORE-002,,requirements_backup_restore_dependency_integrated_v0_1.md,87,TABLE,requirements_backup_restore_dependency_integrated_v0_1.md;requirements_data_dependency_integrated_v0_1.md;requirements_data_dependency_integrated_v0_2.md,3
REQ-RESTORE-009,DATA,REQ-RESTORE-007,,requirements_backup_restore_dependency_integrated_v0_1.md,88,TABLE,requirements_backup_restore_dependency_integrated_v0_1.md;requirements_data_dependency_integrated_v0_1.md;requirements_data_dependency_integrated_v0_2.md,3
REQ-RESTORE-009,FUNCTION,REQ-RESTORE-001,,requirements_backup_restore_dependency_integrated_v0_1.md,86,TABLE,requirements_backup_restore_dependency_integrated_v0_1.md;requirements_data_dependency_integrated_v0_1.md;requirements_data_dependency_integrated_v0_2.md,3
REQ-RESTORE-009,PRESENTATION,REQ-INTEGRITY-005,,requirements_backup_restore_dependency_integrated_v0_1.md,89,TABLE,requirements_backup_restore_dependency_integrated_v0_1.md;requirements_data_dependency_integrated_v0_1.md;requirements_data_dependency_integrated_v0_2.md,3
REQ-RESTORE-010,FUNCTION,REQ-BACKUP-001,,requirements_backup_restore_dependency_integrated_v0_1.md,74,TABLE,requirements_backup_restore_dependency_integrated_v0_1.md;requirements_data_dependency_integrated_v0_1.md;requirements_data_dependency_integrated_v0_2.md,3
REQ-RESTORE-010,FUNCTION,REQ-RESTORE-004,,requirements_backup_restore_dependency_integrated_v0_1.md,73,TABLE,requirements_backup_restore_dependency_integrated_v0_1.md;requirements_data_dependency_integrated_v0_1.md;requirements_data_dependency_integrated_v0_2.md,3
REQ-RESTORE-010,PRESENTATION,REQ-ADMIN-008,,requirements_backup_restore_dependency_integrated_v0_1.md,75,TABLE,requirements_backup_restore_dependency_integrated_v0_1.md;requirements_data_dependency_integrated_v0_1.md;requirements_data_dependency_integrated_v0_2.md,3
REQ-RESUME-001,DATA,REQ-EVENT-002,途中終了の有無と保存済み実行状態を参照するため,requirements_learning_execution_session_cycle_c1c_dependency_integrated_v0_1.md,155,ARROW,requirements_learning_execution_session_cycle_c1c_dependency_integrated_v0_1.md;requirements_learning_execution_session_cycle_dependency_integrated_v0_1.md;requirements_learning_execution_session_cycle_dependency_integrated_v0_2.md,3
REQ-RESUME-001,REFERENCE,REQ-EVENT-001,途中終了した学習セッションを識別するため,requirements_learning_execution_session_cycle_c1c_dependency_integrated_v0_1.md,153,ARROW,requirements_learning_execution_session_cycle_c1c_dependency_integrated_v0_1.md;requirements_learning_execution_session_cycle_dependency_integrated_v0_1.md;requirements_learning_execution_session_cycle_dependency_integrated_v0_2.md,3
REQ-RESUME-002,DATA,REQ-CYCLE-001,,requirements_data_dependency_integrated_v0_1.md,58,TABLE,requirements_data_dependency_integrated_v0_1.md;requirements_data_dependency_integrated_v0_2.md,2
REQ-RESUME-002,DATA,REQ-EVENT-001,,requirements_learning_data_dependency_integrated_v0_1.md,55,TABLE,requirements_learning_data_dependency_integrated_v0_1.md,1
REQ-RESUME-002,DATA,REQ-EVENT-002,,requirements_data_dependency_integrated_v0_1.md,56,TABLE,requirements_data_dependency_integrated_v0_1.md;requirements_data_dependency_integrated_v0_2.md;requirements_learning_data_dependency_integrated_v0_1.md,3
REQ-RESUME-002,DATA,REQ-EVENT-004,,requirements_data_dependency_integrated_v0_1.md,57,TABLE,requirements_data_dependency_integrated_v0_1.md;requirements_data_dependency_integrated_v0_2.md;requirements_learning_data_dependency_integrated_v0_1.md,3
REQ-RESUME-002,DATA,REQ-PROGRESS-006,,requirements_learning_data_dependency_integrated_v0_1.md,58,TABLE,requirements_learning_data_dependency_integrated_v0_1.md,1
REQ-RESUME-003,FUNCTION,REQ-RESUME-001,再開されたセッションで処理するため,requirements_learning_execution_session_cycle_c1c_dependency_integrated_v0_1.md,106,ARROW,requirements_learning_execution_session_cycle_c1c_dependency_integrated_v0_1.md;requirements_learning_execution_session_cycle_dependency_integrated_v0_1.md;requirements_learning_execution_session_cycle_dependency_integrated_v0_2.md,3
REQ-RESUME-003,REFERENCE,REQ-EVENT-003,既存の回答イベントを識別するため,requirements_learning_execution_session_cycle_c1c_dependency_integrated_v0_1.md,157,ARROW,requirements_learning_execution_session_cycle_c1c_dependency_integrated_v0_1.md;requirements_learning_execution_session_cycle_dependency_integrated_v0_1.md;requirements_learning_execution_session_cycle_dependency_integrated_v0_2.md,3
REQ-RESUME-003,VALIDATION,REQ-UNIQUENESS-001,回答イベントの重複登録を防ぐため,requirements_learning_execution_session_cycle_c1c_dependency_integrated_v0_1.md,159,ARROW,requirements_learning_execution_session_cycle_c1c_dependency_integrated_v0_1.md;requirements_learning_execution_session_cycle_dependency_integrated_v0_1.md;requirements_learning_execution_session_cycle_dependency_integrated_v0_2.md,3
REQ-SAVE-STATUS-001,DATA,REQ-PERSISTENCE-003,現在の学習結果が保存済みかを表示するには、保存未完了の結果を保存済みとして扱わない状態管理が必要である。,requirements_final_group_f2_dependency_integrated_v0_1.md,60,ARROW,requirements_final_group_f2_dependency_integrated_v0_1.md,1
REQ-SAVE-STATUS-001,REFERENCE,REQ-EVENT-001,どの学習結果の保存状態かを示すには、対象となる学習セッションを識別できる必要がある。,requirements_final_group_f2_dependency_integrated_v0_1.md,62,ARROW,requirements_final_group_f2_dependency_integrated_v0_1.md,1
REQ-SAVE-STATUS-002,DATA,REQ-PERSISTENCE-007,保存失敗または未送信データを表示するには、保存結果を確定できない状態と対応方法を管理できる必要がある。,requirements_final_group_f2_dependency_integrated_v0_1.md,64,ARROW,requirements_final_group_f2_dependency_integrated_v0_1.md,1
REQ-SAVE-STATUS-002,STRUCTURE,REQ-SAVE-STATUS-001,失敗または未送信を表示するには、通常の保存済み状態と未保存状態を区別できる必要がある。,requirements_final_group_f2_dependency_integrated_v0_1.md,66,ARROW,requirements_final_group_f2_dependency_integrated_v0_1.md,1
REQ-SAVE-STATUS-003,REFERENCE,REQ-EVENT-001,保存失敗の対象学習と最後に保存できた時点を示すには、対象セッションを識別できる必要がある。,requirements_final_group_f2_dependency_integrated_v0_1.md,72,ARROW,requirements_final_group_f2_dependency_integrated_v0_1.md,1
REQ-SAVE-STATUS-003,REFERENCE,REQ-PERSISTENCE-007,再試行可否、データ消失可能性、推奨対応を示すには、保存失敗時の対応状態を管理できる必要がある。,requirements_final_group_f2_dependency_integrated_v0_1.md,70,ARROW,requirements_final_group_f2_dependency_integrated_v0_1.md,1
REQ-SAVE-STATUS-003,STRUCTURE,REQ-SAVE-STATUS-002,保存失敗の詳細を表示するには、保存失敗または未送信が存在することを検出して表示できる必要がある。,requirements_final_group_f2_dependency_integrated_v0_1.md,68,ARROW,requirements_final_group_f2_dependency_integrated_v0_1.md,1
REQ-SAVE-STATUS-004,DATA,REQ-PERSISTENCE-002,,requirements_data_dependency_integrated_v0_1.md,163,TABLE,requirements_data_dependency_integrated_v0_1.md;requirements_data_dependency_integrated_v0_2.md;requirements_remaining_data_dependency_integrated_v0_1.md,3
REQ-SAVE-STATUS-004,FUNCTION,REQ-PERSISTENCE-007,,requirements_data_dependency_integrated_v0_1.md,165,TABLE,requirements_data_dependency_integrated_v0_1.md;requirements_data_dependency_integrated_v0_2.md;requirements_remaining_data_dependency_integrated_v0_1.md,3
REQ-SAVE-STATUS-004,PRESENTATION,REQ-SAVE-STATUS-002,,requirements_data_dependency_integrated_v0_1.md,164,TABLE,requirements_data_dependency_integrated_v0_1.md;requirements_data_dependency_integrated_v0_2.md;requirements_remaining_data_dependency_integrated_v0_1.md,3
REQ-SAVE-STATUS-004,VALIDATION,REQ-PERSISTENCE-004,,requirements_data_dependency_integrated_v0_1.md,166,TABLE,requirements_data_dependency_integrated_v0_1.md;requirements_data_dependency_integrated_v0_2.md;requirements_remaining_data_dependency_integrated_v0_1.md,3
REQ-SAVE-STATUS-005,PRESENTATION,REQ-CHILD-004,子ども用画面で理解しやすい保存状態表示を行うには、子ども向け画面での表現方針を前提とする必要がある。,requirements_final_group_f2_dependency_integrated_v0_1.md,76,ARROW,requirements_final_group_f2_dependency_integrated_v0_1.md,1
REQ-SAVE-STATUS-005,PRESENTATION,REQ-SAVE-STATUS-002,対応が必要な場合だけ子どもへ表示するには、保存失敗または未送信状態を検出して表示できる必要がある。,requirements_final_group_f2_dependency_integrated_v0_1.md,74,ARROW,requirements_final_group_f2_dependency_integrated_v0_1.md,1
REQ-SCAFFOLDING-001,STRUCTURE,REQ-QUESTION-001,正答、模範解答、解説、ヒント、採点基準などを別々に関連付けるには、解答・解説・採点方針を分離管理できる共通問題構造が必要である。,requirements_question_metadata_dependency_integrated_v0_1.md,104,TABLE,requirements_question_metadata_dependency_integrated_v0_1.md,1
REQ-SCAFFOLDING-002,CONCEPT,REQ-SCAFFOLDING-001,完成した模範解答とヒント・解答の型を区別するには、それぞれを別の支援情報として関連付けられる必要がある。,requirements_question_metadata_dependency_integrated_v0_1.md,105,TABLE,requirements_question_metadata_dependency_integrated_v0_1.md,1
REQ-SCAFFOLDING-003,CONCEPT,REQ-SCAFFOLDING-001,表示する支援情報の段階を変えるには、正答、ヒント、解答の型、手順、模範解答などが別々に管理されている必要がある。,requirements_question_metadata_dependency_integrated_v0_1.md,106,TABLE,requirements_question_metadata_dependency_integrated_v0_1.md,1
REQ-SCAFFOLDING-003,FUNCTION,REQ-MODE-001,実行モードに応じて支援段階を変えるには、問題集と学習モードが分離され、複数モードで実行できる必要がある。,requirements_question_metadata_dependency_integrated_v0_1.md,107,TABLE,requirements_question_metadata_dependency_integrated_v0_1.md,1
REQ-SCAFFOLDING-004,DATA,REQ-EVENT-003,支援情報を表示した事実を回答イベントと関連付けるには、問題への1回の回答が回答イベントとして保存される必要がある。,requirements_question_metadata_dependency_integrated_v0_1.md,109,TABLE,requirements_question_metadata_dependency_integrated_v0_1.md,1
REQ-SCAFFOLDING-004,DATA,REQ-EVENT-004,支援表示の事実を学習履歴として追跡するには、回答イベントに問題・日時・学習モードなどを保存できる必要がある。,requirements_question_metadata_dependency_integrated_v0_1.md,110,TABLE,requirements_question_metadata_dependency_integrated_v0_1.md,1
REQ-SCAFFOLDING-004,DATA,REQ-EVENT-006,支援情報を表示した事実を後から再評価可能にするには、回答イベントを変更されない事実データとして保存する必要がある。,requirements_question_metadata_dependency_integrated_v0_1.md,111,TABLE,requirements_question_metadata_dependency_integrated_v0_1.md,1
REQ-SCAFFOLDING-004,REFERENCE,REQ-SCAFFOLDING-001,ヒントまたは模範解答を表示した事実を記録するには、表示対象となる支援情報が個別に管理されている必要がある。,requirements_question_metadata_dependency_integrated_v0_1.md,108,TABLE,requirements_question_metadata_dependency_integrated_v0_1.md,1
REQ-SCAFFOLDING-005,DATA,REQ-EVENT-003,,requirements_data_dependency_integrated_v0_1.md,174,TABLE,requirements_data_dependency_integrated_v0_1.md;requirements_data_dependency_integrated_v0_2.md;requirements_remaining_data_dependency_integrated_v0_1.md,3
REQ-SCAFFOLDING-005,DATA,REQ-SCAFFOLDING-004,,requirements_data_dependency_integrated_v0_1.md,173,TABLE,requirements_data_dependency_integrated_v0_1.md;requirements_data_dependency_integrated_v0_2.md;requirements_remaining_data_dependency_integrated_v0_1.md,3
REQ-SCAFFOLDING-006,CONCEPT,REQ-SCAFFOLDING-001,単一の模範解答だけを唯一の正答としないためには、模範解答と採点基準・評価観点を別々の支援情報として管理できる必要がある。,requirements_question_metadata_dependency_integrated_v0_1.md,112,TABLE,requirements_question_metadata_dependency_integrated_v0_1.md,1
REQ-SCAFFOLDING-006,FUNCTION,REQ-ANSWER-001,複数の正答表現があり得る問題を扱うには、複数許容解答、自由記述、手動判定、評価基準採点を扱える必要がある。,requirements_question_metadata_dependency_integrated_v0_1.md,113,TABLE,requirements_question_metadata_dependency_integrated_v0_1.md,1
REQ-SCAFFOLDING-006,FUNCTION,REQ-ANSWER-002,単一表現以外の正答を許容するには、問題ごとに複数の許容解答を設定できる必要がある。,requirements_question_metadata_dependency_integrated_v0_1.md,114,TABLE,requirements_question_metadata_dependency_integrated_v0_1.md,1
REQ-SCAFFOLDING-006,FUNCTION,REQ-ANSWER-004,自動正誤判定が適さない記述・作文問題を扱うには、手動判定できる必要がある。,requirements_question_metadata_dependency_integrated_v0_1.md,115,TABLE,requirements_question_metadata_dependency_integrated_v0_1.md,1
REQ-SCAFFOLDING-006,FUNCTION,REQ-ANSWER-005,複数の正答表現を観点別に評価するには、複数観点の評価基準を設定できる必要がある。,requirements_question_metadata_dependency_integrated_v0_1.md,116,TABLE,requirements_question_metadata_dependency_integrated_v0_1.md,1
REQ-SCOPE-002,CONCEPT,REQ-SCOPE-001,移動中や運動中などでの利用場面は、本アプリの学習支援目的を具体化する。,requirements_scope_architecture_dependency_integrated_v0_1.md,51,TABLE,requirements_scope_architecture_dependency_integrated_v0_1.md,1
REQ-SCOPE-003,CONCEPT,REQ-SCOPE-001,机上学習や印刷教材での利用は、本アプリの学習支援目的を具体化する。,requirements_scope_architecture_dependency_integrated_v0_1.md,52,TABLE,requirements_scope_architecture_dependency_integrated_v0_1.md,1
REQ-SCOPE-004,CONCEPT,REQ-SCOPE-001,学校教科と外部検定を同一基盤で扱う要求は、中学生向け学習Webアプリという製品目的を前提とする。,requirements_scope_architecture_dependency_integrated_v0_1.md,45,TABLE,requirements_scope_architecture_dependency_integrated_v0_1.md,1
REQ-SCOPE-005,CONCEPT,REQ-CONTENT-002,既存教材の問題を目的に応じて利用するには、同一問題を複数の学習用途から再利用できる必要がある。,requirements_scope_architecture_dependency_integrated_v0_1.md,46,TABLE,requirements_scope_architecture_dependency_integrated_v0_1.md,1
REQ-SCOPE-005,FUNCTION,REQ-PURPOSE-001,苦手克服や定期テスト対策を提供するには、教材とは別に学習目的で既存問題を束ねられる必要がある。,requirements_scope_architecture_dependency_integrated_v0_1.md,47,TABLE,requirements_scope_architecture_dependency_integrated_v0_1.md,1
REQ-SCOPE-006,CONCEPT,REQ-SCOPE-004,特定教科や検定専用にしない原則は、学校教科と検定を同一基盤で扱う対象範囲を前提とする。,requirements_scope_architecture_dependency_integrated_v0_1.md,48,TABLE,requirements_scope_architecture_dependency_integrated_v0_1.md,1
REQ-SCOPE-006,STRUCTURE,REQ-CONTENT-003,教材ごとの差異をデータで表現するには、教材、問題、分類、出典、進捗などが分離されている必要がある。,requirements_scope_architecture_dependency_integrated_v0_1.md,49,TABLE,requirements_scope_architecture_dependency_integrated_v0_1.md,1
REQ-SCOPE-006,STRUCTURE,REQ-NFR-003,特定教材への依存を避けるには、教材、問題、分類、出典、進捗の責務分離が必要である。,requirements_scope_architecture_dependency_integrated_v0_1.md,50,TABLE,requirements_scope_architecture_dependency_integrated_v0_1.md,1
REQ-SCOPE-007,CONCEPT,REQ-SCOPE-006,学校教科や検定以外の拡張教材を扱うには、アプリ本体が特定分野専用でない必要がある。,requirements_scope_architecture_dependency_integrated_v0_1.md,53,TABLE,requirements_scope_architecture_dependency_integrated_v0_1.md,1
REQ-SCORING-001,REFERENCE,REQ-QUESTION-001,解答一覧の問題番号、配点、採点方針を問題へ対応させるには、問題ごとの解答・採点方針を管理できる必要がある。,requirements_visual_print_file_output_e4_dependency_integrated_v0_1.md,69,TABLE,requirements_visual_print_file_output_e4_dependency_integrated_v0_1.md,1
REQ-SCORING-001,STRUCTURE,REQ-ANSWER-001,解答一覧へ正答、別解、許容表記を出力するには、問題形式に応じた解答方式を管理できる必要がある。,requirements_visual_print_file_output_e4_dependency_integrated_v0_1.md,68,TABLE,requirements_visual_print_file_output_e4_dependency_integrated_v0_1.md,1
REQ-SCORING-002,REFERENCE,REQ-MASTERY-001,復習対象となる分類を出力するには、弱点・定着管理の対象を識別できる必要がある。,requirements_visual_print_file_output_e4_dependency_integrated_v0_1.md,72,TABLE,requirements_visual_print_file_output_e4_dependency_integrated_v0_1.md,1
REQ-SCORING-002,REFERENCE,REQ-SCAFFOLDING-001,解き方、根拠、注意点、よくある誤答を出力するには、問題へ解説や学習支援情報を関連付けられる必要がある。,requirements_visual_print_file_output_e4_dependency_integrated_v0_1.md,71,TABLE,requirements_visual_print_file_output_e4_dependency_integrated_v0_1.md,1
REQ-SCORING-002,STRUCTURE,REQ-ANSWER-001,解答・解説へ正答を出力するには、問題ごとの解答方式と許容解答を管理できる必要がある。,requirements_visual_print_file_output_e4_dependency_integrated_v0_1.md,70,TABLE,requirements_visual_print_file_output_e4_dependency_integrated_v0_1.md,1
REQ-SCORING-003,REFERENCE,REQ-MASTERY-001,やり直し対象や再テスト対象を記録するには、弱点・定着管理の対象を識別できる必要がある。,requirements_visual_print_file_output_e4_dependency_integrated_v0_1.md,74,TABLE,requirements_visual_print_file_output_e4_dependency_integrated_v0_1.md,1
REQ-SCORING-003,STRUCTURE,REQ-EVENT-004,採点表へ正誤や得点を記録するには、問題ごとの判定結果を回答イベントとして管理できる必要がある。,requirements_visual_print_file_output_e4_dependency_integrated_v0_1.md,73,TABLE,requirements_visual_print_file_output_e4_dependency_integrated_v0_1.md,1
REQ-SCORING-004,DATA,REQ-EVENT-003,採点結果を回答履歴へ登録するには、問題への1回の回答を回答イベントとして保存できる必要がある。,requirements_visual_print_file_output_e4_dependency_integrated_v0_1.md,76,TABLE,requirements_visual_print_file_output_e4_dependency_integrated_v0_1.md,1
REQ-SCORING-004,DATA,REQ-MASTERY-001,採点結果を弱点管理へ登録するには、弱点・定着管理機能が存在する必要がある。,requirements_visual_print_file_output_e4_dependency_integrated_v0_1.md,77,TABLE,requirements_visual_print_file_output_e4_dependency_integrated_v0_1.md,1
REQ-SCORING-004,DATA,REQ-SCORING-003,印刷問題の採点結果をアプリへ登録するには、正誤、得点、再テスト対象などが採点表に記録されている必要がある。,requirements_visual_print_file_output_e4_dependency_integrated_v0_1.md,75,TABLE,requirements_visual_print_file_output_e4_dependency_integrated_v0_1.md,1
REQ-SCORING-005,REFERENCE,REQ-SCAFFOLDING-005,自力、ヒント使用、再確認などを区別するには、支援を使用して正解した場合と支援なしの場合を区別できる必要がある。,requirements_visual_print_file_output_e4_dependency_integrated_v0_1.md,79,TABLE,requirements_visual_print_file_output_e4_dependency_integrated_v0_1.md,1
REQ-SCORING-005,STRUCTURE,REQ-SCORING-003,正誤以外の自己評価を採点結果とともに記録するには、採点表へ評価項目を記録できる必要がある。,requirements_visual_print_file_output_e4_dependency_integrated_v0_1.md,78,TABLE,requirements_visual_print_file_output_e4_dependency_integrated_v0_1.md,1
REQ-SOURCE-001,CONCEPT,REQ-CONTENT-003,教科書範囲を問題へ関連付けるには、問題と教科書ページなどの範囲情報を別概念として管理する必要がある。,requirements_source_rights_publication_dependency_integrated_v0_1.md,30,TABLE,requirements_source_rights_publication_dependency_integrated_v0_1.md;requirements_source_rights_publication_dependency_integrated_v0_2.md,2
REQ-SOURCE-001,STRUCTURE,REQ-QUESTION-001,教科書ページまたは教科書範囲を問題へ保持するには、分類・出典などのメタデータを問題本体から分離して管理できる必要がある。,requirements_source_rights_publication_dependency_integrated_v0_1.md,31,TABLE,requirements_source_rights_publication_dependency_integrated_v0_1.md;requirements_source_rights_publication_dependency_integrated_v0_2.md,2
REQ-SOURCE-002,CONCEPT,REQ-CONTENT-003,教科書ページなどの範囲情報と問題作成に使用した資料を分離するには、問題の出典と範囲情報が別概念として管理されている必要がある。,requirements_source_rights_publication_dependency_integrated_v0_1.md,32,TABLE,requirements_source_rights_publication_dependency_integrated_v0_1.md;requirements_source_rights_publication_dependency_integrated_v0_2.md,2
REQ-SOURCE-002,CONCEPT,REQ-MEDIA-001,問題作成・確認に使用した資料を範囲情報から分離して管理するには、根拠となる出典資料と学習者へ表示する資料も区別できる必要がある。,requirements_source_rights_publication_dependency_integrated_v0_1.md,33,TABLE,requirements_source_rights_publication_dependency_integrated_v0_1.md;requirements_source_rights_publication_dependency_integrated_v0_2.md,2
REQ-SOURCE-003,CONCEPT,REQ-SOURCE-002,1つの問題へ複数の出典資料を関連付けるには、教科書ページなどの範囲情報と、問題作成・確認に使用した資料が分離されている必要がある。,requirements_source_rights_publication_dependency_integrated_v0_1.md,36,TABLE,requirements_source_rights_publication_dependency_integrated_v0_1.md;requirements_source_rights_publication_dependency_integrated_v0_2.md,2
REQ-SOURCE-003,REFERENCE,REQ-ID-004,複数の出典資料を個別に関連付けるには、各出典資料を一意に識別できる必要がある。,requirements_source_rights_publication_dependency_integrated_v0_1.md,34,TABLE,requirements_source_rights_publication_dependency_integrated_v0_1.md;requirements_source_rights_publication_dependency_integrated_v0_2.md,2
REQ-SOURCE-003,REFERENCE,REQ-REFERENCE-002,問題へ複数の出典資料を関連付けるには、参照先が登録済みの出典である必要がある。,requirements_source_rights_publication_dependency_integrated_v0_1.md,35,TABLE,requirements_source_rights_publication_dependency_integrated_v0_1.md;requirements_source_rights_publication_dependency_integrated_v0_2.md,2
REQ-SOURCE-004,REFERENCE,REQ-CONTENT-008,応用・発展問題へ前提となる学習テーマを関連付けるには、学習テーマが意味的な学習単位として管理されている必要がある。,requirements_source_rights_publication_dependency_integrated_v0_1.md,37,TABLE,requirements_source_rights_publication_dependency_integrated_v0_1.md;requirements_source_rights_publication_dependency_integrated_v0_2.md,2
REQ-SOURCE-004,REFERENCE,REQ-SOURCE-001,応用・発展問題へ前提となる教科書範囲を関連付けるには、問題へ教科書ページまたは教科書範囲を設定できる必要がある。,requirements_source_rights_publication_dependency_integrated_v0_1.md,38,TABLE,requirements_source_rights_publication_dependency_integrated_v0_1.md;requirements_source_rights_publication_dependency_integrated_v0_2.md,2
REQ-SOURCE-004,REFERENCE,REQ-SOURCE-005,対象が応用問題または発展問題であることを判断するには、問題の作成区分を管理できる必要がある。,requirements_source_rights_publication_dependency_integrated_v0_1.md,39,TABLE,requirements_source_rights_publication_dependency_integrated_v0_1.md;requirements_source_rights_publication_dependency_integrated_v0_2.md,2
REQ-SOURCE-005,STRUCTURE,REQ-QUESTION-001,問題へ作成区分を設定するには、分類・出典などの共通メタデータを問題本体から分離管理できる必要がある。,requirements_source_rights_publication_dependency_integrated_v0_1.md,40,TABLE,requirements_source_rights_publication_dependency_integrated_v0_1.md;requirements_source_rights_publication_dependency_integrated_v0_2.md,2
REQ-SOURCE-006,REFERENCE,REQ-CONTENT-008,学習テーマを基準として教材の網羅性を確認するには、学習テーマが単独で学習・復習できる意味的な単位として管理されている必要がある。,requirements_source_rights_publication_dependency_integrated_v0_1.md,41,TABLE,requirements_source_rights_publication_dependency_integrated_v0_1.md;requirements_source_rights_publication_dependency_integrated_v0_2.md,2
REQ-SOURCE-006,REFERENCE,REQ-SOURCE-001,教科書ページを基準として教材の網羅性を確認するには、学校教科の問題へ対応する教科書ページまたは教科書範囲を関連付けられる必要がある。,requirements_source_rights_publication_dependency_integrated_v0_1.md,42,TABLE,requirements_source_rights_publication_dependency_integrated_v0_1.md;requirements_source_rights_publication_dependency_integrated_v0_2.md,2
REQ-SOURCE-007,FUNCTION,REQ-MULTI-MATERIAL-001,複数教材を照合対象として扱うには、複数の教材を一覧管理し、対象範囲などから選択できる必要がある。,requirements_source_rights_publication_dependency_integrated_v0_1.md,43,TABLE,requirements_source_rights_publication_dependency_integrated_v0_1.md;requirements_source_rights_publication_dependency_integrated_v0_2.md,2
REQ-SOURCE-007,FUNCTION,REQ-SOURCE-006,複数教材を照合して不足を確認するには、まず各教材について教科書ページと学習テーマの両方から網羅性を確認できる必要がある。,requirements_source_rights_publication_dependency_integrated_v0_1.md,44,TABLE,requirements_source_rights_publication_dependency_integrated_v0_1.md;requirements_source_rights_publication_dependency_integrated_v0_2.md,2
REQ-SOURCE-007,REFERENCE,REQ-TAG-002,教材間で不足している問題形式を比較するには、問題へ問題形式を示す分類を設定できる必要がある。,requirements_source_rights_publication_dependency_integrated_v0_1.md,45,TABLE,requirements_source_rights_publication_dependency_integrated_v0_1.md;requirements_source_rights_publication_dependency_integrated_v0_2.md,2
REQ-SOURCE-007,REFERENCE,REQ-TAG-003,教材間で不足している知識を比較するには、問題へ必要な知識項目を関連付けられる必要がある。,requirements_source_rights_publication_dependency_integrated_v0_1.md,46,TABLE,requirements_source_rights_publication_dependency_integrated_v0_1.md;requirements_source_rights_publication_dependency_integrated_v0_2.md,2
REQ-SOURCE-007,REFERENCE,REQ-TAG-004,教材間で不足している技能を比較するには、問題へ解答に必要な技能を関連付けられる必要がある。,requirements_source_rights_publication_dependency_integrated_v0_1.md,47,TABLE,requirements_source_rights_publication_dependency_integrated_v0_1.md;requirements_source_rights_publication_dependency_integrated_v0_2.md,2
REQ-SOURCE-008,CONCEPT,REQ-QUALITY-REVIEW-001,問題案のレビューを独立した工程として扱うには、機械的な検証と人による内容レビューを別々の工程として扱う必要がある。,requirements_source_rights_publication_dependency_integrated_v0_1.md,49,TABLE,requirements_source_rights_publication_dependency_integrated_v0_1.md;requirements_source_rights_publication_dependency_integrated_v0_2.md,2
REQ-SOURCE-008,DATA,REQ-QUALITY-REVIEW-004,問題案の採用・修正・不採用を管理するには、問題または教材について採用、要修正、保留、不採用などのレビュー状態を管理できる必要がある。,requirements_source_rights_publication_dependency_integrated_v0_1.md,50,TABLE,requirements_source_rights_publication_dependency_integrated_v0_1.md;requirements_source_rights_publication_dependency_integrated_v0_2.md,2
REQ-SOURCE-008,VALIDATION,REQ-AUTHORING-004,問題案をレビューして採用・修正・不採用を判断するには、作成後に内容、出典、分類、正解、解説を検証できる必要がある。,requirements_source_rights_publication_dependency_integrated_v0_1.md,48,TABLE,requirements_source_rights_publication_dependency_integrated_v0_1.md;requirements_source_rights_publication_dependency_integrated_v0_2.md,2
REQ-SPACE-001,STRUCTURE,REQ-QUESTION-001,問題ごとに記入スペースの要否と大きさを設定するには、対象となる問題を一意に識別できる必要がある。,requirements_visual_print_file_output_e4_dependency_integrated_v0_1.md,48,TABLE,requirements_visual_print_file_output_e4_dependency_integrated_v0_1.md,1
REQ-SPACE-002,STRUCTURE,REQ-SPACE-001,横線、方眼、原稿用紙などの形式を指定するには、問題ごとの記入スペースが管理対象として定義されている必要がある。,requirements_visual_print_file_output_e4_dependency_integrated_v0_1.md,49,TABLE,requirements_visual_print_file_output_e4_dependency_integrated_v0_1.md,1
REQ-SPACE-003,REFERENCE,REQ-QUESTION-001,作文欄を対象問題へ設定するには、問題を一意に識別できる必要がある。,requirements_visual_print_file_output_e4_dependency_integrated_v0_1.md,51,TABLE,requirements_visual_print_file_output_e4_dependency_integrated_v0_1.md,1
REQ-SPACE-003,STRUCTURE,REQ-SPACE-002,作文欄の行数や語数目安を設定するには、記入欄の形式として原稿用紙等を扱える必要がある。,requirements_visual_print_file_output_e4_dependency_integrated_v0_1.md,50,TABLE,requirements_visual_print_file_output_e4_dependency_integrated_v0_1.md,1
REQ-SPACE-004,REFERENCE,REQ-QUESTION-001,漢字書き取り欄を対象問題へ設定するには、問題を一意に識別できる必要がある。,requirements_visual_print_file_output_e4_dependency_integrated_v0_1.md,53,TABLE,requirements_visual_print_file_output_e4_dependency_integrated_v0_1.md,1
REQ-SPACE-004,STRUCTURE,REQ-SPACE-002,升目数、送り仮名表示、読み表示などを設定するには、漢字練習升目を記入欄形式として扱える必要がある。,requirements_visual_print_file_output_e4_dependency_integrated_v0_1.md,52,TABLE,requirements_visual_print_file_output_e4_dependency_integrated_v0_1.md,1
REQ-SPACE-005,REFERENCE,REQ-QUESTION-001,問題ごとに必要な印刷スペースを変えるには、対象問題を一意に識別できる必要がある。,requirements_visual_print_file_output_e4_dependency_integrated_v0_1.md,55,TABLE,requirements_visual_print_file_output_e4_dependency_integrated_v0_1.md,1
REQ-SPACE-005,STRUCTURE,REQ-SPACE-001,記述量や作業量に応じて印刷スペースを変えるには、問題ごとの記入スペースの大きさを管理できる必要がある。,requirements_visual_print_file_output_e4_dependency_integrated_v0_1.md,54,TABLE,requirements_visual_print_file_output_e4_dependency_integrated_v0_1.md,1
REQ-SPEAKING-001,FUNCTION,REQ-AUDIO-003,模範音声や質問音声の再生を伴う練習を可能にするため,requirements_mobile_audio_speaking_dependency_integrated_v0_1.md,70,ARROW,requirements_mobile_audio_speaking_dependency_integrated_v0_1.md,1
REQ-SPEAKING-001,REFERENCE,REQ-QUESTION-001,音読・質問応答・スピーチ・面接を問題形式へ関連付けるため,requirements_mobile_audio_speaking_dependency_integrated_v0_1.md,101,ARROW,requirements_mobile_audio_speaking_dependency_integrated_v0_1.md,1
REQ-SPEAKING-001,STRUCTURE,REQ-ANSWER-001,発話を必要とする解答方式としてスピーキング練習を扱うため,requirements_mobile_audio_speaking_dependency_integrated_v0_1.md,99,ARROW,requirements_mobile_audio_speaking_dependency_integrated_v0_1.md,1
REQ-SPEAKING-002,DATA,REQ-QUESTION-001,模範文または参考文を問題ごとに設定するため,requirements_mobile_audio_speaking_dependency_integrated_v0_1.md,103,ARROW,requirements_mobile_audio_speaking_dependency_integrated_v0_1.md,1
REQ-SPEAKING-002,FUNCTION,REQ-SPEAKING-001,スピーキング練習へ模範文または参考文を追加するため,requirements_mobile_audio_speaking_dependency_integrated_v0_1.md,72,ARROW,requirements_mobile_audio_speaking_dependency_integrated_v0_1.md,1
REQ-SPEAKING-003,DATA,REQ-AUDIO-002,文字起こしを正確さ・内容・文法等の評価材料に利用するため,requirements_mobile_audio_speaking_dependency_integrated_v0_1.md,76,ARROW,requirements_mobile_audio_speaking_dependency_integrated_v0_1.md,1
REQ-SPEAKING-003,DATA,REQ-SPEAKING-002,模範文または参考文を評価時の比較材料に利用するため,requirements_mobile_audio_speaking_dependency_integrated_v0_1.md,78,ARROW,requirements_mobile_audio_speaking_dependency_integrated_v0_1.md,1
REQ-SPEAKING-003,FUNCTION,REQ-ANSWER-005,複数観点の評価基準に基づいて採点するため,requirements_mobile_audio_speaking_dependency_integrated_v0_1.md,105,ARROW,requirements_mobile_audio_speaking_dependency_integrated_v0_1.md,1
REQ-SPEAKING-003,FUNCTION,REQ-SPEAKING-001,保存または入力された発話を自動評価するため,requirements_mobile_audio_speaking_dependency_integrated_v0_1.md,74,ARROW,requirements_mobile_audio_speaking_dependency_integrated_v0_1.md,1
REQ-STATUS-002,CONCEPT,REQ-ID-005,,requirements_foundation_dependency_integrated_v0_1.md,24,TABLE,requirements_foundation_dependency_integrated_v0_1.md;requirements_foundation_dependency_integrated_v0_2.md;requirements_foundation_dependency_integrated_v0_3.md,3
REQ-STATUS-003,STRUCTURE,REQ-QUESTION-001,,requirements_foundation_dependency_integrated_v0_2.md,34,TABLE,requirements_foundation_dependency_integrated_v0_2.md;requirements_foundation_dependency_integrated_v0_3.md,2
REQ-STATUS-004,DATA,REQ-STATUS-003,問題の意味や正解が変わる修正について履歴を残すには、軽微な修正と意味が変わる修正を区別できる必要がある。,requirements_question_metadata_dependency_integrated_v0_1.md,88,TABLE,requirements_question_metadata_dependency_integrated_v0_1.md,1
REQ-STATUS-005,DATA,REQ-STATUS-001,旧問題を利用停止または置き換え済みとして保持するには、問題の状態を区別して管理できる必要がある。,requirements_question_metadata_dependency_integrated_v0_1.md,90,TABLE,requirements_question_metadata_dependency_integrated_v0_1.md,1
REQ-STATUS-005,DATA,REQ-STATUS-003,修正後の内容を別問題として登録するか判断するには、軽微な修正と問題の意味が変わる修正を区別できる必要がある。,requirements_question_metadata_dependency_integrated_v0_1.md,89,TABLE,requirements_question_metadata_dependency_integrated_v0_1.md,1
REQ-STATUS-005,REFERENCE,REQ-ID-004,修正後の内容を新しい問題として登録するには、新旧の問題をそれぞれ一意に識別できる必要がある。,requirements_question_metadata_dependency_integrated_v0_1.md,92,TABLE,requirements_question_metadata_dependency_integrated_v0_1.md,1
REQ-STATUS-005,REFERENCE,REQ-STATUS-002,別問題登録後も旧問題を保持するには、他データから参照される公開済み問題を安易に物理削除しない原則が必要である。,requirements_question_metadata_dependency_integrated_v0_1.md,91,TABLE,requirements_question_metadata_dependency_integrated_v0_1.md,1
REQ-SUMMARY-001,DATA,REQ-EVENT-003,取り組み済み問題数を算出するには、問題への1回の回答を回答イベントとして保存する必要がある。,requirements_screen_interaction_progress_d4_dependency_integrated_v0_1.md,186,ARROW,requirements_screen_interaction_progress_d4_dependency_integrated_v0_1.md;requirements_screen_interaction_progress_d4_dependency_integrated_v0_2.md,2
REQ-SUMMARY-001,DATA,REQ-EVENT-007,通常教材、目的別問題集、周回練習など全実行経路の回答イベントを横断参照できる必要がある。,requirements_screen_interaction_progress_d4_dependency_integrated_v0_1.md,188,ARROW,requirements_screen_interaction_progress_d4_dependency_integrated_v0_1.md;requirements_screen_interaction_progress_d4_dependency_integrated_v0_2.md,2
REQ-SUMMARY-001,DATA,REQ-LEARNING-STATE-006,学習量、復習必要性、定着状態を回答イベントから再計算可能な派生情報として扱う必要がある。,requirements_screen_interaction_progress_d4_dependency_integrated_v0_1.md,190,ARROW,requirements_screen_interaction_progress_d4_dependency_integrated_v0_1.md;requirements_screen_interaction_progress_d4_dependency_integrated_v0_2.md,2
REQ-SUMMARY-001,DATA,REQ-MASTERY-010,定着状態、忘却リスク、復習状態を回答イベントから再計算できる必要がある。,requirements_screen_interaction_progress_d4_dependency_integrated_v0_1.md,192,ARROW,requirements_screen_interaction_progress_d4_dependency_integrated_v0_1.md;requirements_screen_interaction_progress_d4_dependency_integrated_v0_2.md,2
REQ-SUMMARY-002,DATA,REQ-LEARNING-STATE-001,取り組んだ量と長期的な定着状態が別概念として管理されている必要がある。,requirements_screen_interaction_progress_d4_dependency_integrated_v0_1.md,196,ARROW,requirements_screen_interaction_progress_d4_dependency_integrated_v0_1.md;requirements_screen_interaction_progress_d4_dependency_integrated_v0_2.md,2
REQ-SUMMARY-002,STRUCTURE,REQ-SUMMARY-001,取り組み済み数と定着済み数の関係を示すには、両方の基本集計が必要である。,requirements_screen_interaction_progress_d4_dependency_integrated_v0_1.md,194,ARROW,requirements_screen_interaction_progress_d4_dependency_integrated_v0_1.md;requirements_screen_interaction_progress_d4_dependency_integrated_v0_2.md,2
REQ-SUMMARY-003,DATA,REQ-CATALOG-PROGRESS-001,カタログ項目単位の実績は、回答イベントと問題のカタログ参照から集計できる必要がある。,requirements_screen_interaction_progress_d4_dependency_integrated_v0_1.md,202,ARROW,requirements_screen_interaction_progress_d4_dependency_integrated_v0_1.md;requirements_screen_interaction_progress_d4_dependency_integrated_v0_2.md,2
REQ-SUMMARY-003,DATA,REQ-PROGRESS-004,教材、学習テーマ、出題分野、問題集など複数単位で進捗を集計できる必要がある。,requirements_screen_interaction_progress_d4_dependency_integrated_v0_1.md,200,ARROW,requirements_screen_interaction_progress_d4_dependency_integrated_v0_1.md;requirements_screen_interaction_progress_d4_dependency_integrated_v0_2.md,2
REQ-SUMMARY-003,DATA,REQ-SUMMARY-001,各管理単位で集計するには、問題単位の基本サマリーを算出できる必要がある。,requirements_screen_interaction_progress_d4_dependency_integrated_v0_1.md,198,ARROW,requirements_screen_interaction_progress_d4_dependency_integrated_v0_1.md;requirements_screen_interaction_progress_d4_dependency_integrated_v0_2.md,2
REQ-SUMMARY-003,DATA,REQ-TARGET-004,習得対象ごとに関連問題、回答履歴、現在の定着状態を横断確認できる必要がある。,requirements_screen_interaction_progress_d4_dependency_integrated_v0_1.md,204,ARROW,requirements_screen_interaction_progress_d4_dependency_integrated_v0_1.md;requirements_screen_interaction_progress_d4_dependency_integrated_v0_2.md,2
REQ-SUMMARY-004,DATA,REQ-EVENT-006,回答イベントを変更されない事実データとして保存する必要がある。,requirements_screen_interaction_progress_d4_dependency_integrated_v0_1.md,208,ARROW,requirements_screen_interaction_progress_d4_dependency_integrated_v0_1.md;requirements_screen_interaction_progress_d4_dependency_integrated_v0_2.md,2
REQ-SUMMARY-004,DATA,REQ-MASTERY-014,正解数、誤答数、パス数、正答率などを回答イベントから再計算できる必要がある。,requirements_screen_interaction_progress_d4_dependency_integrated_v0_1.md,210,ARROW,requirements_screen_interaction_progress_d4_dependency_integrated_v0_1.md;requirements_screen_interaction_progress_d4_dependency_integrated_v0_2.md,2
REQ-SUMMARY-004,DATA,REQ-SUMMARY-001,再計算対象となる基本サマリーの定義が必要である。,requirements_screen_interaction_progress_d4_dependency_integrated_v0_1.md,206,ARROW,requirements_screen_interaction_progress_d4_dependency_integrated_v0_1.md;requirements_screen_interaction_progress_d4_dependency_integrated_v0_2.md,2
REQ-SUMMARY-005,DATA,REQ-MASTERY-010,定着状態、忘却リスク、復習状態を回答イベントから再計算できる必要がある。,requirements_screen_interaction_progress_d4_dependency_integrated_v0_1.md,216,ARROW,requirements_screen_interaction_progress_d4_dependency_integrated_v0_1.md;requirements_screen_interaction_progress_d4_dependency_integrated_v0_2.md,2
REQ-SUMMARY-005,DATA,REQ-MASTERY-012,定着判定アルゴリズム変更時に、全問題の定着状態を再評価できる必要がある。,requirements_screen_interaction_progress_d4_dependency_integrated_v0_1.md,214,ARROW,requirements_screen_interaction_progress_d4_dependency_integrated_v0_1.md;requirements_screen_interaction_progress_d4_dependency_integrated_v0_2.md,2
REQ-SUMMARY-005,STRUCTURE,REQ-SUMMARY-004,分類や閾値の変更後に再評価するには、サマリーを回答イベントから再計算できる必要がある。,requirements_screen_interaction_progress_d4_dependency_integrated_v0_1.md,212,ARROW,requirements_screen_interaction_progress_d4_dependency_integrated_v0_1.md;requirements_screen_interaction_progress_d4_dependency_integrated_v0_2.md,2
REQ-SYNC-001,DATA,REQ-PERSISTENCE-001,,requirements_data_dependency_integrated_v0_1.md,152,TABLE,requirements_data_dependency_integrated_v0_1.md;requirements_data_dependency_integrated_v0_2.md;requirements_remaining_data_dependency_integrated_v0_1.md,3
REQ-SYNC-002,DATA,REQ-EVENT-003,,requirements_data_dependency_integrated_v0_1.md,154,TABLE,requirements_data_dependency_integrated_v0_1.md;requirements_data_dependency_integrated_v0_2.md;requirements_remaining_data_dependency_integrated_v0_1.md,3
REQ-SYNC-002,DATA,REQ-PROGRESS-002,,requirements_data_dependency_integrated_v0_1.md,155,TABLE,requirements_data_dependency_integrated_v0_1.md;requirements_data_dependency_integrated_v0_2.md;requirements_remaining_data_dependency_integrated_v0_1.md,3
REQ-SYNC-002,DATA,REQ-SYNC-001,,requirements_data_dependency_integrated_v0_1.md,153,TABLE,requirements_data_dependency_integrated_v0_1.md;requirements_data_dependency_integrated_v0_2.md;requirements_remaining_data_dependency_integrated_v0_1.md,3
REQ-SYNC-002,VALIDATION,REQ-SYNC-008,,requirements_data_dependency_integrated_v0_1.md,156,TABLE,requirements_data_dependency_integrated_v0_1.md;requirements_data_dependency_integrated_v0_2.md;requirements_remaining_data_dependency_integrated_v0_1.md,3
REQ-SYNC-003,DATA,REQ-EVENT-003,複数端末から更新された回答を失わないため、回答を個別のイベントとして管理できる必要がある。,requirements_final_group_f4_dependency_integrated_v0_1.md,54,ARROW,requirements_final_group_f4_dependency_integrated_v0_1.md,1
REQ-SYNC-003,VALIDATION,REQ-EVENT-006,同時または近接した更新を上書きで失わないため、回答イベントを変更されない事実データとして扱う必要がある。,requirements_final_group_f4_dependency_integrated_v0_1.md,56,ARROW,requirements_final_group_f4_dependency_integrated_v0_1.md,1
REQ-SYNC-003,VALIDATION,REQ-PERSISTENCE-004,端末側の再送や保存再試行によって同一回答を重複登録しないため、保存処理の重複防止が必要である。,requirements_final_group_f4_dependency_integrated_v0_1.md,58,ARROW,requirements_final_group_f4_dependency_integrated_v0_1.md,1
REQ-SYNC-004,DATA,REQ-PROGRESS-006,周回状態の古い更新による上書きを防ぐには、目的別問題集固有の周回状態を管理できる必要がある。,requirements_final_group_f4_dependency_integrated_v0_1.md,62,ARROW,requirements_final_group_f4_dependency_integrated_v0_1.md,1
REQ-SYNC-004,REFERENCE,REQ-EVENT-001,複数端末間で学習セッションの更新を比較するには、対象セッションを一意に識別できる必要がある。,requirements_final_group_f4_dependency_integrated_v0_1.md,60,ARROW,requirements_final_group_f4_dependency_integrated_v0_1.md,1
REQ-SYNC-004,VALIDATION,REQ-PERSISTENCE-005,競合処理の途中で一部だけが確定することを防ぐには、関連データを不整合なく保存できる必要がある。,requirements_final_group_f4_dependency_integrated_v0_1.md,64,ARROW,requirements_final_group_f4_dependency_integrated_v0_1.md,1
REQ-SYNC-005,DATA,REQ-EVENT-003,通信不能中の回答を失わないため、回答を保存対象となるイベントとして保持できる必要がある。,requirements_final_group_f4_dependency_integrated_v0_1.md,66,ARROW,requirements_final_group_f4_dependency_integrated_v0_1.md,1
REQ-SYNC-005,PRESENTATION,REQ-SAVE-STATUS-002,未送信の回答が残っている場合に必要な対応を示すには、保存失敗または未送信状態を表示できる必要がある。,requirements_final_group_f4_dependency_integrated_v0_1.md,70,ARROW,requirements_final_group_f4_dependency_integrated_v0_1.md,1
REQ-SYNC-005,VALIDATION,REQ-PERSISTENCE-004,通信回復後の再送によって回答を重複登録しないため、再試行しても同一事実を重複保存しない必要がある。,requirements_final_group_f4_dependency_integrated_v0_1.md,68,ARROW,requirements_final_group_f4_dependency_integrated_v0_1.md,1
REQ-SYNC-006,DATA,REQ-EVENT-006,,requirements_data_dependency_integrated_v0_1.md,159,TABLE,requirements_data_dependency_integrated_v0_1.md;requirements_data_dependency_integrated_v0_2.md;requirements_remaining_data_dependency_integrated_v0_1.md,3
REQ-SYNC-006,FUNCTION,REQ-SYNC-002,,requirements_data_dependency_integrated_v0_1.md,157,TABLE,requirements_data_dependency_integrated_v0_1.md;requirements_data_dependency_integrated_v0_2.md;requirements_remaining_data_dependency_integrated_v0_1.md,3
REQ-SYNC-006,VALIDATION,REQ-PERSISTENCE-004,,requirements_data_dependency_integrated_v0_1.md,158,TABLE,requirements_data_dependency_integrated_v0_1.md;requirements_data_dependency_integrated_v0_2.md;requirements_remaining_data_dependency_integrated_v0_1.md,3
REQ-SYNC-007,DATA,REQ-PERSISTENCE-002,,requirements_data_dependency_integrated_v0_1.md,160,TABLE,requirements_data_dependency_integrated_v0_1.md;requirements_data_dependency_integrated_v0_2.md;requirements_remaining_data_dependency_integrated_v0_1.md,3
REQ-SYNC-007,PRESENTATION,REQ-PERSISTENCE-007,,requirements_data_dependency_integrated_v0_1.md,162,TABLE,requirements_data_dependency_integrated_v0_1.md;requirements_data_dependency_integrated_v0_2.md;requirements_remaining_data_dependency_integrated_v0_1.md,3
REQ-SYNC-007,PRESENTATION,REQ-SAVE-STATUS-002,,requirements_data_dependency_integrated_v0_1.md,161,TABLE,requirements_data_dependency_integrated_v0_1.md;requirements_data_dependency_integrated_v0_2.md;requirements_remaining_data_dependency_integrated_v0_1.md,3
REQ-SYNC-008,REFERENCE,REQ-ID-004,複数利用者の履歴や設定を混在させないため、主要な管理対象を一意に識別できる必要がある。,requirements_final_group_f4_dependency_integrated_v0_1.md,72,ARROW,requirements_final_group_f4_dependency_integrated_v0_1.md,1
REQ-SYNC-008,STRUCTURE,REQ-BACKUP-006,同期や復元時に対象利用者を区別するには、利用者または学習者の識別情報を管理できる必要がある。,requirements_final_group_f4_dependency_integrated_v0_1.md,76,ARROW,requirements_final_group_f4_dependency_integrated_v0_1.md,1
REQ-SYNC-008,VALIDATION,REQ-INTEGRITY-002,異なる利用者間での無効な参照やデータ混在を検出するには、参照整合性を検証できる必要がある。,requirements_final_group_f4_dependency_integrated_v0_1.md,74,ARROW,requirements_final_group_f4_dependency_integrated_v0_1.md,1
REQ-TABLE-001,STRUCTURE,REQ-VISUAL-003,表を構造化された表示資料として管理するには、表示資料の種類として表を扱える必要がある。,requirements_visual_print_file_output_e2_dependency_integrated_v0_1.md,56,TABLE,requirements_visual_print_file_output_e2_dependency_integrated_v0_1.md,1
REQ-TABLE-002,STRUCTURE,REQ-TABLE-001,列見出し、行データ、単位などを管理するには、表が構造化データとして定義されている必要がある。,requirements_visual_print_file_output_e2_dependency_integrated_v0_1.md,57,TABLE,requirements_visual_print_file_output_e2_dependency_integrated_v0_1.md,1
REQ-TABLE-003,PRESENTATION,REQ-VISUAL-006,画面表示と印刷出力の双方で表を利用するには、画面用と印刷用のサイズ・配置を別々に設定できる必要がある。,requirements_visual_print_file_output_e2_dependency_integrated_v0_1.md,59,TABLE,requirements_visual_print_file_output_e2_dependency_integrated_v0_1.md,1
REQ-TABLE-003,STRUCTURE,REQ-TABLE-001,同じ表を画面表示と印刷出力で利用するには、表を画像ではなく構造化データとして管理する必要がある。,requirements_visual_print_file_output_e2_dependency_integrated_v0_1.md,58,TABLE,requirements_visual_print_file_output_e2_dependency_integrated_v0_1.md,1
REQ-TABLE-004,DATA,REQ-TABLE-001,表データをグラフ生成や分析へ再利用するには、表が列・行・単位を持つ構造化データである必要がある。,requirements_visual_print_file_output_e2_dependency_integrated_v0_1.md,60,TABLE,requirements_visual_print_file_output_e2_dependency_integrated_v0_1.md,1
REQ-TABLE-004,STRUCTURE,REQ-TABLE-002,表データを再利用するには、列見出しと行データの意味が明示されている必要がある。,requirements_visual_print_file_output_e2_dependency_integrated_v0_1.md,61,TABLE,requirements_visual_print_file_output_e2_dependency_integrated_v0_1.md,1
REQ-TAG-001,STRUCTURE,REQ-CATALOG-DIMENSION-003,問題へ複数の内容領域を設定するには、1つの問題へ複数の学習内容を関連付けられる必要がある。,requirements_question_metadata_dependency_integrated_v0_1.md,80,TABLE,requirements_question_metadata_dependency_integrated_v0_1.md,1
REQ-TAG-001,STRUCTURE,REQ-CONTENT-003,内容領域の分類を問題へ設定するには、学習内容の分類と問題を別概念として管理する必要がある。,requirements_question_metadata_dependency_integrated_v0_1.md,81,TABLE,requirements_question_metadata_dependency_integrated_v0_1.md,1
REQ-TAG-002,STRUCTURE,REQ-CATALOG-DIMENSION-002,問題形式を示す分類を設定するには、問題形式を学習内容および技能から分離して管理する必要がある。,requirements_question_metadata_dependency_integrated_v0_1.md,82,TABLE,requirements_question_metadata_dependency_integrated_v0_1.md,1
REQ-TAG-003,STRUCTURE,REQ-CATALOG-DIMENSION-001,必要な知識項目を問題へ関連付けるには、学習内容と解答に必要な技能を別々に管理できる必要がある。,requirements_question_metadata_dependency_integrated_v0_1.md,83,TABLE,requirements_question_metadata_dependency_integrated_v0_1.md,1
REQ-TAG-003,STRUCTURE,REQ-CATALOG-DIMENSION-003,複数の知識項目を問題へ関連付けるには、1つの問題へ複数の学習内容を関連付けられる必要がある。,requirements_question_metadata_dependency_integrated_v0_1.md,84,TABLE,requirements_question_metadata_dependency_integrated_v0_1.md,1
REQ-TAG-004,STRUCTURE,REQ-CATALOG-DIMENSION-001,解答に必要な技能を問題へ関連付けるには、学習内容と技能を別々に関連付けられる必要がある。,requirements_question_metadata_dependency_integrated_v0_1.md,85,TABLE,requirements_question_metadata_dependency_integrated_v0_1.md,1
REQ-TAG-004,STRUCTURE,REQ-CATALOG-DIMENSION-003,複数の技能を問題へ関連付けるには、1つの問題へ複数の技能を関連付けられる必要がある。,requirements_question_metadata_dependency_integrated_v0_1.md,86,TABLE,requirements_question_metadata_dependency_integrated_v0_1.md,1
REQ-TAG-005,CONCEPT,REQ-CONTENT-004,利用目的属性と目的別問題集への所属を分離するには、学習分類と利用目的による問題集合の役割が区別されている必要がある。,requirements_question_metadata_dependency_integrated_v0_1.md,127,TABLE,requirements_question_metadata_dependency_integrated_v0_1.md,1
REQ-TAG-005,CONCEPT,REQ-PURPOSE-001,定期テスト対策、弱点補強、復習などの利用目的を表現するには、学習目的を独立して管理できる必要がある。,requirements_question_metadata_dependency_integrated_v0_1.md,128,TABLE,requirements_question_metadata_dependency_integrated_v0_1.md,1
REQ-TAG-005,STRUCTURE,REQ-QUESTION-001,利用目的を問題属性として設定するには、分類などのメタデータを問題本体から分離管理できる必要がある。,requirements_question_metadata_dependency_integrated_v0_1.md,126,TABLE,requirements_question_metadata_dependency_integrated_v0_1.md,1
REQ-TAG-006,STRUCTURE,REQ-QUESTION-001,問題へ難易度を設定するには、分類などの共通メタデータを問題本体から分離管理できる必要がある。,requirements_question_metadata_dependency_integrated_v0_1.md,87,TABLE,requirements_question_metadata_dependency_integrated_v0_1.md,1
REQ-TARGET-001,REFERENCE,REQ-QUESTION-001,問題へ具体的な習得対象を設定するには、問題が独立した管理対象として定義されている必要がある。,requirements_catalog_mapping_mastery_target_dependency_integrated_v0_1.md,77,TABLE,requirements_catalog_mapping_mastery_target_dependency_integrated_v0_1.md,1
REQ-TARGET-001,REFERENCE,REQ-TARGET-002,問題へ複数の習得対象を設定するには、習得対象が再利用可能な管理対象として識別されている必要がある。,requirements_catalog_mapping_mastery_target_dependency_integrated_v0_1.md,78,TABLE,requirements_catalog_mapping_mastery_target_dependency_integrated_v0_1.md,1
REQ-TARGET-002,CONCEPT,REQ-CONTENT-001,,requirements_foundation_dependency_integrated_v0_1.md,28,TABLE,requirements_foundation_dependency_integrated_v0_1.md;requirements_foundation_dependency_integrated_v0_2.md;requirements_foundation_dependency_integrated_v0_3.md,3
REQ-TARGET-002,CONCEPT,REQ-ID-003,,requirements_foundation_dependency_integrated_v0_1.md,29,TABLE,requirements_foundation_dependency_integrated_v0_1.md;requirements_foundation_dependency_integrated_v0_2.md;requirements_foundation_dependency_integrated_v0_3.md,3
REQ-TARGET-002,REFERENCE,REQ-ID-004,習得対象を問題IDや自由記述タグに依存しない再利用可能な管理対象として扱うには、主要な管理対象を一意に識別できる必要がある。,requirements_catalog_mapping_mastery_target_dependency_integrated_v0_1.md,54,TABLE,requirements_catalog_mapping_mastery_target_dependency_integrated_v0_1.md,1
REQ-TARGET-003,CONCEPT,REQ-TARGET-001,1つの習得対象を複数の問題から学習できる多対多関係を成立させるには、問題へ習得対象を設定する基本対応が定義されている必要がある。,requirements_catalog_mapping_mastery_target_dependency_integrated_v0_1.md,79,TABLE,requirements_catalog_mapping_mastery_target_dependency_integrated_v0_1.md,1
REQ-TARGET-003,STRUCTURE,REQ-QUESTION-001,,requirements_foundation_dependency_integrated_v0_1.md,51,TABLE,requirements_foundation_dependency_integrated_v0_1.md;requirements_foundation_dependency_integrated_v0_2.md;requirements_foundation_dependency_integrated_v0_3.md,3
REQ-TARGET-003,STRUCTURE,REQ-TARGET-002,,requirements_foundation_dependency_integrated_v0_1.md,52,TABLE,requirements_foundation_dependency_integrated_v0_1.md;requirements_foundation_dependency_integrated_v0_2.md;requirements_foundation_dependency_integrated_v0_3.md,3
REQ-TARGET-004,REFERENCE,REQ-TARGET-003,,requirements_foundation_dependency_integrated_v0_1.md,65,TABLE,requirements_foundation_dependency_integrated_v0_1.md;requirements_foundation_dependency_integrated_v0_2.md;requirements_foundation_dependency_integrated_v0_3.md,3
REQ-TARGET-005,DATA,REQ-TARGET-004,出題形式別に定着状態を比較するには、習得対象ごとの関連問題、回答履歴、現在の定着状態を横断して確認できる必要がある。,requirements_catalog_mapping_mastery_target_supplemental_dependency_integrated_v0_1.md,96,ARROW,requirements_catalog_mapping_mastery_target_supplemental_dependency_integrated_v0_1.md,1
REQ-TARGET-005,FUNCTION,REQ-COVERAGE-008,同じ習得対象について形式別の定着状態を確認するには、異なる問題形式または異なる観点の問題を同一の学習対象へ関連付けられる必要がある。,requirements_catalog_mapping_mastery_target_supplemental_dependency_integrated_v0_1.md,100,ARROW,requirements_catalog_mapping_mastery_target_supplemental_dependency_integrated_v0_1.md,1
REQ-TARGET-005,STRUCTURE,REQ-CATALOG-DIMENSION-002,漢字の読みと書き、英単語の意味と綴りなどを同じ習得対象の異なる出題形式として区別するには、学習内容および技能と問題形式を分離して管理できる必要がある。,requirements_catalog_mapping_mastery_target_supplemental_dependency_integrated_v0_1.md,98,ARROW,requirements_catalog_mapping_mastery_target_supplemental_dependency_integrated_v0_1.md,1
REQ-TARGET-005,STRUCTURE,REQ-TARGET-001,習得対象ごとに出題形式別の定着状態を確認するには、各問題に具体的な習得対象を設定できる必要がある。,requirements_catalog_mapping_mastery_target_supplemental_dependency_integrated_v0_1.md,94,ARROW,requirements_catalog_mapping_mastery_target_supplemental_dependency_integrated_v0_1.md,1
REQ-TARGET-006,CONCEPT,REQ-CATALOG-001,カタログ項目と他の分類・習得対象の役割を分離するには、学習内容カタログが独立した管理概念として定義されている必要がある。,requirements_catalog_mapping_mastery_target_dependency_integrated_v0_1.md,55,TABLE,requirements_catalog_mapping_mastery_target_dependency_integrated_v0_1.md,1
REQ-TARGET-006,CONCEPT,REQ-CONTENT-003,,requirements_foundation_dependency_integrated_v0_2.md,35,TABLE,requirements_foundation_dependency_integrated_v0_2.md;requirements_foundation_dependency_integrated_v0_3.md,2
REQ-TARGET-006,CONCEPT,REQ-TAG-003,知識分類と習得対象の役割を分離するには、問題へ必要な知識項目を関連付ける概念が定義されている必要がある。,requirements_catalog_mapping_mastery_target_dependency_integrated_v0_1.md,56,TABLE,requirements_catalog_mapping_mastery_target_dependency_integrated_v0_1.md,1
REQ-TARGET-006,CONCEPT,REQ-TAG-004,技能分類と習得対象の役割を分離するには、問題へ必要な技能を関連付ける概念が定義されている必要がある。,requirements_catalog_mapping_mastery_target_dependency_integrated_v0_1.md,57,TABLE,requirements_catalog_mapping_mastery_target_dependency_integrated_v0_1.md,1
REQ-TARGET-006,CONCEPT,REQ-TARGET-002,習得対象と知識分類・技能分類の役割を分離するには、習得対象が再利用可能な独立した管理対象として識別される必要がある。,requirements_catalog_mapping_mastery_target_dependency_integrated_v0_1.md,58,TABLE,requirements_catalog_mapping_mastery_target_dependency_integrated_v0_1.md,1
REQ-TARGET-006,STRUCTURE,REQ-CATALOG-STRUCTURE-003,,requirements_foundation_dependency_integrated_v0_2.md,37,TABLE,requirements_foundation_dependency_integrated_v0_2.md;requirements_foundation_dependency_integrated_v0_3.md,2
REQ-TARGET-006,STRUCTURE,REQ-TARGET-002,,requirements_foundation_dependency_integrated_v0_2.md,36,TABLE,requirements_foundation_dependency_integrated_v0_2.md;requirements_foundation_dependency_integrated_v0_3.md,2
REQ-TIME-001,FUNCTION,REQ-PLAYER-001,問題表示を計測開始契機とするため,requirements_learning_execution_session_cycle_c1b_dependency_integrated_v0_1.md,105,ARROW,requirements_learning_execution_session_cycle_c1b_dependency_integrated_v0_1.md;requirements_learning_execution_session_cycle_dependency_integrated_v0_1.md;requirements_learning_execution_session_cycle_dependency_integrated_v0_2.md,3
REQ-TIME-001,REFERENCE,REQ-CONTENT-001,表示された問題を計測対象として識別するため,requirements_learning_execution_session_cycle_c1b_dependency_integrated_v0_1.md,103,ARROW,requirements_learning_execution_session_cycle_c1b_dependency_integrated_v0_1.md;requirements_learning_execution_session_cycle_dependency_integrated_v0_1.md;requirements_learning_execution_session_cycle_dependency_integrated_v0_2.md,3
REQ-TIME-002,FUNCTION,REQ-PLAYER-001,回答表示要求を計測終了契機として扱うため,requirements_learning_execution_session_cycle_c1b_dependency_integrated_v0_1.md,109,ARROW,requirements_learning_execution_session_cycle_c1b_dependency_integrated_v0_1.md;requirements_learning_execution_session_cycle_dependency_integrated_v0_1.md;requirements_learning_execution_session_cycle_dependency_integrated_v0_2.md,3
REQ-TIME-002,FUNCTION,REQ-TIME-001,開始済みの問題所要時間を終了させるため,requirements_learning_execution_session_cycle_c1b_dependency_integrated_v0_1.md,70,ARROW,requirements_learning_execution_session_cycle_c1b_dependency_integrated_v0_1.md;requirements_learning_execution_session_cycle_dependency_integrated_v0_1.md;requirements_learning_execution_session_cycle_dependency_integrated_v0_2.md,3
REQ-TIME-002,FUNCTION,REQ-TIMER-003,制限時間終了を計測終了契機として扱うため,requirements_learning_execution_session_cycle_c1b_dependency_integrated_v0_1.md,107,ARROW,requirements_learning_execution_session_cycle_c1b_dependency_integrated_v0_1.md;requirements_learning_execution_session_cycle_dependency_integrated_v0_1.md;requirements_learning_execution_session_cycle_dependency_integrated_v0_2.md,3
REQ-TIME-003,FUNCTION,REQ-PLAYER-008,問題表示中の一時停止操作を参照するため,requirements_learning_execution_session_cycle_c1b_dependency_integrated_v0_1.md,111,ARROW,requirements_learning_execution_session_cycle_c1b_dependency_integrated_v0_1.md;requirements_learning_execution_session_cycle_dependency_integrated_v0_1.md;requirements_learning_execution_session_cycle_dependency_integrated_v0_2.md,3
REQ-TIME-003,FUNCTION,REQ-TIME-001,計測中の時間から一時停止時間を除外するため,requirements_learning_execution_session_cycle_c1b_dependency_integrated_v0_1.md,72,ARROW,requirements_learning_execution_session_cycle_c1b_dependency_integrated_v0_1.md;requirements_learning_execution_session_cycle_dependency_integrated_v0_1.md;requirements_learning_execution_session_cycle_dependency_integrated_v0_2.md,3
REQ-TIME-004,DATA,REQ-EVENT-004,,requirements_data_dependency_integrated_v0_1.md,32,TABLE,requirements_data_dependency_integrated_v0_1.md;requirements_data_dependency_integrated_v0_2.md;requirements_learning_data_dependency_integrated_v0_1.md,3
REQ-TIME-004,FUNCTION,REQ-TIME-002,,requirements_learning_data_dependency_integrated_v0_1.md,31,TABLE,requirements_learning_data_dependency_integrated_v0_1.md,1
REQ-TIME-005,FUNCTION,REQ-ANSWER-001,回答表示後に行われる判定処理と時間計測を分離するため,requirements_learning_execution_session_cycle_c1b_dependency_integrated_v0_1.md,113,ARROW,requirements_learning_execution_session_cycle_c1b_dependency_integrated_v0_1.md;requirements_learning_execution_session_cycle_dependency_integrated_v0_1.md;requirements_learning_execution_session_cycle_dependency_integrated_v0_2.md,3
REQ-TIME-005,FUNCTION,REQ-TIME-002,回答表示時点で問題所要時間を確定するため,requirements_learning_execution_session_cycle_c1b_dependency_integrated_v0_1.md,74,ARROW,requirements_learning_execution_session_cycle_c1b_dependency_integrated_v0_1.md;requirements_learning_execution_session_cycle_dependency_integrated_v0_1.md;requirements_learning_execution_session_cycle_dependency_integrated_v0_2.md,3
REQ-TIME-006,CONCEPT,REQ-LEARNING-STATE-001,復習必要性や定着状態を所要時間と分離するため,requirements_learning_execution_session_cycle_c1b_dependency_integrated_v0_1.md,117,ARROW,requirements_learning_execution_session_cycle_c1b_dependency_integrated_v0_1.md;requirements_learning_execution_session_cycle_dependency_integrated_v0_1.md;requirements_learning_execution_session_cycle_dependency_integrated_v0_2.md,3
REQ-TIME-006,CONCEPT,REQ-MASTERY-002,定着状態が所要時間だけで決まらないことを保証するため,requirements_learning_execution_session_cycle_c1b_dependency_integrated_v0_1.md,115,ARROW,requirements_learning_execution_session_cycle_c1b_dependency_integrated_v0_1.md;requirements_learning_execution_session_cycle_dependency_integrated_v0_1.md;requirements_learning_execution_session_cycle_dependency_integrated_v0_2.md,3
REQ-TIME-006,DATA,REQ-EVENT-004,問題所要時間を回答イベントの補助情報として利用するため,requirements_learning_execution_session_cycle_c1b_dependency_integrated_v0_1.md,76,ARROW,requirements_learning_execution_session_cycle_c1b_dependency_integrated_v0_1.md;requirements_learning_execution_session_cycle_dependency_integrated_v0_1.md;requirements_learning_execution_session_cycle_dependency_integrated_v0_2.md,3
REQ-TIMELINE-001,STRUCTURE,REQ-VISUAL-003,年表を構造化された表示資料として扱うには、表示資料の種類として年表を扱える必要がある。,requirements_visual_print_file_output_e2_dependency_integrated_v0_1.md,80,TABLE,requirements_visual_print_file_output_e2_dependency_integrated_v0_1.md,1
REQ-TIMELINE-002,REFERENCE,REQ-CATALOG-001,年表の出来事を学習内容と関連付けるには、対象となる学習内容を体系的に識別できる必要がある。,requirements_visual_print_file_output_e2_dependency_integrated_v0_1.md,82,TABLE,requirements_visual_print_file_output_e2_dependency_integrated_v0_1.md,1
REQ-TIMELINE-002,STRUCTURE,REQ-TIMELINE-001,年、期間、地域、分類、表示順を管理するには、年表の年代範囲と出来事が構造化されている必要がある。,requirements_visual_print_file_output_e2_dependency_integrated_v0_1.md,81,TABLE,requirements_visual_print_file_output_e2_dependency_integrated_v0_1.md,1
REQ-TIMELINE-003,STRUCTURE,REQ-TIMELINE-001,日本史と世界史などを並列表示するには、共通の年代範囲を持つ年表構造が必要である。,requirements_visual_print_file_output_e2_dependency_integrated_v0_1.md,83,TABLE,requirements_visual_print_file_output_e2_dependency_integrated_v0_1.md,1
REQ-TIMELINE-003,STRUCTURE,REQ-TIMELINE-002,複数系列を年代軸に沿って配置するには、各出来事の年代、地域、分類、表示順を管理できる必要がある。,requirements_visual_print_file_output_e2_dependency_integrated_v0_1.md,84,TABLE,requirements_visual_print_file_output_e2_dependency_integrated_v0_1.md,1
REQ-TIMELINE-004,PRESENTATION,REQ-VISUAL-006,画面表示と印刷出力で年表を利用するには、画面用と印刷用のサイズ・配置を分けて設定できる必要がある。,requirements_visual_print_file_output_e2_dependency_integrated_v0_1.md,86,TABLE,requirements_visual_print_file_output_e2_dependency_integrated_v0_1.md,1
REQ-TIMELINE-004,STRUCTURE,REQ-TIMELINE-001,年表を画面と印刷の両方で利用するには、年表が再利用可能な構造化データである必要がある。,requirements_visual_print_file_output_e2_dependency_integrated_v0_1.md,85,TABLE,requirements_visual_print_file_output_e2_dependency_integrated_v0_1.md,1
REQ-TIMER-001,DATA,REQ-QUESTION-001,問題単位の設定として推奨時間を保持するため,requirements_learning_execution_session_cycle_c1a_dependency_integrated_v0_1.md,147,ARROW,requirements_learning_execution_session_cycle_c1a_dependency_integrated_v0_1.md;requirements_learning_execution_session_cycle_dependency_integrated_v0_1.md;requirements_learning_execution_session_cycle_dependency_integrated_v0_2.md,3
REQ-TIMER-002,DATA,REQ-EVENT-002,学習セッションの出題設定として保持するため,requirements_learning_execution_session_cycle_c1a_dependency_integrated_v0_1.md,151,ARROW,requirements_learning_execution_session_cycle_c1a_dependency_integrated_v0_1.md;requirements_learning_execution_session_cycle_dependency_integrated_v0_1.md;requirements_learning_execution_session_cycle_dependency_integrated_v0_2.md,3
REQ-TIMER-002,DATA,REQ-PURPOSE-009,目的別問題集のタイマー設定を参照するため,requirements_learning_execution_session_cycle_c1a_dependency_integrated_v0_1.md,149,ARROW,requirements_learning_execution_session_cycle_c1a_dependency_integrated_v0_1.md;requirements_learning_execution_session_cycle_dependency_integrated_v0_1.md;requirements_learning_execution_session_cycle_dependency_integrated_v0_2.md,3
REQ-TIMER-002,FUNCTION,REQ-TIMER-001,問題ごとの推奨時間を上書き対象とするため,requirements_learning_execution_session_cycle_c1a_dependency_integrated_v0_1.md,96,ARROW,requirements_learning_execution_session_cycle_c1a_dependency_integrated_v0_1.md;requirements_learning_execution_session_cycle_dependency_integrated_v0_1.md;requirements_learning_execution_session_cycle_dependency_integrated_v0_2.md,3
REQ-TIMER-003,CONCEPT,REQ-TIMER-001,問題単位の時間設定を利用形態へ反映するため,requirements_learning_execution_session_cycle_c1a_dependency_integrated_v0_1.md,98,ARROW,requirements_learning_execution_session_cycle_c1a_dependency_integrated_v0_1.md;requirements_learning_execution_session_cycle_dependency_integrated_v0_1.md;requirements_learning_execution_session_cycle_dependency_integrated_v0_2.md,3
REQ-TIMER-003,DATA,REQ-EXAM-PART-002,本番形式の制限時間を参照するため,requirements_learning_execution_session_cycle_c1a_dependency_integrated_v0_1.md,153,ARROW,requirements_learning_execution_session_cycle_c1a_dependency_integrated_v0_1.md;requirements_learning_execution_session_cycle_dependency_integrated_v0_1.md;requirements_learning_execution_session_cycle_dependency_integrated_v0_2.md,3
REQ-UI-001,CONCEPT,REQ-SCOPE-002,学習する領域を設けるには、移動中・運動中を含む画面学習の利用目的を前提とする。,requirements_screen_interaction_progress_d1_dependency_integrated_v0_1.md,105,ARROW,requirements_screen_interaction_progress_d1_dependency_integrated_v0_1.md,1
REQ-UI-001,CONCEPT,REQ-SCOPE-003,印刷する領域を設けるには、机上学習や印刷教材を利用対象とする要求を前提とする。,requirements_screen_interaction_progress_d1_dependency_integrated_v0_1.md,107,ARROW,requirements_screen_interaction_progress_d1_dependency_integrated_v0_1.md,1
REQ-UI-001,STRUCTURE,REQ-CONTENT-003,学習、進捗、管理などを異なる機能領域へ整理するには、問題、問題集、分類、履歴・進捗などの概念が分離管理されている必要がある。,requirements_screen_interaction_progress_d1_dependency_integrated_v0_1.md,109,ARROW,requirements_screen_interaction_progress_d1_dependency_integrated_v0_1.md,1
REQ-UI-002,FUNCTION,REQ-PURPOSE-001,目的から選ぶ入口を提供するには、学習目的で既存問題を束ねる目的別問題集を管理できる必要がある。,requirements_screen_interaction_progress_d1_dependency_integrated_v0_1.md,113,ARROW,requirements_screen_interaction_progress_d1_dependency_integrated_v0_1.md,1
REQ-UI-002,FUNCTION,REQ-RESUME-001,前回の続きから開始する入口を提供するには、途中の学習を再開できる状態を管理する必要がある。,requirements_screen_interaction_progress_d1_dependency_integrated_v0_1.md,115,ARROW,requirements_screen_interaction_progress_d1_dependency_integrated_v0_1.md,1
REQ-UI-002,STRUCTURE,REQ-UI-001,学習開始の入口を設けるには、主要機能の中に学習領域が定義されている必要がある。,requirements_screen_interaction_progress_d1_dependency_integrated_v0_1.md,111,ARROW,requirements_screen_interaction_progress_d1_dependency_integrated_v0_1.md,1
REQ-UI-003,DATA,REQ-MASTERY-002,復習時期や未定着状況を考慮したおすすめには、通常教材と目的別問題集を横断した定着状態を管理できる必要がある。,requirements_screen_interaction_progress_d1_dependency_integrated_v0_1.md,121,ARROW,requirements_screen_interaction_progress_d1_dependency_integrated_v0_1.md,1
REQ-UI-003,DATA,REQ-PROGRESS-001,学習履歴や進捗からおすすめを選ぶには、学習実績と進捗を管理できる必要がある。,requirements_screen_interaction_progress_d1_dependency_integrated_v0_1.md,119,ARROW,requirements_screen_interaction_progress_d1_dependency_integrated_v0_1.md,1
REQ-UI-003,DATA,REQ-PURPOSE-001,管理者が指定した学習対象をおすすめとして提示するには、目的別に問題を束ねた学習対象を管理できる必要がある。,requirements_screen_interaction_progress_d1_dependency_integrated_v0_1.md,123,ARROW,requirements_screen_interaction_progress_d1_dependency_integrated_v0_1.md,1
REQ-UI-003,STRUCTURE,REQ-UI-002,今日のおすすめを学習開始候補として提示するには、学習開始入口の構造が定義されている必要がある。,requirements_screen_interaction_progress_d1_dependency_integrated_v0_1.md,117,ARROW,requirements_screen_interaction_progress_d1_dependency_integrated_v0_1.md,1
REQ-UI-004,CONCEPT,REQ-SCOPE-004,学校教科と検定を共通操作体系で扱うには、両者を同一基盤の対象とする製品スコープを前提とする。,requirements_screen_interaction_progress_d1_dependency_integrated_v0_1.md,125,ARROW,requirements_screen_interaction_progress_d1_dependency_integrated_v0_1.md,1
REQ-UI-004,FUNCTION,REQ-CATALOG-005,分類構造の異なる学校教科と検定を共通操作で扱うには、共通の参照・検索・進捗集計方式が必要である。,requirements_screen_interaction_progress_d1_dependency_integrated_v0_1.md,129,ARROW,requirements_screen_interaction_progress_d1_dependency_integrated_v0_1.md,1
REQ-UI-004,STRUCTURE,REQ-CONTENT-007,共通操作を維持しながら分類構造の違いを表現するには、学校教科と検定で異なる分類階層を扱える必要がある。,requirements_screen_interaction_progress_d1_dependency_integrated_v0_1.md,127,ARROW,requirements_screen_interaction_progress_d1_dependency_integrated_v0_1.md,1
REQ-UI-005,STRUCTURE,REQ-UI-001,学習開始、印刷、進捗確認、教材管理を混同しない導線に分離するには、それらが主要機能領域として整理されている必要がある。,requirements_screen_interaction_progress_d1_dependency_integrated_v0_1.md,131,ARROW,requirements_screen_interaction_progress_d1_dependency_integrated_v0_1.md,1
REQ-UI-006,PRESENTATION,REQ-CHILD-003,画面階層と選択肢を抑えるには、子ども用画面で開始前のボタンや設定項目を必要最小限にする要求を前提とする。,requirements_screen_interaction_progress_d1_dependency_integrated_v0_1.md,135,ARROW,requirements_screen_interaction_progress_d1_dependency_integrated_v0_1.md,1
REQ-UI-006,STRUCTURE,REQ-UI-002,主要な学習を少ない操作で開始するには、教材・目的・前回の続きという開始入口が定義されている必要がある。,requirements_screen_interaction_progress_d1_dependency_integrated_v0_1.md,133,ARROW,requirements_screen_interaction_progress_d1_dependency_integrated_v0_1.md,1
REQ-UNIQUENESS-001,VALIDATION,REQ-ID-004,問題、教材、問題集、学習分類などの内部IDへ一意制約を設定するには、主要管理対象を一意に識別する要求が必要である。,requirements_question_metadata_dependency_integrated_v0_1.md,54,TABLE,requirements_question_metadata_dependency_integrated_v0_1.md,1
REQ-VALIDATION-001,VALIDATION,REQ-CATALOG-REF-005,,requirements_foundation_dependency_integrated_v0_1.md,60,TABLE,requirements_foundation_dependency_integrated_v0_1.md;requirements_foundation_dependency_integrated_v0_2.md;requirements_foundation_dependency_integrated_v0_3.md,3
REQ-VALIDATION-001,VALIDATION,REQ-QUESTION-001,,requirements_foundation_dependency_integrated_v0_1.md,56,TABLE,requirements_foundation_dependency_integrated_v0_1.md;requirements_foundation_dependency_integrated_v0_2.md;requirements_foundation_dependency_integrated_v0_3.md,3
REQ-VALIDATION-001,VALIDATION,REQ-REFERENCE-001,,requirements_foundation_dependency_integrated_v0_1.md,58,TABLE,requirements_foundation_dependency_integrated_v0_1.md;requirements_foundation_dependency_integrated_v0_2.md;requirements_foundation_dependency_integrated_v0_3.md,3
REQ-VALIDATION-001,VALIDATION,REQ-REFERENCE-002,,requirements_foundation_dependency_integrated_v0_1.md,59,TABLE,requirements_foundation_dependency_integrated_v0_1.md;requirements_foundation_dependency_integrated_v0_2.md;requirements_foundation_dependency_integrated_v0_3.md,3
REQ-VALIDATION-001,VALIDATION,REQ-STATUS-001,,requirements_foundation_dependency_integrated_v0_1.md,57,TABLE,requirements_foundation_dependency_integrated_v0_1.md;requirements_foundation_dependency_integrated_v0_2.md;requirements_foundation_dependency_integrated_v0_3.md,3
REQ-VALIDATION-002,FUNCTION,REQ-VALIDATION-001,,requirements_foundation_dependency_integrated_v0_1.md,61,TABLE,requirements_foundation_dependency_integrated_v0_1.md;requirements_foundation_dependency_integrated_v0_2.md;requirements_foundation_dependency_integrated_v0_3.md,3
REQ-VALIDATION-003,VALIDATION,REQ-REFERENCE-003,継続的なデータ検証で分類階層の不整合を検出するには、親子関係の整合性検証要求が定義されている必要がある。,requirements_question_metadata_dependency_integrated_v0_1.md,61,TABLE,requirements_question_metadata_dependency_integrated_v0_1.md,1
REQ-VALIDATION-003,VALIDATION,REQ-REFERENCE-004,問題集が利用停止・置換済み問題を参照する状態を継続的に確認するには、管理者判断を必要とする参照状態が定義されている必要がある。,requirements_question_metadata_dependency_integrated_v0_1.md,62,TABLE,requirements_question_metadata_dependency_integrated_v0_1.md,1
REQ-VALIDATION-003,VALIDATION,REQ-SCHEMA-001,データ検証を継続的に実行するには、主要データの必須項目と任意項目が明示的に定義されている必要がある。,requirements_question_metadata_dependency_integrated_v0_1.md,59,TABLE,requirements_question_metadata_dependency_integrated_v0_1.md,1
REQ-VALIDATION-003,VALIDATION,REQ-UNIQUENESS-001,継続的なデータ検証で一意性違反を検出するには、内部IDに適用する一意制約が定義されている必要がある。,requirements_question_metadata_dependency_integrated_v0_1.md,60,TABLE,requirements_question_metadata_dependency_integrated_v0_1.md,1
REQ-VISUAL-002,STRUCTURE,REQ-QUESTION-001,,requirements_foundation_dependency_integrated_v0_1.md,36,TABLE,requirements_foundation_dependency_integrated_v0_1.md;requirements_foundation_dependency_integrated_v0_2.md;requirements_foundation_dependency_integrated_v0_3.md,3
REQ-VISUAL-002,STRUCTURE,REQ-VISUAL-001,,requirements_foundation_dependency_integrated_v0_1.md,37,TABLE,requirements_foundation_dependency_integrated_v0_1.md;requirements_foundation_dependency_integrated_v0_2.md;requirements_foundation_dependency_integrated_v0_3.md,3
REQ-VISUAL-003,STRUCTURE,REQ-VISUAL-001,複数種類の表示資料を共通方式で扱うには、表示資料を問題本文とは分離したデータとして管理する必要がある。,requirements_visual_print_file_output_e1_dependency_integrated_v0_1.md,95,TABLE,requirements_visual_print_file_output_e1_dependency_integrated_v0_1.md,1
REQ-VISUAL-004,REFERENCE,REQ-COPYRIGHT-001,出典・著作権情報や公開可否を管理するには、問題や画像などの出典と権利状態を管理できる必要がある。,requirements_visual_print_file_output_e1_dependency_integrated_v0_1.md,97,TABLE,requirements_visual_print_file_output_e1_dependency_integrated_v0_1.md,1
REQ-VISUAL-004,STRUCTURE,REQ-VISUAL-001,表示資料ごとの属性を管理するには、表示資料が独立した管理対象として定義されている必要がある。,requirements_visual_print_file_output_e1_dependency_integrated_v0_1.md,96,TABLE,requirements_visual_print_file_output_e1_dependency_integrated_v0_1.md,1
REQ-VISUAL-005,STRUCTURE,REQ-VISUAL-002,1つの問題内の指定位置へ表示資料を配置するには、1つの問題へ複数の表示資料を関連付けられる必要がある。,requirements_visual_print_file_output_e1_dependency_integrated_v0_1.md,98,TABLE,requirements_visual_print_file_output_e1_dependency_integrated_v0_1.md,1
REQ-VISUAL-005,STRUCTURE,REQ-VISUAL-004,前・後・文中の配置位置を指定するには、表示資料ごとの役割と表示設定を管理できる必要がある。,requirements_visual_print_file_output_e1_dependency_integrated_v0_1.md,99,TABLE,requirements_visual_print_file_output_e1_dependency_integrated_v0_1.md,1
REQ-VISUAL-006,STRUCTURE,REQ-VISUAL-004,画面用と印刷用のサイズ・配置を分けるには、表示資料ごとに画面表示設定と印刷設定を管理できる必要がある。,requirements_visual_print_file_output_e1_dependency_integrated_v0_1.md,100,TABLE,requirements_visual_print_file_output_e1_dependency_integrated_v0_1.md,1
REQ-VISUAL-007,PRESENTATION,REQ-LAYOUT-002,印刷時の不適切な分断を防ぐには、問題や図表のページまたぎを制御できる必要がある。,requirements_visual_print_file_output_e1_dependency_integrated_v0_1.md,102,TABLE,requirements_visual_print_file_output_e1_dependency_integrated_v0_1.md,1
REQ-VISUAL-007,PRESENTATION,REQ-VISUAL-005,図表と問題文・解答欄の分断を防ぐには、問題内での表示資料の配置位置が明示されている必要がある。,requirements_visual_print_file_output_e1_dependency_integrated_v0_1.md,101,TABLE,requirements_visual_print_file_output_e1_dependency_integrated_v0_1.md,1
REQ-VISUAL-008,REFERENCE,REQ-SPACE-001,書き込み対象を実際の記入領域へ接続するには、問題ごとに必要な記入スペースを設定できる必要がある。,requirements_visual_print_file_output_e1_dependency_integrated_v0_1.md,104,TABLE,requirements_visual_print_file_output_e1_dependency_integrated_v0_1.md,1
REQ-VISUAL-008,STRUCTURE,REQ-VISUAL-004,書き込み対象であることを明示するには、表示資料ごとに役割や設定を管理できる必要がある。,requirements_visual_print_file_output_e1_dependency_integrated_v0_1.md,103,TABLE,requirements_visual_print_file_output_e1_dependency_integrated_v0_1.md,1
